PC1,PC2,PC3,PC4,PC5,PC6,PC7,PC8,PC9,PC10,PC11,PC12,PC13,PC14,Outcome
-0.32573276788338795,-1.618562570208271,0.16089963715486022,-0.30147533244998215,-2.189460398116004,1.2489291585590219,-1.6142366895193176,-1.2442044905584004,-0.2527449077296855,-2.722788628801411,0.06071946971584993,1.7106453378866902,1.0765639726758522,-1.1322278251536804,Yes
0.6239153738280131,2.5807971601115045,1.9474580729549034,-1.9005964433526992,0.41587321135491684,-1.3567519155675596,-0.5287545863930205,0.6417449367625894,-1.3116276656455679,0.12301501386705177,-0.5468056795220885,-0.3957960297923779,0.2801447463988627,-1.4268832275128507,No
-2.4060613479024973,-1.1069342864799516,0.49674572019098956,-0.8661955337261918,-1.4508752255727577,0.13538300013547977,1.3442693038014688,0.6789490301275742,0.1658939682059237,-1.5823019915800118,-1.4997841855613276,-0.09521865880195428,0.997800422410893,0.7231444165350401,Yes
-0.8527872816884754,-0.26432000911489334,-1.3350102578643097,-1.3569435393102736,-1.2347427881876567,-0.19094962613416508,-0.24047458954233902,1.2641530282987552,0.5496094944736248,0.1905032230787003,1.0553519252624346,0.6613913143134776,2.0314660135070306,0.6995240247569185,No
-1.8805921823741258,-1.0989278808080805,-0.34264028226959825,-1.444628762799649,-1.0930321869075694,-1.3904582602840658,0.45352051453473324,-0.25647215395441525,-0.38999863863244827,0.02874607470389112,-0.4803170531182105,-0.14679005443120208,-0.426614346355391,-1.0233293434583755,No
-0.5927517372544777,0.9253167244489755,-1.6982560777841236,-1.2025839556013111,-2.135472992196783,0.2359971692965824,-0.5701718264747739,0.39434301085540313,0.1378998090106459,-1.0139166800481634,0.09244596280671355,0.4123675678915888,0.4774347283955474,-0.7433155321871241,No
-1.307291133481245,-0.032040293799331244,3.446662303506306,2.1476844477739725,-1.7892254149026254,0.7235660318711787,1.201350199957259,1.2081127827270233,-0.1153449467387362,-1.4498771793876135,0.7186961708753774,0.38033073362465214,0.09808507621029545,-0.5215515736513792,No
-2.9629071312417286,2.2195394270222137,2.1889539890779846,-0.6244724799734533,-1.2252211311537562,0.8720071085108515,-0.9795472972457702,1.6705145738308826,-1.183239513269861,0.08539663772403448,-1.0266854959272684,0.5527017493047677,-0.6097991491030441,1.1675898958967814,No
1.116031772414686,2.6525973023907676,1.596777869069744,-1.5482560407996493,0.5079487755202902,-0.02475407568927674,-1.3512411006442961,-0.3280414121136091,0.903422636638957,0.4425052014996058,-1.0833123438588974,-0.21553754529585645,-0.6019496069807262,1.24340457692882,No
1.1933884904687586,-0.18444851207287197,-0.41970884161434674,1.7215950205912307,-1.6868338146604827,1.174454765263523,-1.2395163158725022,0.6078629357655833,-1.2808437512974202,0.22966685803561412,-0.4005090099682945,-0.3767775151891778,1.436297212827449,0.30041899319775656,No
-1.514402741778867,0.16626446190584088,-1.018671760525984,0.9499393027666462,-1.3125070153850773,-1.2052490312720305,0.6887537835420072,-0.7348117735561277,-1.6631625158681949,1.4328767024093951,0.9775331884905306,0.7619275726765048,0.22920076441115175,0.48236531368868873,No
-0.2251306027295928,0.7523851036946848,-1.8476765784945208,-2.2251177561061026,0.06017230720254643,-0.9215497758638928,-0.9220688139477384,0.00036914552849392736,0.07798459965053765,0.6892250550879762,-0.9546744727980334,-0.8768308943838976,-0.37613507483754954,0.024643531722327857,No
-1.5570665713882903,1.0678964965637585,-0.5128819317729502,-1.0157900636711337,-1.7824715313982942,0.11308197846860345,-2.4401416372126463,-1.0825350908895957,-0.9275737745477672,0.9414565999200676,-0.8392419797168138,-0.5326402402172289,-1.4115021779618682,-0.04703761417189651,No
-2.1268340827988177,-0.08466441167510039,-1.0987973200371486,0.2884709304754706,-2.317294254218185,0.5797852943619946,-0.3031837710785377,-0.19972370981633297,-1.2128771886225107,0.8405018117000186,-1.5403092166904793,0.8918027799937142,0.21161371511116228,0.4510508109262331,No
-1.913560502017801,-0.05492182658588545,-0.48601153287244203,-1.0834069260645651,0.7751556507102348,-0.32286332461918815,-0.8237791314553589,-1.0135500999550913,0.3804411104044239,1.0070507276963225,-0.5238207402817748,-0.7790056074708614,0.4305287046190839,1.0859872527452528,Yes
1.9482241709686032,0.4558432867629114,-1.6356691436158444,1.077519524370485,-2.291457072911639,-0.8256294238030842,-1.175937937129936,0.44358058962440555,0.3562607722109636,0.3830268052790965,-0.3433873972699451,0.838977182172978,-0.27012198908415586,2.01176108258889,No
-1.4766205010086675,0.16020657654886847,-1.4268856489640875,0.6116048889116419,-1.52606174021525,-1.180636145345395,0.9613094467610094,-1.0049921428610098,-1.7852243578285978,0.6682582198439031,1.0713895261761415,-0.1633773579542783,-0.7311352320790298,-1.8290385964622327,No
-3.101200084055739,-0.05816408226340073,-0.8158483948979335,1.0209197606510159,-2.4002928877192664,1.5618843894377348,-0.5874241505743556,0.9552723801877981,-0.7098377047880139,-0.11566370125504503,-0.5160538644156683,0.883555177066649,-0.762671379530832,-0.5307336912844266,No
4.782083061597028,-0.6245471733732816,0.5073400974868658,-1.48289789734932,-0.998836850332214,0.15227640625529662,0.6208051422066262,-1.542706695373034,-0.8485788129541678,0.43460815501406475,-0.13110429274927912,1.1127843146496705,2.0981967961554293,0.15273599523973244,No
-1.5107503231150337,-1.1103486475554072,-0.6701251498251689,-1.7339372460834235,-0.9929488601624753,-0.3794107431244172,0.4456288233731424,-0.00862729044087232,2.0828063381497333,0.3497403384396605,-0.0942018612469279,-0.21249698191757538,-0.3392177410693227,-0.3487039008054099,No
-1.707821893431545,0.8424731658259297,-0.44885080726241566,0.4450162861200676,-2.307763114124723,-0.9574917659082158,0.975346810468776,-1.3311470145422057,-2.1178330949223807,0.8379011097347429,0.6701386980326319,-0.01727732101960344,-0.9363021500130989,-0.802460153660759,No
-1.1451767909496495,1.210527194035209,3.119432462737249,0.25319789237432927,-0.6597883060309436,-1.31890254040094,1.1699003460312816,0.17709765429805896,0.47964912842766516,-1.1144140123566193,-0.4093786559350541,-0.7749365653975201,1.8895336332845478,1.7153913850539955,Yes
1.926093623109976,0.10097758291012233,-1.5233938905702116,-1.000600175515261,-0.10651288430989378,-1.4535886157663542,0.2241569805465028,-1.692869107806858,-0.39047573471324204,0.8134150190147732,1.0050952829089068,0.8398622197411104,0.5585156336148327,0.5494171439282906,No
-3.3979011334635167,0.16774094828901476,-1.0255217587097527,-1.2588800608818551,-0.39787913313529266,-1.136184174868136,0.40585080171956567,-0.25199842783723525,-2.084344993988846,1.7991183228601886,0.5493035868190819,-0.13072340375204755,0.5120272898699174,-0.5357079974154426,No
-1.642838103271975,-0.4085799503112731,-1.109813744331845,-0.7111117466288376,-0.7937458315148727,-1.901087767357064,-0.3289525477059574,-0.11690836911010088,-1.3647575273863817,-1.232191818409038,-0.7301382725914061,1.030721556664644,-0.18041920208449977,-0.020445094728237523,Yes
5.119539707214095,-1.529120760719706,-0.1393660010790796,-0.9878852298227452,-2.2687420373583493,0.4478060605705453,0.3748294079265058,0.3011290527254822,-0.45376586179488015,-0.22671841896012268,0.09306284209134362,-0.5842246190301121,-0.18120069902492503,-0.10586359189213942,No
-0.41689440646781656,3.5563238719546497,1.1984158522676394,-1.0093749365880438,-0.12201060412983744,-0.8227644212600362,1.3775906866496255,-0.6243373680716783,-1.7297884557399368,-1.2113507029235897,-1.5436918634356185,-1.5590642978667575,0.6823376072074225,1.9443119019095132,Yes
0.5635416520949382,-0.498449112954074,-1.1152019010436334,-0.7792937469757748,-0.678579490695771,-1.0186377297839864,-0.879688482228296,0.45764702098552873,0.5335821813241665,0.8320637957254502,0.1530146722981708,0.19091170540793667,0.7559101371129954,-0.17715025811226953,No
4.186428247108899,0.7844673351500008,-1.1424505768791124,-0.873260665461254,-1.3015670937549106,-0.31758867341395125,1.2749426377741602,-2.1044298852933143,1.2451073179682,1.581364843470237,-0.8219352008177628,-1.2399047231184275,0.4430008045793413,-0.2875671665572963,No
2.125361622705765,-3.2647328175605166,1.26367473167997,-0.9849653874197573,-0.7001266553373566,-1.6963893717880008,-0.5871671060379551,-0.9775061738560573,-1.258016857670691,-0.9783364682102933,0.4306716970860057,0.5862693328574403,0.1989151954717243,-0.18469427328420357,No
-2.252339983895541,-1.330449780868087,-0.4948082971806843,-1.0842192973554077,-1.998473952939738,-0.7588638542603804,0.7310345333735663,-0.10585164081258815,0.5927750445934187,0.4618222633774978,-0.4613104500550154,0.11839196339257912,0.45873111860000426,-0.37159686780038215,No
-0.44043766566058434,-1.1396705036991601,-0.1725366424613085,-2.088287443751784,-1.1117578208418801,-0.14934538817515927,0.90935758103194,1.4855367823662995,0.27618550891823435,2.3855270454613615,0.9651697602612538,-0.008318049090363386,1.3042927724579743,1.4573309179143272,No
-1.0704317005594457,0.8156033700332057,-1.584426912044378,-1.2904297503056228,1.2011161525089502,-0.20813385707928786,0.4907584358418081,-0.41626867462623107,-0.6073935033844257,-0.48494703115223087,0.0007594461593257655,0.20479353570413317,0.855079615548824,0.050263348052102405,No
-1.251765848445405,-1.2277940975966526,0.16566193430235265,-1.30552909927317,-0.7602262713498629,0.1666675229228736,2.6931424098884453,0.9312475912904906,0.5220611870319937,1.77099889161039,-0.054809648089925764,-0.37678013400382593,-0.13259243643955906,0.5492276404068454,Yes
-2.5280174391631123,0.2444559797262777,-0.22543052950755885,-0.2791123222013572,-1.626405361829139,1.4045641114771072,0.585437385796039,-1.479195437780558,1.1841401391119506,-0.9209161306134515,-0.3070001924530165,0.834655491229924,-0.2102495406335292,-0.2634775081837624,Yes
-1.1840884998073549,-0.5154887722876448,-0.9319220330446236,-0.17346052946899376,-2.387786979159208,0.32441967874088334,-0.2195884327535373,1.9616088684121369,-0.9293435539635942,-0.01191570974601748,1.170428535024027,0.13802667625429216,0.3038913060521625,-1.6796478192361792,No
-1.6768380222494605,-0.36913284203787633,-0.18233777590356456,-0.7317955693109008,-1.5123205388525645,-0.7288100910578146,0.8654155853853225,-1.733422968575687,-0.22189343423628313,-0.5608475126101038,-1.8057549283092134,0.4263139892732737,0.41783611592485415,-0.024519941843172393,Yes
-2.0778560665495025,-0.028722676394738883,-0.9047209957515101,-0.4221480308003976,-0.89259934186351,0.40380651702318926,0.686035764970173,0.1456360621252982,0.516935185409222,-0.6992506412494172,-0.06127047497425161,1.5443559233415047,1.0471804904294506,0.12357586422728352,No
-1.9145661234506937,-2.008401473275303,0.8442548015029441,0.20390603709119248,-0.36530746620173804,-2.318529290182464,1.0804524405425608,0.26528874998736207,0.4195042227174642,0.35561102622257873,-1.6713189851263675,-0.36312786587306745,1.9812774355035827,0.20034855413749547,No
-0.7543035037067253,0.3168422612775455,0.30012647281612004,0.6163324336680798,-1.338469616053017,0.3451151130887732,1.7133276164787483,0.9527597897711031,1.069918108607875,-0.9338091198700604,0.3168667406461688,0.9037756244284345,-1.1277938495689723,0.9859103169287772,No
-2.7630656174306036,-0.4887878640905727,-0.8510648563392079,-0.999608747286248,-0.8826063616547308,-0.018363772850717525,0.49998855280186305,-0.15446944581234479,-0.047657230824411256,0.5717482263295475,-0.5991833295033556,0.6239001327646918,-0.2640978089213679,-1.1630723566185905,No
-2.793489179059102,-0.6012321473811854,-0.8328098985984455,-1.2798879828528813,-0.5837492245521751,-1.0147092852718713,1.4842873477292744,1.6581114839864073,-0.009566351356605683,0.722812579047995,1.7788679597466117,-1.284466300183921,1.0847472066568664,0.9904621338095869,No
-2.8470735884985108,-0.06421099395138945,-0.7014528992244679,-1.1028892117838613,-1.3044919288968808,0.9089462408214132,-1.319648385094928,-2.083435532463022,-0.6755931833002317,0.14438098110982292,-1.6629465939492936,-1.3471038587496416,1.126995659682358,2.0951407981725354,Yes
0.7405632982216415,0.5643995696105428,-0.9548327761810337,-1.6367550464620346,-2.105650329621319,-0.45826244644749264,-0.9774540827183799,0.758068324961887,1.8643046744491367,-0.15003669988223775,-1.3036231837051329,0.29565421722939417,-1.0698087792494368,0.8201859857880767,No
0.49764804106340305,3.302941599078444,1.2861843839392684,-1.9567714001052445,-1.6991168408991706,-0.920575722746432,0.020732854617027646,0.27919846402286447,0.6534940214426612,0.19507410161969496,-0.2897027933994183,0.5298330312522558,-0.24451957103585353,-0.9209421103735906,No
6.320620645059076,0.5423865289718623,-1.441441464701725,-1.471869996387897,-2.154807801761201,-0.41490054747001154,-1.5533177165155827,0.07209076717995481,-0.05511166832329059,0.16885020269523174,-0.9930464334536284,1.0484221675531316,0.12079120801305755,0.7691864838743557,Yes
0.6876671331310575,2.8630993142114507,1.198736079935215,0.23927895322925244,-1.6508426172229504,-0.8357991414150012,-1.0855469257064936,-0.6264614820971732,0.24600362485461222,1.0245789472830764,-0.4322015188549718,0.32971574427582223,0.7584709005552229,1.398384749927427,No
-2.2422478512134583,1.2421847995579414,2.800803745338952,-0.05741244194731895,-0.16875492220003024,-0.7740667182193286,-1.1440721862718495,-0.9245825139749929,0.07773766077932939,-0.726379649073415,-1.086429862076257,1.3497512470010324,-0.7347455266937123,0.8884326250539122,No
0.8309042318578961,1.3537128954958892,2.5659801772046134,-0.08346622413917582,-1.6469026267466254,-0.7702300402223093,0.8676313907868156,-0.9986477478910908,-0.7319141539137398,0.8741462042466966,0.8527123203540955,1.2067740015448762,2.283754140421885,-0.1619753572043348,No
-2.7366925427155624,0.4184967899875168,0.07737558820518035,-2.104339502228106,-2.76692017782935,-0.0014856823424834532,-0.1369621143685283,1.4066668921972405,0.5715438705676352,0.5403936937631117,0.001104109976144332,0.3430219768861908,-1.9378608526646919,0.3748351101949403,No
-0.11048046958500901,-3.1530954815231786,1.6509711955529902,-1.3438045849999678,-0.7143421138891073,-1.4723157467500205,0.14514053019956366,-1.2916746145925924,-1.2099370852242683,-0.4290773218565164,-1.5080349975139564,0.5732412250094673,1.0828402717487229,-1.2993109756320813,Yes
-2.063262417305676,-0.13907815855148406,-0.8651164613768176,-0.8818400460052996,-2.1824070524641974,0.24803815020970363,-0.002127028179112289,-0.16937804911609589,0.7673076254854981,-0.3242919994907119,0.950864674636092,-0.3246706967671847,0.9442428372669183,1.011037130977724,Yes
-0.3482816831257846,0.4428955647292606,3.2052079869885404,1.212995683907526,-2.5155352043804706,-0.9315531042138891,0.8177550659407721,-0.2820056176587435,1.204152238302776,-1.3702409771296227,0.07720347360637196,-0.5006296929707988,1.1683694781388723,0.6120328894755488,No
-0.2847790339040429,-0.9575955899575904,-0.13492785474057117,-0.536981521141088,-0.5629106785702215,-0.5789250321592032,0.7029737917518669,0.38957480348600226,-1.350709636539236,-0.910045463975063,-1.7625540052532844,-0.49451149300290914,-0.11879822726928063,0.9813866879756854,No
-1.881488968584064,-0.5813239320925895,1.2612115781564066,-1.0711344630601378,-1.3237939558239291,1.7133663111329813,-1.8216986184610873,0.3363955418967803,-0.44633932627199197,0.6002927606287247,-0.554403467616326,-0.8434296181755557,1.3130950575274012,0.7564063859793825,No
3.5377740335095655,1.3327111637243114,-2.0948634169966227,-0.7303455165196873,-1.4906958006161404,-0.9462282221022469,-0.3431115844766962,-1.4372210235249312,-0.562490428536689,-0.35442514769961025,-1.1016066103310709,2.2901700742120488,0.41506695392022175,-1.3735244262233082,No
1.2051954955512152,2.1512480309349926,2.0787015933312323,1.0652549634324213,-1.4881559849327175,-1.497618931169411,-0.5711891018860143,-0.6540617619045364,-0.04697916969835653,0.42245488636142614,0.3768441852430305,-1.0126879835840925,0.5757925512138874,0.7625296409659437,No
-1.5926877420191263,-0.3801156859981016,-0.05913959894016493,0.015768507401899813,-0.7361772927776968,-0.5188325627219585,-0.9143045941531953,0.780662726476393,0.453378844609031,0.956813028241106,0.2539644725373854,-0.7893403567995148,0.46673596686241314,2.081616141071254,No
0.1757563642481997,2.2232489332286858,1.8800371977157437,-0.910121553743184,-1.653881503680017,0.02947632642045898,-0.30754580167452716,0.3897140127633049,1.5172296649214154,0.7077656933720692,0.6486211967003976,-1.0932759672194723,0.21852620949875987,-0.9048997662055497,No
-0.07304164366153594,0.6593085539490224,-0.05420534059909515,-0.5895863337174819,-1.2849234102178628,-0.285079103140121,1.71053265615534,-1.0260887185451537,1.475634638072674,0.7486678930215088,-1.877025285237847,0.6845006827025504,0.7905672690789881,0.8221544437654781,No
0.9157125100478739,3.5165906724994285,1.1135857241359635,-1.2014565038278928,-0.7328249950161316,0.1621257846174596,0.8681948432454298,-1.4115829878981954,1.2842763921796,0.7537848465007199,0.3082903247280738,0.8941576378914432,-0.12089645664756295,-0.6981336642253099,No
0.9533992387412005,0.4227923713305657,-1.6922736229613666,-0.13037379845377273,-1.5624916083648426,-0.5579177898092942,-2.042145527098167,-0.09122973976292499,1.9950239967381118,2.26848602593965,-0.44934634613259433,-1.028886251790865,0.5183410065831785,1.2942349824528314,No
5.853135626677012,-1.0482253051643522,-0.21617064824780982,-2.065509258829602,-1.251941214207804,0.41175464060897765,-0.6146340649133838,-0.6308661848596885,-0.8778692208284661,-0.5068510540899361,-0.8613430031867585,-1.058687739380889,-0.05489717410876727,-0.7193035934156868,No
4.927907656749758,-0.5472311545367414,-0.5897489536923374,1.9050041005619482,-3.1707388277494135,-1.6957485840553879,-0.5184135529430207,-0.9524410386621943,-1.209685722733613,-0.5280195309865322,-0.736389057036086,-1.4405712936410642,0.8476357750738522,1.5480943609129427,No
3.7188537020263626,1.5056655454209031,-1.8852617670887737,0.8228594351156194,-1.5826344474483753,1.4487006927071437,0.5365760264222094,1.151243310563941,0.5471555652003842,0.14100894798424835,-1.2027432635480788,0.4543084253086079,0.4278018400089355,-0.3982617296744258,No
1.5487580587006282,-2.435007369942836,1.2765222017822029,-1.0934484516734484,-0.22812600962701612,1.5945838476100263,-0.08759442806903822,1.5103690843789692,0.048404029107602387,1.0103715442780146,-0.4974967377376687,0.28249820071674586,-0.8682965041191278,-0.7724022507020691,No
-0.641307622774474,-0.36363566359645355,-0.5453305034984441,-0.5589167713332176,-0.5184783041704694,-0.8646339483072737,-0.1680880766123973,-0.37666250879668073,-1.7327131514869405,-0.2418171474636907,-0.6156127320512673,0.6509772330301256,1.9570699429752074,0.8423479292630194,No
0.2067701911904285,-1.906464194217285,1.6343288919503185,-0.5756162596971287,-0.9728953127875023,-0.49134740201955135,0.1586975307097064,0.3125929718236621,-0.9725148741980025,-0.4268201982273167,-0.2794939882016126,0.8089547907092823,-0.011196328223490476,0.9886967623562524,No
-1.7979038310151916,-0.8302867406777885,-0.37053607952881457,0.536908446383082,-1.8697872460545912,-1.7484607203976044,0.18828497235204544,-0.6275220760507549,0.35839415020941845,-1.2217749696387128,-0.5642855082024,-0.7017967444866396,0.04539784506079516,-0.8589734446821967,No
-2.529495782533445,-0.02014593631359338,0.20735943479410857,-0.5854022943809162,0.5568204335788697,0.9807969737105576,-2.158077642873844,-0.30196070037002565,0.4450382291936314,-1.4133392815276462,-0.9095005394362806,1.0650757654071739,0.9482413775512009,-0.8899406196231672,Yes
0.4632938424336937,-2.4351156605366766,0.7292401582025957,-2.2239338811076395,-1.6033875731031797,-0.15021519793664836,-0.5582020363346869,-0.8733031029885463,-1.4567416047168202,-1.0135737632693314,-0.24161149138043542,-0.27462467460580964,1.0072840384185706,-0.91492938716356,No
-1.60485624725533,2.6567781154322874,1.764937312222772,-0.07720665137772886,-2.164255669666145,-1.1680308473934935,1.2950255848459975,0.9486091417770175,0.1657713518620815,-0.20407596411528356,-0.46542398482040614,-0.2135851903162868,0.2956316330712677,0.13335652842099022,No
-2.5594825879751437,-0.08505658291959045,-0.021510699512737357,-0.26451019420894906,-0.5342108272930977,-0.9176683922650947,0.8953293519724439,0.14172786145088373,-0.1903858941320626,-0.4741163832902623,0.9665791766051177,1.0266753788132874,1.7925709188276286,0.7149443425302852,No
0.14966383001901865,0.9031547489096942,-0.6236710162487702,0.456502038520926,-0.6505953767818348,-0.1805271510496929,1.371317298672393,-0.4689314968420447,0.4363416160915507,-0.27610026167483814,-0.5757304234808126,0.7043707371373061,-0.25010627974600147,-0.510246265069571,No
-2.3382458873820884,-1.0798732502405612,-0.3692070060398601,-1.1862653921936719,-0.2198603455051883,-0.4757936595938986,-0.4792929260673742,-1.0980094376432517,0.48203609588467494,1.075112161303936,1.3743754784221938,1.939914699253713,-0.2024427429313424,-0.6672437550098838,No
0.42117609645209375,2.780419361395579,1.7122881177224092,-1.3045763423604637,-1.170172254477513,-0.9495774260216967,-0.9731329214857845,0.15090448063100617,0.817408598593412,1.1683510510158173,0.5021855807650734,0.7240456002561908,1.1120947291578298,-0.4415357324293927,No
1.726741568352432,1.2180879189825486,-1.6086343436563886,-1.450219729667465,0.4185043293177625,-0.8036012734490445,-0.5471065907309894,0.06327841899651783,1.2605939787415235,-1.052134679037457,0.39781662128891776,0.52680947207362,1.7379484298464347,1.050675855835813,No
0.12894187157554038,-2.499534957760294,1.1181966548983069,-1.3087040050401977,1.3040261456943447,-1.6676372841807494,0.4259226270587693,0.4563965857524498,1.0281200373068975,0.056175583180759235,-0.0467017833634525,1.003388988847353,-0.39544154707454116,1.171913279577898,No
0.541631772373363,-1.6996800317180687,0.5478413228792518,-1.8589129420511736,1.1521944816866756,-0.1268806737768663,0.2683942772255829,-1.5052053347625076,0.5287453318508774,1.2045174972595336,0.5889884903920559,2.460576055793475,0.2650749333674505,1.1995730677679795,No
-0.3768215665824651,0.09778330526772361,3.705911207858969,-0.1703546336081288,-1.67606738866663,-1.5202420990067478,0.46106300165317965,0.41111235762075504,-0.322189086870569,-0.37769021362190425,-1.050709902032835,0.007428851979273782,-0.08165848451569895,-0.7928559852048236,No
-0.3005545183130755,0.34211658179675125,-1.3770670245155594,-1.784911481979412,-1.0247948700412042,1.773728843867259,-0.7103082902265125,0.9313403097248355,-0.1887921430775883,-0.9981335392678992,-1.452185074518647,-0.1305090121710038,-0.020403777978261022,-1.904290173925959,No
-1.33610014851606,0.8123616574669327,-0.16230615043211144,-2.1709523791407195,0.1249974913439356,0.9350766482797699,0.19879502473815855,-0.4915243315724417,0.2783190015376751,-0.4609661642841872,0.7929990941748984,1.1856067908658658,1.8158323583814533,1.1114826996968816,No
0.5211885864378336,-2.3519552650006643,1.169772730244524,-1.7008342385030868,-0.30952126947987824,-0.6385051448233758,1.0323389863231807,-1.579027005071851,-1.2256746062807822,1.4033452205598271,-0.028146835066100728,0.5746911338747976,-0.6754749991234974,-1.9930610330605079,No
1.731573580787856,-0.19847425069597438,-0.782113951774409,0.014614203669234181,-0.3842258214800583,0.6389707789515955,0.6512923640148038,-0.22175862783719824,-0.07769931752523566,1.03945884559547,-2.4075820930214498,-1.1390594144633595,2.2536445435309216,-2.311780428742829,No
-1.2647095246586009,-0.11134655785358048,-0.3314985296812418,-0.49826169060173453,-1.4785796565859923,-1.3117237902674705,0.3753139679693615,-0.7165439630787233,-1.4526501506413603,-0.8826895813798978,-0.4983831451339218,1.7218764030843696,0.6173472162810472,0.01720163457162883,No
1.8226735767538627,-2.422680555889353,0.8661937097916177,-2.4668490270815253,0.05279440817900165,2.569046256821044,-0.3560473438667742,-0.1738754679971997,-0.201081474587695,-1.2884438246023895,-0.01727919677798457,-0.43937472258035465,2.0038265673225317,1.0848769352524636,No
-3.071894111122482,-0.334588060244681,-0.8353518271058084,-0.8830052070785002,-0.48591991501460297,-1.3035418245783688,0.7794565108702046,0.6087949422796035,-0.4842931352717683,-1.0528894472277137,-0.796791213729246,0.052931934061211994,-1.1023138545100146,-0.33023146236062045,No
-1.007781951828714,1.249742275332942,3.033023554819444,0.6791190423547953,0.036048593252466954,0.3055501204365145,0.4284939534154115,0.7453631302485749,0.2956267725911618,1.1528000614659082,0.450062884487496,0.46404063381275135,1.5687303714258511,-1.5294501283321686,No
1.403142183888013,2.394158224207298,-1.1715740575267337,0.7863977009741331,0.46936326333204553,1.242057377589988,0.804040297213793,0.018578154698961888,0.12357693999276473,-0.006373894387841797,-1.341801323752345,0.8862606224242086,1.8847505432832277,-2.328703368553148,No
1.5462813241524673,0.49463018576918094,-0.5424559829858814,-2.159855223598919,-0.7397636519969936,-0.313993442626323,-0.11074767506150973,-0.2537952398471024,-0.45298201279791117,0.6729903412869117,-0.8887075916636349,-0.3182218034192408,0.29589622879088473,-0.3485551796416854,Yes
4.211470603844908,2.3739937384611056,1.7276489676693494,-0.7195360720454447,-0.5372642252214339,-1.2430465604037069,0.11732858878405979,-0.4878325821960975,-0.02720538102554968,-0.7581786565040839,-0.11725950965666572,-1.218236004519969,1.0579280427939928,-1.2756227850956834,No
0.24582732344726843,1.633446639871231,2.5946785742969207,-0.23045568331067523,-2.1598508851341682,0.013424536329804629,-2.015823533229902,-1.2982897038040064,0.3703668430378317,0.5469218435643339,0.6100225322079443,-1.2979997956250446,-0.04146729842612844,-0.25825477322311563,No
0.44001557638883104,0.774521791479936,-1.6285504074789752,0.0747283327809076,-0.6640598274728846,1.7626881751533592,0.883000453977367,0.9784542274135591,-1.4509573455635265,-0.9945391617519203,-0.28000145604376675,-0.6694636556981944,1.2617145892616712,-0.6460642962459122,No
2.7871134139488123,-0.05624641313539958,-0.8957997049214541,-0.9957389894371009,-0.45818955276224055,-0.4765767437970206,1.5997150446474435,-0.497489212465131,0.3880101552057274,-1.1123862369517554,0.15047664297086874,-2.3286332246249395,-0.054137539102730184,0.26884802661292206,No
0.9145827405007746,0.9424808892403232,-0.7230360913797709,0.153517127763796,-0.8431178017432733,-0.0353954842201315,-1.425906950533278,-0.5095165857930103,0.45531805284613036,-0.8861910184779973,-0.1537276428682121,2.9467283892312888,2.0631424331833705,0.43374727060795565,No
1.1902587431759162,-3.1200184450426103,1.5512749688813108,-0.1085241648470216,-1.0333178605801476,1.638549309631681,0.8024800485746604,-1.734902616445579,-0.8967728724434799,-0.9177121374935298,2.427952327414673,-0.04327293849999522,1.5750571342196966,-0.05860695608723786,No
-1.9316881015258842,2.377157182222102,1.8690844326475895,-1.2635051612992316,-1.3138444633323734,1.6125262169555576,0.1611337971585595,-0.9126907743869004,-0.4191767645603846,-1.031819812678077,0.5989899875516105,1.3650880180946634,-0.3775887386399609,0.5211372654167734,No
-1.1732837183896097,0.5480096005943246,-0.9063290512548534,-1.481647726691545,0.30790370643759285,-0.9997272778320275,0.8829937899544426,-1.0837537012606244,1.3124984957615815,0.8557361246474479,-0.3961868471899447,1.4709800585786323,-0.6744211568616522,0.5108784091166301,No
6.0526412579111355,-0.4756070529571369,-0.507785018517322,-1.7147111229615914,-0.6613630191992459,0.3067356655263516,-2.2544738977916228,0.009664996177708681,0.725815443746696,-0.2212263111720667,1.092603857696058,0.43373533921068014,0.24042639456454662,0.1256726391028474,No
-0.526767856898883,-1.4430520064700956,0.10804954693986875,-0.019152547662427848,0.4866640621882176,-1.2237170604841248,-0.9040757358589552,0.14261223179694132,-0.9369372681059538,1.8908872783340709,-0.5193704866595534,0.8604163855146832,0.6366805858236144,0.5830789142878047,No
-1.68341448983577,1.0593938504391738,2.698549318974134,-0.6770051538536435,-0.45185251537585225,-2.474762597102849,-0.44377188640655735,0.743172169618866,0.2616196740879451,0.07509092925774544,0.9949814125054567,-0.09792754160001502,1.4029315441945092,0.19614624115899842,Yes
-2.8237123472485117,-0.5089822662886252,-0.816679329088187,-1.5926284963172823,-0.892490085998809,-1.9293778796404442,-0.1876128069803716,1.42594533294065,-0.7219262681385976,-1.3230227335345812,-0.5575803140441603,0.26822967745733567,-0.597902981147785,-0.20399870194434544,No
-3.038109903349924,0.6495502427382572,-0.32536741747732456,-2.0566964482700447,0.3460928408937709,0.5783082619220993,0.7247692504847434,0.25758086367216715,-0.35848759783047623,0.39199324747053044,0.5102760799235101,0.0747690517276481,1.5661261870054253,0.4929994546592053,Yes
1.9778026430049778,1.389835927441741,-1.6669658013785649,-0.6941725334242012,-1.1985127599721526,-0.8470270968708292,0.2150655466068185,-1.5374062333650358,1.1365761918601236,0.8376287421739914,0.5489096276984016,0.5909646314699295,0.6730985070078945,0.5652295841585375,No
-1.175993445958369,-1.7748685008748393,0.7045076267899133,-1.2567612906994534,-0.8144271868372965,-0.41352902751062387,0.7686359900216826,0.8443095699753532,-0.8004369355764634,0.5086081978924151,-2.3417590823663272,0.9356144443619071,1.1556834517621404,-1.0737750403718886,No
3.1836499232769455,-2.097159890333592,5.229802252606834,-2.6587101156704036,-0.7450404081323116,0.8698844973546631,0.6693813779766903,0.7418034937179008,0.29798186726914566,0.9174023769721213,0.008222759178017494,-0.5485528607905922,1.0340439142975415,-0.06023496195665864,No
3.1807621671737194,-1.531050256708513,2.036558996444155,-0.4911361271847614,-1.3178311863080239,0.4494843299254235,0.2994713452104362,-1.9292681279672335,-0.4463186882856348,-2.2224540004104223,-0.2260554671724213,1.8313433454364683,-0.7457253574821374,0.9527980348072846,No
-1.0579961410318601,-0.33046811539517496,-1.295562114165273,-2.5623247486759664,0.44764255428133126,-0.9993541838719688,-1.7320302327447563,-0.30391063484840813,0.40998864956845543,0.3459564537866399,-0.6135734664119207,0.5948903414762056,0.7604781285820479,-0.789250909396873,Yes
-2.44369995631324,0.029548609071960903,-1.400490086387759,-1.721399806783491,-0.5143463275889433,1.6094974244260696,-0.6130930734771022,1.9097252972870788,-1.3447615116447664,0.12769109015650015,-1.2409196430562448,0.534013060754119,1.111176348465871,-1.0950564196997528,No
-3.1023715950985182,0.11979212416929222,-0.5891772577048163,-1.5244252771791456,-0.042683506756731486,-0.2942499006227178,-0.10434062996905752,-0.9283723308716273,-1.0314794504406068,1.9503885389742257,1.1174600457044759,0.4734691711735185,0.6500243194061154,0.292474819579158,No
3.9044293376200727,2.0600793275766462,1.8741425875042779,-1.224890192832773,-1.1986861993479443,-0.8076910000166326,-1.1325247778170493,-0.6448700745912591,0.5914273555976467,-1.5559000030830774,0.7443340505696261,-0.23406912952188583,2.303005026598032,0.6233921478074594,No
0.050207249459787814,2.787459379536628,2.1564128212240186,-1.991660805022419,0.16772781292980196,-1.1192032454020768,-0.06963365925475512,-1.4710440180817026,-0.848519425955551,0.5367657183583053,-0.8855889032076318,-0.29436928098005033,1.925461332713166,-0.3055258640339126,Yes
2.606499821226292,-1.930315273584115,0.38794028875263614,-1.783125309809307,-0.17445279642017963,0.12453103375357481,-1.5805930377122095,-0.0428542251575798,0.33987064174998244,2.201862283491452,0.7659786800004026,0.31620283749990646,-2.25200911837381,0.8745454157619137,No
-2.0289669655366995,0.626342998857612,-1.488958009731518,-0.842691854036537,-1.4679733462242688,0.4243693277976727,-0.6548167100807103,0.1397984877537088,-1.1396709364345525,0.5372863278832641,-1.096062189554053,0.5846416665158347,-0.8495218898519988,0.6551878662764384,No
-1.4075322901375218,-1.6807040333500562,0.886852694324693,-0.9543984669323266,-0.2646105638183954,-0.146591297924114,0.4233001378540451,0.2935337378935074,0.7863666469514307,0.03564947507585154,-0.4944809548132566,-0.710652246510297,1.2048401113257599,0.6921219979707094,No
-0.06465232321727532,-0.9671372359439557,-0.3116823993320322,-0.805937039311672,-0.8765025016991295,0.9053677623341627,0.7633948382364963,-0.2209779672240389,-0.30627352476358316,-0.5358021765127419,0.11165361284245129,1.9568854903805974,0.8065647685397882,0.6577101809169769,No
2.204179596734221,0.3036841082064151,-1.52310625709577,-1.4912572904263528,-1.0280814046673674,-1.2123793599381891,2.1633467862686735,0.4108820176395712,-0.4793444973928283,-0.22490816039497963,0.12831344632860112,-1.9811613124517602,0.5962266360787185,1.9258753062602811,No
1.0671829328240696,0.5176204116612422,-1.0148243617697073,-0.6223028445946753,-1.2637350628711852,0.6649750776469172,1.429889893282789,0.24655447583268778,-3.0188712732862726,1.2973892341005484,0.7738925724089316,0.7127746102427674,1.1624498489857418,0.1829440939745218,No
-2.336881282540453,1.3864567344752066,2.958427450779202,-0.8363098285042936,-1.3544225726042898,1.1143677309863238,1.2138350199099102,-1.2000608500540124,1.2340075266068034,-0.21101614253195816,-0.7467578073626128,1.1320290688942123,-0.9180178531911795,0.15097801510457992,No
5.144721305044955,0.5548610095802748,-1.4688290333635134,0.007015397402032518,-0.20860563176560354,-0.20801912270358508,-0.7267355302682055,0.8016680990257756,-1.9456758742776292,2.6542615486764753,-1.7057022916691504,0.8945681115697555,-0.30249391950196347,-0.8161778893262965,No
-0.28571389726771207,3.642484279186492,2.1197794520860214,1.3908770971597852,-0.9299829908379885,1.341778880615244,-1.0577013664176398,-0.5917390206074525,-2.031939316056116,0.4110268316528447,-1.9757654980470338,-0.8217769960027687,2.6540862797082996,-0.7413062553162401,No
-0.11113390953382037,0.7408528643032122,-1.2694142336558962,0.7517115806718423,0.20900109135198977,-0.2227109709135245,-0.5217410771636638,0.6489236976835073,-1.1508284167683982,0.18306129171795152,-1.5673614311938904,2.15510120936549,0.042239100617855733,1.2456474737149832,No
0.011537363540684476,-1.02076413120219,1.461815554915639,2.5087557026480716,-0.4495680279223862,0.3821401821052754,0.3757637724108495,-0.30848342189296446,1.6307530553842529,0.19488076058447873,-1.3203949023297932,0.03799137422932732,0.5393771712248266,-0.5557643023304042,Yes
7.466576541929016,0.5251893317794432,-1.1797712770313675,-0.8380975347573627,-1.2457610619344446,-0.9815835235608188,1.5308520274471327,-1.3323148799344398,0.1872582101203314,0.5246141498445384,0.4287341356371038,-0.3960758917768324,0.158169661534401,0.36888857274510595,No
0.8464778633482072,0.8724898658936456,-0.22915213049449032,-1.0150060658235185,0.7690042540753566,-0.27108479200416286,-0.6946930260415928,-2.072944456859065,0.2771380661460708,-0.83993885551232,-0.3048482609112525,-0.5783438859792166,2.616773511239675,-0.56696166093727,Yes
-1.4747190990334929,1.2047396861698894,-0.4632593817771561,-1.6988128175134378,-0.22115247672332788,-0.44021063540401756,-0.9128357665512051,-0.1890124087417597,-0.10208678909553366,-0.7981933524109536,0.7339395157988208,-0.7351755598562215,1.4225007897099358,0.2172216676825008,No
6.823369416858771,0.5884698779741878,-1.5527229541949055,0.812465832141105,-1.4130200849476837,-0.4600529071339276,-1.3528462173305749,-0.6259840029733542,0.4255880664857947,1.1431914515577808,-0.4959876314522486,-1.66192407808074,0.23535052998046202,-1.1172415277258823,Yes
-3.463090141350064,0.7943396124782329,-0.19969675766512937,-2.113615039405957,-0.4796560020998739,-0.3588044565005963,-2.8942976032790937,0.775602676462855,-1.408970438716572,0.37341073422078497,0.37439416942368975,-0.3168164949883709,-0.7129897410101971,-0.25734187220280347,Yes
-2.679449825517611,0.5015866098841506,-1.181548752547868,-0.9833433520009723,-0.7800179318489656,-0.14948596855517032,-0.14995002433573482,0.38015853701470087,-1.308695898686116,-0.1538874391073317,-0.9467753271370669,1.6668261995254714,0.0970266909214332,-1.8665400559764433,No
2.68063174740814,0.8091729050129286,-1.194400817656134,1.556570253907257,-1.2924894904138575,-1.8446980478734458,-1.4367651594770363,-0.8144603579202399,0.3419330802951843,-0.8037279993776728,-0.2736204624389605,-0.6605902754535936,0.49880376322329156,0.6951961950041904,No
-0.6715989292981555,-1.4916371106966948,0.15760712668434906,0.3128352792762692,-1.9519026819881222,-1.1114748176722586,-1.8401389818327119,-0.17241694020097192,-0.6802349142509864,1.7354204031699099,0.0403288151832544,0.5474819036383316,-0.26721389736833634,1.0106324324421656,No
0.3953257039553347,-2.285951123014294,0.3966864679966965,-1.0007469319943854,-1.535021278470746,-0.4778000180325324,0.17540363223079844,-0.33528027394462073,-0.029354499238054974,1.026239571094166,-0.6478975784784164,-0.1180769969372389,-0.31137675183855734,0.136562026303241,No
-1.4007383208769448,-0.7179992930330997,-0.6112757536166705,-0.9741604248202979,0.8400941602379944,0.12760899355135635,-1.4811899096931622,-0.9163566203739651,-0.9731545202196646,0.7905818484952263,-1.9056236084520188,-0.24552727028960705,1.8230192463743369,-0.012023771695839808,Yes
0.9573074737277817,-0.3892811762790303,-0.5594253914680674,-0.5500878227236358,-0.7923439903056502,-0.25321914754733343,-0.5099846718612913,0.7901686171894463,-1.7899148646756702,-0.31258196516209247,-0.9237168813037743,1.3672398043290817,0.011630006022445676,-1.0047411111382274,No
-0.4835303174111602,3.9096735435070054,1.054562995260534,-0.382268363569338,-2.0939150102692743,-0.2256522983920578,-0.5743106091257029,1.349057885484044,-1.212109072819647,0.9872012810443471,-0.9453152897881872,-0.7584987502261749,-0.5602517458593138,0.7764268603287692,No
-1.304370130254892,0.6330005794353661,2.770664414531569,0.5863286607036325,-1.244038257408164,-1.573495425352713,-0.19491939840051012,-0.1052182478292958,0.6324268763044021,-0.35862982256972753,-2.5758852583135265,0.29109941751939555,-1.3104085617378551,-1.9350602913009833,No
0.8203584197136763,-1.7067177076529134,1.1511263012447177,-2.3739575402676834,-0.3283255909932158,0.31023005026058764,-0.49639401999761057,-1.642670665296844,-0.499528804238215,1.0666298689717288,-0.9666618156742773,0.041738346436268975,2.1643603042191755,0.37702422276714775,Yes
2.3148386641680965,0.4756361437468352,-0.977147702592731,-0.8874044267840739,-0.8467130260250577,0.04606733186820984,-0.10641056743997666,1.704730162604884,1.9973295827356032,0.21933596598839944,-1.4442745262691359,0.4595638768168558,1.9932553369832944,0.569193856778803,No
-1.2060948776151275,0.20514173753794823,0.3381126323376885,-1.66050732054547,-0.253780333606222,-0.33294194776584085,-1.5991586018489723,-1.141971792538347,-1.4868389910823436,2.0146488210742963,-0.4732884315731711,-0.38756395660255816,0.7023834031037035,1.5818369681902904,No
0.847365730973793,1.5825379635741013,-0.6794460334052884,-1.3111477502433404,-2.7533632867821516,0.6922249760047101,-1.494418235577696,-0.4216069834140436,0.18566859840790872,-0.39500412298941695,1.0659855633541788,-0.8389627658182963,0.2748888375719478,-0.188931261982227,No
-1.051802711319315,1.5794474135067977,2.736324370390185,-0.18250084628685023,-0.3549761789984588,-1.2682748945173488,0.689230162682906,-0.38350564214219357,1.1453309542862666,-0.5549576557861036,-0.5280568553958014,1.4975512210014745,0.15523408276703013,2.120534569205371,Yes
-0.7600364797958467,-0.7603730341499935,0.06822377301686641,0.6692806445200492,-2.106708179999897,1.075078929936318,-1.8044619386712495,-0.3798439281632208,-0.2682565990718252,0.22775087303657343,-0.3270498567185649,-0.08805258195604149,0.6958438779546684,1.4588470665768745,No
-0.2885106455714939,0.8406754391039732,2.525124304853149,-1.0907008001922607,-0.3389942421185401,-0.4825702464416467,0.197581759873447,-0.28228419451183456,3.441138835951798,0.0005964348927769432,0.287276412710976,0.057803380956757584,-0.30746808235662515,0.6731108762231511,No
-1.615288276276834,0.41456415517084194,-0.908664951476615,-0.2800012797650868,-0.525138748443945,-0.7124421450776337,-1.112178452653625,-1.929465856253246,-1.4695555868231973,0.8788200440736964,1.150470639140302,0.17767896922660323,0.8161252582128925,-0.049915235968567465,No
-0.061103231516302724,1.2452645431124618,-0.8565498353827787,-2.044469911397296,0.7302330509145176,1.3060761436575936,-0.17326852571764734,1.8240068658197541,0.08164164052185618,1.7855913776538535,-2.4820056641100594,-0.42401225390217134,0.9701269769564708,-1.37070136729895,No
-1.585823973050052,-0.7420267755170478,-0.394708795394024,0.1751804805309023,-0.26260361170415963,-2.3755684111168036,0.1290216074654217,0.9022424865369307,0.46517065885508246,-0.36329769977796733,-0.5888800241936611,-0.6614291005558279,0.10565488309855736,-0.9509493216685763,No
-1.8801864629821314,0.5215466295181231,-1.2881614969422657,-2.916502795990161,-1.7787359118918438,0.4659338277985418,0.806794261523149,-0.18123889982664843,-0.49132240664659194,0.21079368519904104,-0.8184572648149222,-0.30234635975315893,-0.015313848729538447,0.394626897864619,No
3.0667289944797433,-1.1635076395719879,0.08705729919223351,0.10040059874929724,-0.10906224194035054,-0.05471210969784222,-0.54113947588704,0.38223584725771037,-0.7545900163017413,-2.15957155900123,-1.1052233228382966,-0.43905418524896606,0.56029893420146,0.30748392575109407,No
-1.3654128762987072,1.313137115218201,2.3623942729349436,1.1546591691565573,-1.4759634806006021,-2.1657861795375615,0.14172860978929502,0.591847295586202,0.4549565597566514,-0.22722768405322388,-0.7920200203254755,-0.3320482222342952,0.6851934442282624,0.033581510203758616,No
-3.3687113282355274,0.14727132949172905,-0.9637094459857524,-1.3043589991026834,-1.5149810845705505,-1.4255215223226432,0.5050128733162721,0.26455526135543433,-1.7415292220581027,-0.537504853750478,-0.4227156457972096,0.638001220716781,-0.11598239843786812,0.06431352898076115,No
2.345653776251559,0.9460145589224087,-1.6972266742820312,1.1029159551477252,-1.356507589440888,0.8781316428864602,-0.7247177763872841,-0.2434664101699409,-0.06010327080370269,0.02394583192151952,-0.7284446460716768,0.6646381096125027,0.10044764565747104,2.5282711308139705,No
0.9089326793420796,-0.14276900461987102,-0.7926755687503094,1.564071063604686,-0.08353155186643495,0.1548823444553981,1.2269415955206155,-0.0950157027691806,0.7917184523078417,-0.45069358154501377,-0.1648238144943975,1.3837853963177378,1.2748481293712677,-0.15725938624731897,No
0.6271896553138315,1.7642451554624738,2.018355820472388,-1.081948582479096,-2.7010177171761125,0.6874760600183657,-0.47337504651741735,-0.09855930840175676,-0.48740080786991397,-0.5136937575728328,1.411622794151091,-1.5319304850660285,0.08769084827792743,-0.6622130929938859,No
2.334021700371047,0.5165729895415397,0.04961400954219798,0.7781527361701128,-1.4671974920775883,-0.7065072682188768,-1.3274470078098508,-1.3701154236204875,0.9823444966471022,-1.2516683003206734,0.5721521573507244,-1.2441430794343022,0.10585103586295287,-1.4072270488086913,No
1.0768119104610039,0.43516531621012255,-1.0141080192876493,-1.7762320788801105,-1.5837847498807325,-0.22886773891476195,-0.4976960543946534,-0.46897788585297157,0.3244801129407424,1.0822245251071887,-0.062016295842904225,0.6865986154354342,-0.016366635739941543,0.21381089231611547,No
0.04824349315774763,0.9209202161617661,-1.5458341756522689,-1.7130796432249629,-0.7391869151554634,1.6520066361243937,-0.6717221326868683,2.026884223541288,-0.24248530942700203,-1.4481122955447607,0.08008029378138673,2.1782277852670533,0.31914189541204174,0.27260686468469664,No
-0.969656244473738,-1.3483438050376433,1.2686828428908723,-1.7217980026385882,-0.750938877152161,0.1980280483156302,-0.03478073373068882,-0.8682236581284117,0.979943516117235,0.4273824964286359,-0.34826091546944304,-0.05775171104986858,0.8501889550168465,1.241128762216219,No
-1.4631438888295578,0.18246285064765005,3.397028611094437,0.20133912597980647,-0.8459608118795339,0.28755391582469175,0.36696450533256675,-0.7275293160230539,-0.3885332527070449,-1.0579389853120111,-0.2672840327954688,-0.8012767527259872,1.1513734125457578,0.24716756304513957,No
2.6771900851402837,-0.5508755049561703,-0.7016477682417495,-0.05401137914207854,-0.5926103896225531,1.4890223054172949,-0.05803779281784719,-1.056732630925359,1.6639159945830944,-1.0870857621277632,-0.6258924653947088,0.10087329566705594,1.274136625868404,-0.43200879685489,No
-1.5196053354188181,-0.4864803932930293,0.4827377650924502,-0.05375606213053764,-0.7825215516902835,-1.4704604338106357,0.39369473017026557,-0.008048190637258722,1.3284258982177999,0.7390716085322153,-0.1427000291126217,-0.28067655842623596,0.8269911277363333,-1.38699307269114,No
-2.6267709236886096,3.4024992942757204,1.7538544205138253,0.09498060852925932,-0.622854810944066,1.805115910117484,1.6080681622937072,0.9386647773979337,-2.153783903358043,0.9079114628166493,0.06025094243290195,0.21236670542312802,-0.0733675473651417,0.4876023746846103,No
-1.9556484483423842,-0.26546258793877775,0.40251970673960724,0.05273802414074979,-2.0998651243755275,-0.4244767012265039,-1.6293748403476633,0.331961774419972,1.2742759766416156,-1.4265976333690953,-0.17018763359387182,-1.80195974349093,-0.42167953266231134,-0.8977023148742609,No
-2.007443783337064,-0.04189277193817714,-1.2428555445641867,-0.32316811465146805,-1.6113482250155495,1.2786942439120963,-1.9404871116088445,-1.3013267711710146,0.7259516844868532,0.37525356167273216,0.1432418192526238,-1.316215320757399,-1.0342981837345677,-0.2684915504350163,No
0.7531222010860112,-1.1972129547831103,0.9913415266358673,0.29021394671812134,-0.9843588554486151,1.1953924740397672,-2.7219924733341747,-0.7247998283928702,-1.5427494645665232,0.14634676552539483,1.2240133967054472,0.6226607456857393,-0.944197663295558,-1.2005518020583013,No
-2.6973106164715754,-0.23635261727581616,-0.31076011796627995,-0.955393396703543,-1.3954386606262252,0.32693055989276376,-0.7335859644620982,0.5475826660175863,-1.0097793785834503,-0.5536162794799965,-0.20057059757565368,-0.20997940001579835,2.0847172758154664,-0.7483146084105494,No
2.9846999603090967,-1.894463872166966,1.1167084503125866,-1.4880191065912522,-0.37707087412243256,0.35289893447942416,1.1781571923139338,0.4105055069092389,-1.4820008971471594,-0.02161976232863567,0.9888414553632716,0.3334698841016281,-0.16289937086977868,2.2548921819675,No
0.2926467180756104,0.35428152947841285,-1.0501500604683385,0.8223345950281165,-0.7853138638818509,0.2914313404999768,0.00990210159131653,-1.6970595041759182,1.2344327510610082,0.18251526631390622,-0.8318840489741997,0.9181375613221279,-0.15506974092860146,0.5065801851072879,No
1.4749750538222461,0.2639198043242095,-1.2571169047538495,-1.0174552710916407,-2.028632072307982,0.9048596887251069,0.4967010263667391,-0.09951924377354944,0.7500459289952072,0.5501754355680174,-0.6279812652078667,0.6089606655631259,-0.059115783892965505,0.38305068205004045,No
0.3296751881992978,1.4768503471828884,2.693893064456847,-1.4872900683772492,-0.3442046401541344,-0.8709210741145217,0.8903254027299377,-1.3892017191924055,1.2837914834501127,0.9845677386489597,-1.0979419354810531,1.224397167822844,1.192040894130961,0.012948711412555866,No
-1.0937507549126,1.8494578102261068,1.8246114107861409,-0.507553490979829,0.45481004398471486,-0.5293436367487999,-0.4742856830926168,-0.9574381531604159,2.8575172498185717,0.09285757469095168,0.7170087864744875,1.0408807030963463,0.6085585652615242,0.3893851131790034,No
-1.9691329824544477,0.4064276926473328,-0.5470320655257771,-0.25398043578039947,-1.6458881610739644,-0.15731444330289535,-0.8192707227492962,0.35237396141400873,-0.5172060386617006,0.35597397102168904,0.30032983370208094,-1.1641041121394236,-0.07626219603398439,0.6853285274302409,No
-3.447582364031917,2.6238870813762083,1.3695553353001542,-1.7054320920014574,2.2490999286934863,-1.3205995817453218,1.9261158117958497,0.2787515858560506,-2.2048512596815177,-1.5548785237035876,-1.2422980271340134,0.8666875328048691,1.4825706387985347,0.6064857345505617,Yes
-0.11838863731315477,-0.008351287507787129,-1.2218847757661622,-1.623332758037792,-1.7900523138770974,0.055190470167351374,-0.32256090381396785,1.3836812338085125,0.47949454319564855,-1.4081249246009813,1.1200905659181173,-0.9780980291964919,0.44018222450907496,0.7168953518099133,No
1.2318883054260548,1.2250640210486599,-2.479668598716419,0.7981283564729186,0.14215218065852647,-1.3988593530603053,0.4963445829465349,0.29888620040500347,0.20863343690633482,0.25094344344072195,-0.22601707081372177,-0.5953764135595171,-0.0033852830754504885,-0.7298142704474244,No
-0.4668776411611833,-1.0094315520020132,-0.49386324448989394,-0.6602103969205442,-0.3560944237530117,0.1257898783568179,1.6831881577501064,1.1841743039541102,0.8311970574147339,-0.7847995569899449,-0.6440331472029928,0.8349805510722474,-0.7019436865700277,1.9911154004138334,No
-0.2535201496794928,-1.1612511307150353,1.2279812774386387,0.20107551980273797,-0.42085462044128713,-1.3085280885565884,0.21373204760375217,0.5541666542341324,0.11980721955204435,-0.2716846738517396,0.023272843584348925,-0.31040833280916214,0.31447002376369015,0.0770859247470124,No
-2.199406447411971,0.1514861538345783,-0.815094434674998,-0.6264680355381637,0.43611082024870945,-0.4742612291886614,0.5228265895431851,-0.7346362727439155,1.0787797272929112,0.18622449513682404,-0.8701162667411194,2.6267004904040667,0.19016588972714146,-0.3229558712179838,No
-3.2176501946064198,2.4971057238236587,1.732214389110475,-2.0062298281113007,-0.4479837457028709,-0.1125438304804244,0.13936189387816547,-1.8947366366763554,0.9474158314381369,-0.08890194543412934,0.013472540770757702,-0.6590771614939888,0.07287413019308848,-0.7629195288746857,Yes
4.8331771875528275,3.9491284325624667,1.4494540061598318,1.5753515734943775,-1.0999837233463112,-1.2431469690878658,1.3382542079284707,0.5177593788390926,-0.15321395391923426,-0.9734495786888284,-1.808546245828483,-0.03690853734440786,-0.49571264120087527,-1.9610885477025277,No
-2.098650462706558,-0.23950189930715793,-0.9305581271728117,-0.870565774963301,-2.0778009312997545,0.2789568202410415,0.5544167322301096,0.2484321434226314,-0.25647732647640703,0.22727445988619027,-0.5039559398350468,0.3698184775954283,0.09686464447770696,0.6785080297329837,No
-1.822582542435734,1.4040971026734879,2.977483653899961,-0.13315394147152343,-0.9663125855337141,-0.7230990110483169,-1.1510749438406467,0.1524992948336826,0.4226743682170426,-0.27057816799036416,-2.3337274910620254,0.9306387112263953,-1.038599848499813,-1.9923626102636047,No
-1.7447765378511166,-0.042403288326680416,-0.431526371779889,0.26174721610813306,-1.0278873855347508,-1.6692252296246932,-1.032304817574391,0.6539361974366611,-0.9602693023766077,0.5540699559118819,-1.1834514638653604,-0.8347952889396785,-0.62056924488192,0.9326239128676321,No
-1.7381853257407527,1.9654960633125969,2.2463159690517336,-0.6012234975612264,-1.4894721004271603,-0.8878806809005609,-0.36960091187497773,0.04828815129547441,-2.499176329258302,0.5037182814397586,1.426493117673356,-1.079706773870956,0.5748866968094057,0.9101086822170459,Yes
-1.3800800369644488,-0.7468097679724551,0.12302483140599557,-0.24891797889068898,-1.1205364901468056,-0.6432248147953351,0.15869564277673157,-0.955346070864298,0.7829032204490954,-0.6519149632718941,-1.2817252446994578,-1.1991330396675337,0.29733018066199945,-1.7230877129168196,No
-0.6525277499237441,-1.2424520855248158,-0.5188580055253419,0.17706008415757218,-0.5800103651898939,-0.30584377864063694,-0.625159316209566,2.424657052265063,-1.2646041389041207,0.3275456305756134,0.9111227333866602,0.5590441083151687,-0.3050282706280727,-0.02496527357937262,No
-0.5706949029241356,0.6656855232220927,-1.5851226233269056,0.2956699500512308,-1.2980906881851977,-1.0167075342549934,0.9624742987554772,1.1057821937510113,-0.13069222983677584,0.7973585990301663,-0.041754106002925985,-1.4171111624836124,0.15956252381678743,0.65108431821031,No
4.714437043969114,0.4929094363436978,-1.0330627254634375,-1.8030206960697412,-0.8761952583974915,1.0102637862367392,0.5386314737046467,1.0716940256323584,-0.18020999004278793,-1.0281479696613027,-1.0050276458856877,0.7609340886507852,-1.8597075598936694,0.2472345868321827,No
7.125608969513067,-1.6183508188826987,-0.15156509158276285,0.02635791258327813,-1.4178201108759874,-1.7437973986682842,-0.463449764599476,0.3711907104769701,0.4447864279674239,0.680842673800123,0.7931745850752504,0.18079817663298317,-0.38178899287113177,0.6607202703144669,No
0.8545623825598413,1.2815563316680791,-0.9388194924662085,-2.4801855669108557,-1.0759967661353502,0.6032340633921752,-0.5067878245409556,0.6319337650798905,-0.19109831248544284,-1.6842206371981658,-0.3442524025078491,-0.4602770705927147,-0.18400329968186854,-0.07783577766037117,No
1.9068040859689093,-1.385952662809144,1.1585149016406062,-0.7283405785421684,0.21328664177157097,-1.545690512145686,2.0901967378145416,0.08373003129908835,-0.9021809504739606,-0.1209763072157478,0.5272854185155524,-0.3700246601575826,-0.39109224981803625,0.021990002505529144,No
7.9302953503003195,1.1232631929229873,-1.3944711533493959,-0.6034601692800071,0.2988995223851099,0.8918254776458483,2.2347322233204316,-0.7558924197111332,0.42171036259248357,-0.38327507712346437,-0.11153529763687577,-0.024807707195250134,0.8413118829560393,0.5673564129726602,No
-1.3097057776154244,0.6261874291630394,-0.8522468419060334,0.17997632741426883,-1.723730779203871,-1.4026977139947903,-1.0086391587448167,0.5832158862041588,-0.2562292465620737,-1.0150314612153812,-0.11882053083099892,-0.3214421478391294,0.6615701563123316,-0.22269503259451234,No
-1.6117684375400136,-0.8077881895309221,0.09557217890347229,-1.2131247026434757,0.5624762218841397,0.7669397608769473,-1.6594925569787928,-1.3129872912905962,-0.21992187955611842,-0.114301665148212,-1.5472627286638712,0.9610629135852717,-0.38933290814746774,1.4678740236133119,Yes
-1.0012302282215566,-0.56811446359637,-0.3038691563062221,0.2276280832426395,-2.2816082522820134,0.8240521081102491,1.363376296466878,2.6752621440456164,1.5757002942813565,2.3229640434410967,-0.5428860417805353,-0.02708765957737601,-0.5203042558816788,-0.5516461244193116,No
4.699600086608899,1.3423130606660678,3.139806665873368,-1.5913965126691683,-1.4069181338852725,-0.1274343460524261,-0.15790178823277629,-0.18392207285268194,-0.5161335595400778,-0.08156099167519301,-1.5054980447022326,0.42074616275534776,1.1073567733699474,-1.4904351612712259,No
-0.3020323688587013,0.5383330004613714,-1.421667078321938,1.370860775421477,0.04522619859406795,-0.489648772646515,-1.639540485959112,-0.7530441403699206,-0.7034174615274414,-0.24920585711507023,1.5687342128624764,0.9482336446407534,-0.1513515204509426,0.46034159751906756,No
-0.7980811961394916,-1.2882707485865466,-0.6473873107357169,-1.744239597126561,0.12738041127434516,-1.9676088446384299,0.8953770306869818,-0.8709336139617384,0.32617348454116774,0.8178660273970125,1.080966747758856,-0.7195653495916314,-0.238035082568042,-0.30823310340647514,No
-0.7004271010999226,-0.16597912054000627,0.1012778166832149,-1.0197122702113868,-0.08173260392476775,0.9866750116201882,0.2547747451893578,0.3966387530707832,-0.9630699755274578,1.304517562701533,0.6643464286892978,-0.32982567929614426,-0.5599430135804745,1.3322680990768352,No
-1.030975126481372,-2.5730996819573266,1.2907125755208502,-0.07494621377876685,-1.257482744278778,-0.18418432692115136,1.012992099516568,0.6935250732762854,1.056070871237964,-0.8668806853173546,-0.11442782129536493,0.47205645863955437,1.1215229438425411,0.7607011370591437,No
0.24041087938811342,0.8273514990112466,0.03518057919326337,0.6287730573878274,-1.7015512195611349,2.6312598681103045,-1.4978313779954664,-0.29430345603986063,0.30969551575965554,-0.22721324010708274,0.47133491384923576,-1.2062643235211665,-0.4852435482828134,1.3500810524166447,No
-1.7622653811889748,-0.033172550707066185,0.5091383523513148,-1.2394897624519727,0.052180777608148377,-1.1164626586495217,0.014016940811360824,0.48288985917161026,0.10994652408358088,-1.7732871845767217,-2.1299799778797874,-0.10687929232640768,-0.7657999742624261,-0.6456368443963575,No
0.6362877834709294,-0.06069454673081273,-0.07941380586280113,1.2332949340130654,-0.4289198210962731,1.7312115925303029,-1.9935847681841086,1.096123492258201,0.3879421238504798,0.4224684141740557,-0.811950856461564,2.1888430296289476,1.6070800631277509,-0.3090230966587405,No
-1.5465036050003562,0.19809246006155695,-0.29756108977922313,-0.780376204399135,-0.7765990890707192,-0.7140249259162418,1.1023081362098122,1.251051072212891,1.4277305904194943,2.004608757286291,-0.29349951671016583,-0.5968060555620773,0.08815414579527349,0.7970635710446488,No
0.15976693057142147,-0.8143158145234727,0.36482947748307865,0.3128825444990517,-0.8887900170280022,-0.38780917289716244,-0.5928514806721685,1.0480212824463266,-0.6187818564254229,1.204832653443129,-1.6546429552286086,1.141151806374468,0.8054940535859159,-0.3520754493292026,No
-1.1074327987029784,-1.1751672354225384,1.7975157741471726,0.07779025465127662,-0.7967960064629285,-0.6001714260387241,-1.0977618401760167,0.08910633336441517,-1.7473666164994333,-0.6127182364682188,-1.257693309160299,0.29278649887787,-1.107002097651961,2.3566573749243718,Yes
0.6455463029558508,2.665249233521723,1.7875135223601843,-0.17250657862468627,-0.11111883760583223,0.9913437925844436,-1.9060652120335684,-0.4525070120598646,-0.8119360526308212,2.7659697198465647,0.27934073104638446,-0.8995390723081134,-0.7576168591615402,-1.637521573802822,Yes
-2.1876298612336074,0.6117610521976572,-0.7364297777132163,0.4136912885554733,-1.3737697570428706,0.6844017317259471,-0.3880973925812846,0.9689098707790388,0.7087013634191869,-1.5314983970776475,1.0907386771014027,1.0438151130497448,-0.31007472310768,0.5249439208110391,No
-1.1935847006412315,0.775718881490885,-1.2179949544098898,-0.45774414205129277,-0.7827823875537789,0.6565443008181143,-0.5712920269528695,-1.1690984562894624,-0.43808092406208365,-0.0999702029503329,-0.9943919394190099,1.4441892360128525,-0.9193388432342883,0.6677789532457599,No
-0.98632349373644,-2.0999480600402856,0.9163194589609568,-0.385033156878071,-1.5237086289587167,1.0185241420642015,0.014901778600673583,-0.06376720502938871,0.6484785554915311,0.32773488447896953,1.2256508890068238,-2.971270238573549,2.2983198093082584,-0.5150126502605971,No
0.601867617478527,-2.301621101203273,1.4253166193088047,0.5896586256543549,-0.2276075890292356,-1.6263710265531008,0.7984314116922112,0.9588432706490625,0.32851231151990573,-0.9239698034035544,-0.24263773514051046,0.08214187537465129,0.7099118639755784,-0.3827428829673256,No
2.4879968430880743,0.44887319914536794,-1.7351163083300414,-2.8593189528867184,0.031049916026071996,1.2412738732105015,-1.4681590100123363,-0.053283866024483206,0.878126730490381,-0.4911497866766389,0.12987284385615047,-0.8917107432495138,2.405908840326406,0.04235628099605117,Yes
1.324042285947762,3.0831698479044976,1.2957985067978486,-1.9328285721397431,-0.21887223139748554,-0.7648578435845454,-0.1315960710791699,0.47933200723188557,-1.3437370542393055,-1.200412489021843,-0.9688467323135439,0.9912313147392765,0.6448152059131596,-0.9083409905172809,No
0.04527327949253846,0.317106610473278,-0.9683312638200797,-0.18962442702062693,-1.656646099218136,-0.6704384840020299,-1.1359381296773827,1.0817028098643962,-0.6933607494159847,0.5216252961526476,-0.7990809672969578,0.31550011509957104,0.3656851877965029,1.0412253088229027,No
2.654918676186281,-0.8477358035095802,0.6177848329980701,0.8159458788651416,-1.8061909148931528,0.5787114436369067,0.7829498901210835,-0.4239835117654566,-1.489298862163214,-0.4674181012938181,0.6758401742621898,-2.494023004646303,2.0300528917341687,-0.5008240506083076,No
-1.5533008306824032,-0.90581021118403,-0.9584974829107729,0.060173830731998966,-0.7956741386700216,-1.8109608191043425,1.494556928027595,1.0160807434345884,-0.17313587762417196,-0.9655280119470161,0.44265307518033137,-0.6086086829479561,0.8114382889910625,0.8186430955813477,Yes
-0.11552607989999997,-1.6872863171980061,1.517239828051423,-1.669964710206707,-0.6261669627768307,0.17293546378775213,0.26183998798525815,0.4671980757082541,-0.2452071314283836,0.3496504823214726,0.05895755051311094,0.7597598458716807,-0.18512305839856946,0.11845339444672186,No
-0.8672094709257323,-0.8271873338232939,0.2187211316293009,-0.5994923528300578,1.1039449623858026,-1.0441860947826147,-1.3483251803895615,-0.7907794166279636,-0.883917784873049,0.49120423253771733,0.9507528184232473,-1.9880059716997667,1.0082929204488618,1.434478954650766,Yes
-1.5214859065346706,0.21185656926748225,-1.0021472035780612,-0.693804151342761,-1.8107546020759187,-0.8388141503960553,-1.255069176589951,-0.024709498963140498,-0.09239516507142082,-0.8837528142227302,0.24205942341828052,0.6348583253476898,0.9798691644737084,-0.9813691312021856,Yes
3.7596222382492552,-0.38728779673943936,-0.8772435507417519,-1.908694427225033,-1.0135671151001542,-0.22041028692741121,-0.7662765379565164,0.8706388207842088,0.8311338490008199,0.08975373298089391,-0.6898158177172041,-0.6736786373663965,1.568874507652586,-0.4023020509311968,No
0.34761954042702575,-1.3298414857262095,0.1747997385940952,-0.7472601931808656,-0.7510278081918148,-1.0749371842100457,0.7861737551971554,1.6742959672554092,-0.20311145350576285,-0.08239918422129543,0.7449067200964464,-0.81560242175831,0.33792053460670424,0.33030096298479156,No
1.5637452632914808,0.031819347518968505,-0.3374295316985492,-0.9695451437813907,-1.5624869292116566,-1.6028273572565679,0.827340688253066,2.334932885906846,0.44982455035833313,-0.17405784632786775,-0.7131453505175898,-0.050949360011308384,0.5132130946013971,0.8613716314537461,No
-1.7212199772725167,0.9922645199435337,2.533360987703764,-1.423360062426042,0.4099626126269808,-2.1324461503427363,-0.03944819349731997,-0.38176160854757285,1.6790157637992837,0.23704491485418766,-0.15956508355634816,-1.217852314246574,0.8408190727847917,-0.4242937278254498,No
1.3683064704342665,0.12706060479815431,-0.5716984194853305,0.19213745163551865,-1.0869664321577346,1.4937258702803884,-0.15398710620933076,-0.13136275487983023,0.6102625953448758,1.3914034306565364,-1.5555434366110616,0.795964955319726,-0.9434641666321737,-1.0862327085516952,No
3.1229971642558247,1.1484133445371112,-2.0564018625121006,0.5245297348665363,-0.5595834512979047,-0.17930122891370423,1.8463633034589761,-1.9574886081907878,-0.9418954072191236,0.694951501045336,0.8512140858858585,-0.7147398777673798,-0.11434355065239923,-1.6926683396895905,No
-0.8549325024362289,-0.11184723346013412,-1.0980633651776053,-0.44958381470345177,-0.8464592419735707,-0.3202510953858194,0.8732506489889915,-0.4351759919750447,0.6636424970809701,-0.2970846040972172,-2.446225909788317,-0.8126160753774473,1.7357998864006263,-0.3106631437249672,No
-1.6670299695170514,-0.8607626181941002,0.8430751500083188,-0.7524435481230347,1.0423827110081143,0.7934923014114602,2.185214144660023,-1.161777009772879,0.46969971439612584,0.5739204943391089,0.2792312268384171,-0.5136496461096441,0.7514885518834403,-0.59917511832849,No
0.6444159483242518,1.0186021791513247,-0.6011470010112767,0.0012760672906594916,-1.3754610593064667,-0.3633804847044556,0.418467188106756,-1.7543862632831482,2.558702274562437,1.0846661235080002,-0.4857344569450973,0.12383636881801634,0.06343028421139742,-0.7653058285381199,No
0.6770427428185206,0.7324781713198272,-1.2945703035823057,-1.9835585360232264,-2.0850878293604995,0.6851422502739349,2.27015385410104,0.3442036268401813,-1.0829182045666805,0.8246819317249243,-0.06933931763201631,-0.3807374487524379,-0.9368665582731719,0.012890123842292444,No
0.9313098083810157,0.3111123325397395,-0.901929288242479,-0.2926120135421587,-0.28885728500899527,-0.2796725682825827,1.566862481376579,0.09528184332641312,0.19933422508630533,-0.4890093328223274,-0.5995011380431957,2.3837152060091977,0.4455032022618297,0.9690170346440617,No
-2.310892381134301,0.3244915128447948,-1.0331586293270005,-1.226806535044731,-0.9083507856999526,0.6537074208075785,-1.024400828860548,-0.5131292811928798,-1.806986496406081,-0.2580241773420127,-0.8346502960206401,-0.4928858261128523,0.289753382453091,-0.03256488903803982,Yes
-1.1650390236636805,-1.3456039023140403,0.8210602804945385,-0.25116993724833064,-1.8292396895572867,0.840409391901981,0.8747309611634483,-0.663746766454553,0.6964164213270159,-1.3889278681648853,-0.5202652829776471,-0.6974453831690294,1.5660032995128657,0.05153678282416732,No
6.62223695347941,1.2264550814282875,-2.4248419399613197,-1.7801332101258514,-1.38644376983337,-0.6006561460099574,0.5054393461499707,-0.22648141632878926,0.2341481705870407,0.3586888908675321,-0.5267103595640319,0.09234515306926103,-1.0826110188286642,-0.5377006510816978,No
-0.9557798253599536,-1.630226367118296,1.3928612065050057,-1.3372514902286667,-1.3050464233104273,-0.7721695320370768,-1.424198780554389,-0.231454681120076,-0.19964556089348634,-0.1940878901610948,0.951022204502576,-0.3353111928136326,0.7651587455066529,-1.1774115975034227,No
3.2059154436825517,-3.294595500293585,1.0810505088178917,-1.52199551396556,-0.4082001143328146,1.1758678306667874,-0.14658428526784395,0.17953860515554224,-0.5188937158152013,0.014140195268170105,1.0907085133129222,0.5447912624122634,0.2258877061301942,-0.9198400144017276,No
-1.2874474224082912,-0.5660897799513961,-0.36555553516712164,-0.27449630689751325,-1.4905726798295065,1.1712705570753685,-2.1315872944076553,-0.37363447650457404,0.006068800395856094,-0.14181873349515461,0.9962047669360863,-0.61598379607236,0.7520905730762312,-1.0719775129481977,Yes
3.9888855729689925,1.700371683066725,2.526452044023244,-0.13311849909991424,-1.2924573246938116,0.4441105446463105,0.2102119368881417,1.0963077701283657,-0.053049517968500416,0.694570832322373,-0.6439047754859114,0.085308293350909,-0.1745223739876494,0.19393277853206034,No
-0.14656046596519479,2.0681173758084515,1.7397075014440073,-0.9289234840720411,0.8832626060240154,-1.7581795226959334,0.698506989330646,-0.33495654116453333,0.5136654889971008,-0.663444155688116,0.4079042427174777,1.754597790029894,0.3391261163713653,0.6500009428544208,Yes
7.501684340934448,0.688352236565262,-0.2166890331093775,-1.3664420702110265,-0.14259590161888164,-1.6883597268379105,0.28653939092073694,-1.1472584682947853,-0.3783295381527911,0.7752691633912763,-1.0610799832522613,1.1500990249060337,1.6648133149931361,-0.3104885264720328,No
-1.6926027445358829,-0.26961500165577024,-1.1694716152804026,-0.6404442169929611,-0.17777449020059796,0.8035397889481604,1.387426434205625,0.9952180648329899,-1.1259758807433102,-0.6238247464884138,1.0922395743056117,0.7296756139990882,0.7948313766879993,1.0536552531480756,No
-1.9371638346537419,0.007329502581004484,-0.8573065376381166,-1.5396110166417316,-1.1529444173411394,-0.1736839075115154,-1.0122689469208561,-0.7259894655861099,0.774161025930549,-1.4519733215438237,0.09782543672525842,-1.6824213718762944,0.23882743875938955,-1.0956295972621475,Yes
-1.4168313947922198,-1.5530174522267945,0.5982755034546036,1.7768712629972097,-1.830267208002432,0.5902668681645351,0.3589840641520765,1.5301219881097299,0.6996483598695221,-0.08364729684760376,-1.237244274801108,0.7687937700719102,1.9570425564990084,-1.5092776088278252,No
-1.4110935714944521,0.4879708597267308,0.17157106505458036,0.8063815190801673,-0.6160192822473263,0.732674425021521,-1.2093481238184858,-0.6417588667059325,-0.21766181104938537,0.7321755508979298,-0.5651889963596944,1.569248423451042,0.8211633155651918,1.6696279266686056,No
-1.2883562804359276,-0.8886901778524204,0.8136765024181628,0.20914237535947483,-0.48277318316132356,1.7355117162520122,-1.0716340211113022,0.9336665960930585,-0.9772721429783225,-1.0568524357704592,0.21229388399577442,0.01870405992136752,-0.5315827776108094,1.4171156452754832,No
0.5069088805705275,1.4343856518588984,-0.5620891217355607,0.5859896176468882,-0.6852512746193422,2.1071998228176523,-0.6430796461147756,-0.25958436273072905,-1.6925244135852997,1.3888603978310845,-0.08884248879060486,1.4516317487801473,0.8278452052890817,0.5913568344418463,No
3.82521180150233,-1.5674558382451993,-0.3679343483714688,-1.1821395953689176,-0.4817812383510129,0.011183457068817553,0.10253935507679383,-0.4124710355184356,-0.15941003921399444,0.6653089372053393,0.2532245122053874,2.039016473679025,-1.714312750729573,-1.3556535640086913,No
0.04885489166626645,-2.3595842926291013,0.821126358260581,0.22027108627648906,-0.7770546615528341,0.8674018636425179,1.228274959481746,-0.25598057736040314,0.3152388541496533,-0.5183353627089224,-0.09528161576965244,1.3496148192361779,1.0149306775621705,0.7965912522116345,No
-2.1187922170341977,-0.3354892902305733,-0.6196374394043903,-0.6817784158146392,-0.8551392051855542,0.9360761958433244,-0.5659749050504886,-0.6891353672629691,0.885161757392414,0.029183991719404983,-0.29200897628295613,-0.41399920900992543,1.3641250358736532,-0.700309291630975,No
1.5222242550603384,-0.043020972678121244,-0.9796669604549297,0.2455838280312046,1.0733671737631614,-1.224015947584467,-0.13944348670296375,0.9115102878346671,0.540533644656944,-1.2293553472835292,-0.0991101349158194,0.04819358592488333,2.503195638523729,-0.5130078432804918,No
-1.3204475601366155,-0.6803574421400794,-0.006488357113960168,-0.10973368736116788,0.08015126881939728,0.4041240352769611,-0.05228903216392319,0.02764276404146909,-0.9128267834230928,-2.7990281537001507,-0.45994516178228045,0.4314532218593574,0.9573090856522923,-0.014886454560024312,No
-0.6362498858130734,-1.3095055841448324,1.1467156909727858,1.0363269300453832,-2.8456307855610232,-0.8602165004631804,0.24188633962551365,-0.6432463316045594,0.7805408297468797,0.8142977483674615,-0.5551784568410725,1.070500018632701,-0.3139461371690472,-0.059474624374253375,No
-0.35425831556716,-2.4705746049267536,0.6545103087333853,-0.1896481424404146,0.5856901119874048,0.6003057575057187,1.1320032453346764,-1.022913414094059,-1.367062406168827,1.3321316044682965,0.45179808071448335,0.6010937132021076,0.11671494159146052,-0.46899528736506796,Yes
3.3097685437550064,3.134237373898638,1.8605752110532345,-0.9017408788097125,-1.209443012130548,-1.7089434089090099,-0.3457663671099054,-0.2678696276301298,1.7481033979840903,0.010254427615442208,-0.4389590782236983,0.27453189690824836,-0.1332531730880621,-0.6349691605743834,No
-1.2838342595280374,1.3339297567119286,-0.3230706830011276,-0.7306315216876959,-0.010049241771987114,0.7015387345390137,-1.8292690647685663,-0.21842026165788214,0.642910356616728,0.20816690629388718,0.14392766057282658,2.0467389212886187,0.69989333479076,0.4976063211563133,No
-0.8107456570666636,-1.4175250385109153,0.10169929238001266,-0.023513475024849566,-0.7179826447749267,-1.5448905843993572,-1.9731437519410333,1.6573934760945597,-1.0294162515614709,-0.636890577451422,0.158736791022794,1.4149986034425328,-0.5587795523583712,0.6963341696149914,No
-1.1897232306514423,-0.4545167646279415,-0.29446360042357694,-1.2667363718830702,-1.6138516492841306,0.888571992725059,-0.9001233980206385,1.361420654705601,-0.1775355879753656,1.27419200917503,-0.963349903837279,-0.3162316944442876,-0.9820961042826528,0.6695057121207488,No
-1.534582703882394,-0.11332540410725564,-1.1516229057657124,-0.07939376263660937,-1.298611663144454,-0.3290567040421246,1.3826996946954777,-0.9496805089095988,-0.030036512020216576,1.0061511320808059,-0.8435803689711081,0.2192254155284608,-0.5214262331326546,-1.0498812662893586,No
0.5070500307500831,0.8240404314310407,-2.211505939845344,-0.4810043725887952,0.5203762986624785,-1.3843694174934023,0.8543490736733348,0.4284404561405103,1.0121859307341274,-0.643103661742216,-0.37854000994446496,-1.4436960273379018,0.5848074726602231,-0.28790372817812,No
4.236478273855285,0.585608312804142,0.0836187238274086,-1.4673729384469292,-1.8796075556159741,0.18960141191005597,2.6296957116862165,-0.6148208450811821,-1.6075425685125855,0.7112544789648679,0.0017364174826620545,-0.12449398894309696,-1.309081944094143,0.6270033298453375,No
-2.170721655560251,-1.5378846770835657,-0.13568391807979288,-0.46949367087670785,-1.0573231068823963,0.4344075014115735,-1.6877431529731277,-0.5475175290029608,0.15715083279968603,-1.2131030445184658,0.16371349396702928,1.951317639076454,1.2300870373875417,-1.2623996801695025,No
-1.4047593663176896,0.5706575395166631,-1.6431762934517982,-0.3908803266675345,1.0419724154931707,-0.9078684721652932,-1.3294597656957137,-0.2653634680333522,-0.45101833519428175,0.7101724535884142,-2.1754198812476186,0.5106687882499931,-0.23868874261854475,1.7681362125689075,Yes
-1.9665895275328662,1.5536009925897416,1.94977933929524,0.5971734089468727,-2.118101837560035,-0.8461708427717878,-1.0582671771127823,-0.3396571251869934,-1.8840068080865535,-1.3033793908441003,2.4347445232477094,0.653978100369432,0.9994209174935887,-0.4396358132880881,No
0.8338940808738547,0.6335750109341386,-0.17063874940551038,-2.208287879112185,-1.2987310697530539,0.7687481420002883,-1.1954613693399152,1.7392736256452248,0.9162517920883861,-0.23194873716715209,-1.3187344110644392,0.06157743797473567,0.8944486647475994,-0.8853456851368524,No
-1.2147155475467408,-0.46876063504002996,-0.8980305586736255,-1.754410567283654,1.0711467588602634,-2.4272932946921535,0.6598739358094557,0.7308914459654591,-1.5654247879135457,-0.8930061059282758,-0.1892225421672965,-1.058375626214847,0.274169075217097,-0.9408069000963086,No
3.632739786768144,-1.2276596881099904,-0.023662657195461984,-1.0295887276610396,0.8070460940774542,0.4738667500306903,-0.12582490768326726,-0.9560503287567027,-0.29349578703232704,-1.9825748490155308,-1.3976201115379234,-0.6111684693987693,0.9136217173099357,-0.6093020969703654,No
-2.6079547528200147,-1.0458800805985877,-0.6762485545344373,-0.15245318664946003,-1.1166611333849856,-0.45042049632747055,0.508823364515334,-2.715691299628255,-0.6127584185431116,-0.3533557151518423,1.9732547166003545,-0.7097266948217676,0.8461865780445853,-0.6852476142062914,Yes
-1.7518525457717813,-0.3054018062383165,0.9918754034114841,0.5682828363262565,-0.8885419468961069,0.5594772184703328,1.7044183137686268,-0.941951453360889,-0.19132551980700307,-0.8286493992893931,-2.0903460032196715,0.4900860844326567,0.22336595744313337,0.29957865165440256,No
0.13003683585873516,2.927555255328209,1.5639809228300627,-0.2425414098326754,-0.9216093239042529,1.350399434814769,-0.755594296294456,-0.32070229889803586,-0.5584875227117472,0.817075078820071,-1.18455040152571,0.27755657163817204,1.0284798891546614,1.2628695664010872,No
-1.0874533577192709,-0.03145519077910217,-1.3398216067299378,0.8937069770393916,-1.1391922019932614,-1.6790557347875996,-0.050555650271803275,0.77058571923121,-1.2353011516986374,-0.032136544496131916,-0.32261927327174533,1.1342525553431366,-0.7194588349878107,-1.2629893586034442,No
3.6311519411999327,0.4822818324328139,-0.7794598116281656,-0.49464848514922277,-1.6208679853964691,1.0503141078514557,-0.43635907379144573,-0.00018770172087595962,-0.9541806678061143,0.07770344883509428,-0.9646682788177475,1.1227383691751964,-0.6353476595007566,1.5719055863114026,No
2.2508815332316203,1.9057580481674046,-2.9166126740105383,-0.8336225621006234,-1.368392179978034,0.7700464834112964,0.14681667844732402,1.6846831607855732,0.42778110855018575,0.8161029184382707,1.1039324237931323,-0.0871771454113002,1.7458494501827817,-0.03173966820851651,No
7.256709400916425,-0.05465753035854717,-0.8112233627456475,-0.8890749967116996,0.21805864077501663,-1.741424615284121,-0.3113053323477247,0.564320196061053,-0.4144121815340321,-1.3703418426420462,0.13036363350410063,1.020208590860099,-0.2118996638344154,-0.17378039971676482,No
2.6046843173187915,0.010852113061545574,-0.9216576899719028,1.7353367358985212,-1.5301228798771214,-1.0097530988323258,-1.764240572731382,-1.6780679332294426,-0.9310418519263757,0.9913556249658073,-0.7024118820772463,-0.7974349707661618,0.15935107982531388,0.40788436031044545,Yes
-1.9448442876617211,2.487372849432533,1.9270722108055274,0.28369149539080374,-2.4325806926552307,0.07931303517852589,0.3043372384446846,0.6694928509212321,0.1261930358973406,0.04086631211514796,-0.2742012281285852,-0.9347619400896704,0.14549647031460103,-0.7288754299395968,No
-0.7798063823594608,-0.9876905291326514,-0.010193362712799412,-0.06963891376961634,1.1007522958594818,-0.48020395803854504,1.193603280945009,0.00074944508518837,-0.2859180150453974,1.7716778418507282,0.4013952327236688,1.5630945019189824,1.5615452403994294,-0.8476301488933947,No
-2.6482540230174476,0.8184419609546998,-0.641495103469595,-0.9360309041144997,0.5338841668146926,-0.04037815045358743,1.724257624439302,0.7796411609559039,-0.5800585363885374,-0.7976714180344241,-1.207644308358212,1.3004636057209529,1.0810119710466863,0.9337074092656443,No
0.39822960880373537,-0.8611864269845109,1.1936236280945378,0.5092917719540692,-0.4039795119832549,1.411827199217141,1.2153795942524546,-1.549983670786666,0.26909773209653853,0.28596915706907955,-0.7047781792518095,2.2065238245713417,0.09929537556677126,-0.6475122414878907,No
1.0910235705574012,-0.4850642085488644,0.7973489303457055,0.9663738565847656,-1.161176827781329,0.28562184368795324,0.37076154021570945,0.15816727978879955,-2.062261288335233,0.5437819014882298,2.050139066373487,-0.3979596547989292,0.2512138311168952,1.309704110456702,No
0.05656055289256615,2.716794133055825,2.006403670279766,-0.31617896650241417,-0.2226539128199788,-1.9790608449659002,0.00769913831402165,-0.4197065680443911,-0.491299141499947,0.2737041474774784,1.0721080142715453,0.7793843427381446,-1.2957548236682295,-0.5651586073169836,No
-0.8737975942180278,2.162787797768226,1.5156711944234134,0.06030261972965003,-0.6066826104921021,1.094907222513483,1.0274261229834116,0.2846018358857187,-2.159010247292225,-1.8016438536542296,2.915528495782335,-0.08501665445548574,1.7381629641533454,0.0605959146088407,No
3.352932294849509,-1.6789020092978908,0.9067165657978445,0.3017811022211897,-0.1696199645454383,1.1243487480999657,1.5210463730271642,-1.1962848495155078,-3.122437774567311,-1.509033585426858,-0.19488759079876508,1.1625125336815323,-1.1582141265884207,-0.7301180310324696,No
2.216238488531597,-2.2540182949272154,1.506916645247565,-0.47981361419079016,-0.7345552385030697,1.365463517980048,1.254033754365124,0.6844779473631384,-0.852862594242225,1.2206700928597713,1.2788820304735924,-1.2005867622066153,0.1407743810944893,-1.193243157549603,No
3.1310966766675197,4.321139515233562,1.0933295199363793,-0.8558732021665761,-0.5394686492227827,-1.589823880509949,-0.025934978709188046,0.223875617045933,-1.5804908318395852,-0.6088368330741573,0.3740146387083206,1.346779688440343,1.0818533147811291,-1.6811427387081526,No
0.05675886720542429,1.6156035410196357,-0.8623551497311199,-1.6186091247286138,-0.1432004486326149,0.9842199741030205,-0.3216907812745272,-1.4130797259354386,0.12006971992485353,-0.7013280311874024,1.3812290195565389,1.2757188597323414,-0.1687985307591214,-0.45854806936153314,No
1.0430496340470923,0.4874368027895333,0.2968608694507533,-1.077082627085813,-0.27136150627536976,-0.23349099621428207,-0.5259380999195138,-0.6533764978736695,-0.2302713949614591,2.4588813481703733,0.2647480079516939,-0.7310246567136065,-0.8761387807701068,-0.6920856123266794,No
-1.1412157309834172,0.2511595542060855,-1.1331369407280183,-0.3112963580189463,0.232200067019246,-1.3500370910499717,-0.2933868199818915,-0.6508748616501417,-1.4703530308808794,0.15552668530488398,-0.04983812198238058,0.6713520616901775,-0.2554396815176668,-0.021146560363735273,No
1.4365348329928127,1.2824479784268776,-2.156442719467467,-1.3714079747147279,-1.294889423405408,0.8368682073121366,0.2252311448343889,1.1131923663506509,1.2971181886431271,-0.19985891119191226,1.0079449938822398,0.6800259154318978,1.2759296435798202,0.601803796081969,No
-1.3487431316203007,0.5418217247697982,3.4603157043621784,-0.46559688020702267,-1.579241782932472,0.669827339217707,-3.6057038031407114,0.6289204145747355,0.3025829542269365,-0.08646574194581921,0.34750618431446645,-1.3298378544845393,-0.41028309888803793,-0.4142464422915284,Yes
-0.7294153235377591,-1.9273887574470865,0.986427938866905,0.5907565725429922,-0.14138243909171921,0.603280634170887,-1.5868181266032784,0.6976490308557398,0.5893548548394396,1.058896985767142,-0.4485517013375344,0.530909226665011,1.1143319358989336,0.13537815653559626,No
-2.0858151946262335,-0.35269547503148896,-0.5484285071880627,0.31463492045110375,-1.8098072332106798,-0.5190337852190288,-0.4342162690431062,-0.3572451238308388,0.1286436409015591,1.1498431344593383,-0.3499862157063476,-0.05072154039686854,0.5926555791543864,1.3670214287059037,Yes
-1.9913080046954195,2.3184792948546575,1.5320839341736974,-1.4072708993013288,-1.8183702534791708,-0.3908575361680382,0.4697377879512373,1.0091004416086649,0.30177705578504554,0.417295888868305,-0.3869798525908077,-0.3097256938510652,-0.5902922467715934,0.13572283348962047,No
2.407733887908418,-4.125227747978318,1.647894443296083,-1.7651233948946494,0.6270017901708861,-1.5771254823414589,-0.2225597167678227,0.37249045824860644,-0.3665526220652995,0.5918815716794846,1.1598877049082192,-0.534965724174742,-0.11207835448104131,0.9439132908234057,No
0.20841247861340567,-0.5947368057789313,-0.9372993861309215,-1.9446688329109427,-0.018976021008355465,-1.633034951125765,-1.2299434424197377,0.45223238742717947,0.8115022412270338,0.16061497845787517,0.8536338614933832,0.07239507011373979,0.43389151161711526,-0.4867581668923653,No
-2.0972722861158775,-0.20999876105384344,-1.4790765502429593,0.3761765438664824,-0.6572837362848334,-0.704166953818688,1.098187772103685,0.03885669495443763,0.011308353901411402,-0.5570436719490771,0.5079287821032271,-1.3679754785855978,-0.1734481974839585,-0.521349470376259,No
0.24672043427949877,0.6065444169646076,-1.584586201346336,-1.3775869793041553,-0.6656907658497929,0.7897423379910004,-0.954640363661382,0.08758036445378539,2.5227819850911035,-0.6503265104656588,-1.3085246225498604,0.7124963305747883,0.9539853028797625,0.5819232795167348,Yes
-1.7645705196001717,-0.23491975912477028,-0.8414094109426926,0.6032015330653389,-1.487922163414588,1.7969774514055175,0.2975245538449693,-0.3697929819666342,0.0941859137806863,1.0479221476987965,-0.13610841290035192,-0.559004392782093,-0.03959343903514072,-1.3989997688082536,No
3.45571317400321,-0.908521296572843,0.07160588951496137,0.24128659841687208,-0.06277116662349125,-1.492811515957595,-1.0701411436438246,0.7369025908490658,-0.6923340916103058,1.5831235315648131,-1.638429091355182,0.2764735834602072,-0.48175062793424267,0.6593561075569714,No
-3.347755339884901,-0.12836164853293452,-1.0668497780089086,-1.70402265735905,0.47450708293752925,-0.9730845593007604,-1.0385169825487073,-0.19162933928546114,0.4757629413458237,0.2911277559272801,0.5245062003817186,1.228022539060202,0.2964964886191793,-0.7182527386075064,Yes
1.8826609267003387,1.1032563032609186,-1.1849797053862532,1.7675733689950717,-1.8888926478151962,0.3256730831876888,0.12951444451400482,0.41960073542400916,-0.9905207459152936,-0.428967825535843,-0.6980828754980499,-0.7140721037688136,0.12359831131805848,0.1342806930042961,No
-2.218871059805148,-0.7752714911998191,0.8668281440988588,1.3734318097435934,-1.6950807705394235,-0.2312119872443664,-0.5495246878467154,0.3614893397070669,0.877288426746966,2.156605652351164,-0.5631229495163868,0.19910581962250057,-0.5056965345356994,-0.9699326184739082,No
-0.3172416044916547,-1.4163889869939534,1.3783442904111285,-0.95797188731257,-0.20710175199275707,-0.4202886135453272,0.7188326531007069,1.248598556789998,-0.4443084832282618,-0.7796782045609855,-1.4615102307400292,-1.4233148325666747,2.177454834408963,-0.23428795316957218,No
3.4153838412988073,-0.021829123417147295,0.41021235162820036,-0.48565398926806197,0.5148752199698571,-1.0165995104400436,-0.11029216739083422,0.08851815142111379,0.4157057244332892,-0.9465305929125639,0.08067441936841183,1.539390486363913,0.11547791924602968,0.018296894532937754,No
-3.4083551403324477,0.06752973839200119,-1.1808758076410142,-0.8545137328304017,0.2984395761806076,0.622017065012461,-0.29080538590199645,-0.020374347372903424,0.8009713392381416,-0.9217158512438548,-1.0705886070727006,0.6593723971759068,0.5870405085305299,1.219817945299693,No
-0.5946589285551295,1.0973834325799254,-0.2893391568432852,0.5076424038247421,-2.29502417878859,-1.2133170837437366,-0.024643014703029875,0.3294136865286931,-0.7838489322256532,-0.5351164496876257,-0.22659837358747142,0.8837223008129128,-1.4560781238387674,2.126822754636641,No
0.8057600660979596,0.11312548212379997,-1.4774260644305022,1.1095145274630671,-1.1547038424902605,-0.13053771202261522,-0.22608855224978416,-1.2476787908446008,-0.04582776730534175,-0.015358860673893557,0.6941407862526537,1.1196384463857605,-0.004106601796650677,-1.7389889285117581,No
2.5393983074241424,1.163259829280169,-0.7692717246221571,0.5885672282672743,-1.379312638628819,2.749270524983186,1.9099315233893819,0.5209258624691565,0.0067917310524364186,0.2983110520800037,1.7463138936530946,0.4813317655185381,-0.5489067705607492,-0.7751194860375318,No
0.7014367403540627,-0.24776395448671087,-0.0102387656191416,1.0322405042133682,-1.3093088535482735,-0.33160088659971,-0.30810586422739167,-0.09866290772705848,0.7623925995746269,1.0830609573834367,-0.40974578387544286,-0.8038799360248156,0.2412662723432896,1.7911351886008624,No
1.064922863415172,0.9119241746683295,-1.4142262958394418,-0.14650033698130144,-0.6046040516103228,0.3029594575922261,-0.41979492417932124,0.45787659270441544,-0.5348798047302363,-0.8224240760860917,-0.2647259299236782,-0.6675959166909214,1.5939689969473563,-0.7717999777173119,No
1.2180633186959788,-0.4779443343824116,0.7670431653453811,-0.21056516957488464,0.36897078193475996,-0.18058440273567544,-1.4203741510734378,-0.6883123275313171,-2.67907668528185,0.5888843895457759,-1.4554453980931006,0.6241011273154289,0.5250864423674363,0.5892748170774071,No
0.1828748515399674,-1.5173217798976137,0.2267543992632211,-2.187539412463033,0.8365477971183622,-0.024046626956092918,-0.307077694691521,0.13475853022543793,1.7958647524741231,0.43318177312742195,-0.9904893686055306,-1.4432704831819871,1.2706221995875142,-0.8440666700622286,No
-1.5670560346783435,-0.20297428918119972,-1.1219665881567158,0.11407757541523608,-0.7852520678517971,-0.011769502674808852,1.0273192942414946,-0.34739401564736594,0.3328728444062391,1.0679834619397248,0.11609488703206827,0.36817552476049525,0.7411206465234833,-0.5045611132794068,No
-1.2674307269967022,-1.2498800267716859,-0.27042478178894547,-1.199340031979632,0.5118647084508339,-2.4166907216838585,-0.6660372009143803,-1.650227761335072,0.14853221590768573,-0.5974506164611794,-1.2635962089496062,0.3080219870012886,0.14164255783047386,-0.5588933281280788,No
3.873187905905436,1.6137230660451936,-0.699863767059934,1.5291162320614595,-0.6395615463968926,-0.5814972591532901,0.102928543451115,-0.42171872584082654,-1.1145204835949545,-1.3924861081341247,-0.11240235849431089,1.865215637451922,1.5885855656114902,0.5547238233494641,No
-2.0208164335248933,0.7311622115060283,-0.28826666723874367,-0.6871009066899473,-0.8305325057260826,1.2985714726785225,-0.7878114787858689,-1.6268151019010941,2.2766311624893976,-0.496175933860433,1.1587477133778312,-0.6119790282743667,-0.5712800990157806,-1.164302012081863,No
2.1303933780300426,-0.8275672202096863,-0.8494317970063069,0.5651605000679514,0.49744812178809744,-0.15812975615892677,-0.559589805487879,1.321436516671876,0.6510940264509436,-0.3800780172601227,-0.08211671035888544,0.8106741120592073,1.2248375902573434,-0.987470884096879,No
4.612954223354754,0.9288517500308322,-1.5801855508967313,-0.4176328923520556,-0.29951357652124394,-2.7046005120863317,0.14087201966006116,-0.11321713886121595,-1.5051092687885215,-0.9449284194905894,-1.2644186800039594,-0.19046751261028497,-1.6298613727149773,-0.5053276467932445,No
-0.16925603744540352,1.5256031541626884,-0.5804056384516596,-0.9254858674684793,0.5601202563643615,0.47792068797155823,0.6558675313446376,-1.1453148946565148,1.7689318324453505,1.2378462293096961,1.6496372326851985,0.18310828575517815,0.17418943215614055,0.7881842346316424,No
2.1409638569478004,-2.8065482234489307,1.0201255998637826,-1.664241467668701,-0.721039811094715,-0.6514296445099221,0.20713299599278087,0.30387069993137056,-1.1165758739263014,-0.8764486600639093,-1.2742430571551449,0.293130303807516,0.5889039366723778,-0.5316882998513582,No
0.8879287611956591,-0.17595662040401241,-0.1446352114261744,0.1966244492723335,0.36164648006013717,-0.036822638192219634,-0.5134976823782004,-1.0115049932915858,0.14807734508018267,-1.5201281266848736,0.5471072447548386,-0.12601357831983875,1.9904818270141933,0.4563450721192834,Yes
-2.02036176947193,-0.1362613911636063,-1.0898611202550812,-0.02370466022582969,-0.9903409211746083,-0.17575284620809228,-0.8227984065728331,0.08973017280282669,-0.570577477707744,-1.6181859195405117,0.7007868010510451,0.9295061246570578,1.1944256340470527,0.39575958715674275,No
2.1426114187694596,1.4646176339847308,-2.624308113768129,-1.4372543726763292,0.09279340261769631,-1.5953195936042357,-1.3730268029526158,0.4714294630352752,-0.5292303698358664,-0.38130044654626566,-0.5778261915754761,-0.16537018770528147,1.3151287907879525,-0.5688778284646197,No
-1.2303975657841542,-0.05667767895404334,-1.386491803223009,-0.3961107191619256,-1.0707339015011812,0.7246155048426398,1.160943848085299,0.6179351851205522,0.6768965371428465,-1.2243697945348733,-0.03283127062655827,1.134939089407896,0.2664810441082579,1.4695353875143247,No
0.48334538946035366,-0.32429877694123427,-0.9905481905961567,0.5640303262496348,-1.215431984483141,0.7098400042330247,0.7618304753770653,1.4068445344507123,0.5987051978374694,1.2571940291509631,-1.169680098729354,-0.5680385558212105,-0.14343363740991807,-1.8044860916487548,No
0.11019368383683666,-0.5263862510303232,0.32389359916067056,0.5745680481052237,-2.9088799743026312,-0.3333534379966933,-0.9734887046897744,-1.408140701994949,1.5586832576125518,-0.48571429609651023,0.37637212935079933,1.617956175547391,0.31269562083275854,-0.6641634857658625,No
-1.7792798061078976,-0.8022867254436296,-0.23977768044256523,-1.237934293392798,-0.6596321342019247,-0.05402060925012171,0.21417211126663507,-1.8317313677383382,-0.9083735447812611,0.1262196055138855,0.041224635332522866,-1.0212727704808537,3.488461764834861,-0.6884765940793386,Yes
0.5423338486126218,0.9128198746190574,-1.4819498099803228,0.27510096974997256,-1.7440003468195033,1.1581193917752373,-1.3464544804401941,1.7736811236183743,-0.7294851701076931,1.7268699547522006,-1.3809949301120021,-0.42454891945340817,-0.4291383629026859,0.30986326597470965,No
1.759527335121599,3.8359350088521245,1.4192039683230382,-1.1909410542792327,0.40130671006939755,0.9232006780656491,0.0249022814150616,0.2562791909186482,0.37366876734752136,-0.8708049266914338,-0.8269504023300035,0.6680307775681005,0.13217639574764,0.18725309398226148,No
4.730928822938136,0.48389771948501703,-0.6235120491651021,-2.025612100408136,0.9486903777593408,1.7624387329449895,-0.319174363723644,-0.1709021461711233,-0.641842052519763,-0.39767648519923465,-0.9123958910220792,1.301103420339148,0.030883833274163195,-0.2494516530426838,No
-1.4768113369970588,-0.9087064344143035,1.0415832980773385,-1.7643953089217008,-0.42596032122534,1.3784475783969539,-0.0983472425188408,0.5728147990062048,0.12059556261142104,-1.5360244059104462,1.3089905120380658,0.41181295138751156,-0.25525093209027294,0.7070129208086152,Yes
-0.6714208800899623,0.04860253977604646,-0.6530859744802129,-1.4491220938611302,-0.4622191614716694,0.47462490991663525,1.3162476345081955,-1.9949688016272502,0.0738333219980724,0.7621836137119429,0.5714108620563875,-1.9228826636663872,0.009236453781998407,0.421758144927991,No
2.123215474576103,-3.3923408065923235,1.2731274476914867,-0.9719714384199818,-0.5213937699954312,1.4666119594697178,0.27405464622272546,0.9735873209205331,0.9924293149486374,0.0936884151940181,0.2976180239558819,0.923915313987785,0.2559127553627471,1.4245133649266581,No
-0.17684827412833268,-0.6157329547042363,-0.8187573759691759,0.19915242028612495,0.5154552785529513,-0.11720132014241227,1.0652195874750632,-0.3100963457027077,0.8419983290801407,0.8162758176643532,-1.7000530528661484,0.5570652926598134,0.8927238017919114,0.617505059996773,No
-0.9974265807748227,0.18620415584176347,-1.2747026930343983,-1.2260004879646011,-0.07055774851360888,-1.4270343181889653,-1.3556427466620458,0.6365007775812197,-0.6166030977306969,-0.7542327306403233,-1.2334263775342014,1.412534149322573,-0.9918883358364444,-1.9695209702852936,No
0.3201158839891898,-1.830602294276877,0.2705603077775993,-1.1170477533739545,-0.9100692238995253,0.09081450208096692,-1.2225763535477723,0.2814396533338218,0.4600789899047525,1.214188304432336,1.6303830681796132,-1.8094227147153314,0.17209880841746505,1.0786773030418964,No
-0.5266106383232969,-2.33031451898378,1.7932508254693464,0.06334787892877755,-0.5273986970560877,0.6378791292715211,-0.4312131654014853,0.07246620150413657,0.9983833025098987,-2.1340958483975783,-0.21868545952710733,0.1607400805747843,-0.8492268585620772,0.9758366688499384,No
1.862881469057323,-0.1669024665287678,-0.39483609899683264,1.274387681955752,-0.2832835873242824,0.9811103838483001,0.34665473422240717,0.7774359345252349,2.057840661677397,0.230549207026233,-0.2247633931938137,0.14763623904507303,1.4066744680650027,-0.9842789954497403,No
-0.9107884596109288,1.6399188867666141,2.7183107449384054,-0.8964861636986686,-0.6455501025054495,2.28948897475696,0.752458467647004,-0.26905604136975325,-0.4665698324521298,-0.41674067600425174,-1.8578170565283305,-1.0385293592051263,0.7009855516971694,-1.8637139051455358,No
-0.7967673500217896,0.5331441832774988,-1.8593900353291908,-0.0450012565331457,-0.00024728481636276023,-1.8748669517126464,0.3912731092236133,-2.029122141159105,0.2941623846367345,-0.8165040067159682,-0.8933157687637544,-2.4577199573140436,1.3930068895280137,0.30673371441756114,Yes
-1.753767396786866,0.5413183170993731,-0.29869589850314554,-1.2852301760858384,-0.53933306206818,0.23745061349792138,-0.2024519816904899,-1.6117697713658954,2.3068901981424013,1.2049527118936705,-0.43217461048339934,-0.2575822271069115,0.781531477595049,1.0063614260284515,No
0.0597607590118145,0.4599147871794603,-1.2652439862229703,-0.5245449112864763,-0.06677711556565734,1.3625503491746387,0.5417338558674408,1.0205336442691249,1.6585658271198604,0.46324586230710457,-1.7502578718737634,-0.9533959794124183,-0.502434418939352,-0.8706523984466055,No
-0.10811706711007614,1.1983755578227233,-0.48376855487433323,0.8236201901383178,-0.8436290664867719,0.44977299432176276,1.2108439223738567,-0.5861865823121912,1.0309075869151387,-0.3988291420858864,-0.13090475670501733,0.7564571953698986,0.0554475536704413,1.7130420458645035,No
-0.6526099954478233,-1.072160140252926,0.6511662309523808,-0.645340431462879,-1.2379046131325817,1.5999544524342117,-0.7526566046386627,1.6120555335072877,-0.30846645513707455,-0.3195113125747204,0.21852837564608799,0.00937998197653989,0.4757091207777549,-1.5917506277003433,No
1.891688816008313,0.9253083013820184,-1.2151396682925208,-0.482408112242456,0.5908190047213168,0.698219914484386,-0.25116971809612954,-0.5133302388341853,-1.1542739738089622,0.3967274779851204,-1.2869376802729229,0.7006559751362098,0.26503369843134067,-0.5656920721974766,No
1.6424248496486544,0.7247072884662227,-1.2441976293071533,-1.405383559632141,-1.2701050551188322,0.8189029835230118,-1.48959843264156,0.014960664143126924,0.5878502281966281,0.2032595707545159,1.5678345935773315,0.5244577241453866,1.2484207847897855,0.244406205961639,No
-0.05759190544570205,1.1173813953308414,-1.434227376391289,-0.9611284527028041,1.4145542170292225,1.0351054546222989,-0.24637934817264648,0.6739253794590601,0.2997146108786485,-0.9487831138586167,-1.5687556513952345,0.14566168302596255,-1.2826439846074666,-0.30972663538829,No
2.0883643676957266,0.35983728692822003,-1.4174483122708832,-0.7177778760233423,-1.005142084316276,-1.1516833754211844,0.985380102216548,0.49176598834015806,-0.5407576996137886,0.5456226224029895,1.4403584629483137,-0.2752016502745311,1.074077588900611,1.1093232304364886,No
-2.4030563480599323,0.3021983929826803,-1.178186284895741,0.4978959796836909,-1.748669102733902,1.8222516896576564,-1.555167162201757,0.7401115554790202,-2.1232692305471685,0.5270871319934379,-1.0541104932874574,-0.04568736502448965,-0.43112632132545525,-0.2580752561486061,No
-0.4821842560386703,-1.2004181440167683,0.3329593701940981,-0.5298695418550724,-0.04946269789042184,-1.8524347848500888,0.17462725025805417,0.4291422468578346,0.15053321871142392,-0.55277842561461,-1.1058175246957884,-0.9320200070545531,0.8682768391458692,-0.4154959809039251,No
-1.9526223982631004,-0.6638468170928826,1.2207714324198085,-0.6873012865170531,-0.3179407463390721,0.37426562967234583,0.4036912811937337,0.09352983834748592,-2.255511357221421,-1.1116443863433816,0.3548288771271561,2.2883163229655774,0.832653256347616,0.15205947206658801,No
0.6126555144733116,-2.28622218955499,1.4087946019173663,-0.7030711200818515,-0.16318010741691047,0.8990165298153898,-0.9794153840821704,-2.1823625038985948,0.2644525717911125,1.9149373765978612,0.06145677803958413,1.2954087318150662,-0.3568403415870072,1.9888722122908473,No
-1.5403276474179672,-0.0561944974770137,-0.6878073053411834,-0.5380875546396429,-0.02426296173515399,1.2530310051247533,0.012608262579597134,0.2723430263486313,0.3593588768403291,-1.1156766751679201,0.9612827377699734,0.6558437434987782,0.16869113267923644,-0.2377010286589802,No
-2.0167755927445357,-0.3951161468404566,-1.2530827228402401,-1.809095506015828,0.37445951048031983,-0.055987845929358765,0.848238749553503,0.574811297382237,-1.3795027051318698,0.5803364662216176,1.0268837188370519,0.1839867578819382,-0.25379407427642847,-1.0458986437691284,No
-1.3012543207837355,0.1593107465215985,-1.1844599046738549,0.3526488243688401,-1.2464888862034147,-0.6720487819916034,1.6835916002150788,0.32332245013766076,0.24366716214073267,-0.33015632069288897,-0.12512689430412924,-0.2975480326850253,0.08327634101578434,0.3218874737350437,No
-0.28961062694190937,0.1651950500126601,3.770863591080519,0.1830568259780268,-0.20837176990890183,0.9498355336421523,-1.9384915601554604,-1.8061641375285895,-3.612262185174518,-0.1546312712192649,0.3893509293889452,0.04194569372682276,-1.1417732657357527,-0.4893315646346179,No
0.975915099445854,-0.05105544924137781,-0.7918595007878609,1.214619583835422,-0.8751753261479309,0.37515792379885876,0.13565677504031165,1.620948685146635,0.5265309324509208,-0.9636121387936121,0.6141183446713385,1.3565071510537678,0.10036177277857165,0.6535930551531975,No
-1.4385787613248637,-0.9758829762727768,-0.2795024289498624,0.5800371381588493,-0.07299101149942984,-0.15799728938491317,-0.5438792782335965,1.206848810953001,0.10327853077665147,0.7461275190395379,-2.1631532556647524,0.6648093055906508,-0.65891381020092,0.8686147959865634,No
0.3826735177328873,1.4814396883783252,-1.170356710183494,-0.6437182435087119,-0.28108569591221827,0.2595294037709241,0.32631317568159535,0.6025429128693361,0.3160972585995005,-0.15427454903145899,0.6228068609414367,1.0009176664507107,0.8842492300916254,-0.2788294465756375,No
-1.0891081447683268,0.6427213037219349,3.608964498314564,-0.5903446244560012,-0.2837324989110008,0.20669728987932406,2.5121210311267013,-1.5236452769015887,-1.351869076663695,0.5403344558133002,0.7804846548054898,0.4227477478374355,2.3369089882606007,0.5625712294991222,No
-2.5767680449843873,0.3193922855485099,-1.6651881312891603,-0.6396960909320717,-0.5356202976279746,-1.358722329349615,1.1561350773336616,-1.3364713267353827,-1.596204947283402,-1.2591061659919704,-1.6103853854031387,0.5196159367794337,0.17740214540048932,-0.23295829252445804,Yes
-1.478160564274619,-1.449473522767259,0.4877145533794488,-1.4366928619580224,0.18363023750041257,0.49161461949858815,1.686069154747463,0.0917505564526144,1.3160631057884948,1.0871174285718235,2.15210868785206,-0.1544789607147774,1.1265959708049478,0.8232133995635601,No
2.354490775444463,0.07227747278653851,-1.136891399013871,-0.2720422602731467,-0.0739951952503805,1.1758842958141675,0.7612561068579421,-2.168880830720458,1.7544416944876458,-0.014135867652990153,-1.0079535521431973,0.9698995620751478,0.6054575404340744,0.12811255232360083,No
0.10503012537519048,-2.0615511195088283,0.105999035669003,-0.0943860533874199,-0.8945248098199288,-0.9063276551824926,0.48873876976688163,-0.06753265670777538,1.535241300502718,-0.40171109620828993,-0.4803457081649921,0.33654432430365483,0.06902603999620567,-0.20099416613632298,No
-0.14127222002901585,-0.1479730764072131,-0.9003378173918785,0.0979100286150541,-1.1761472343432189,0.015564329420062837,-0.6424931754226372,1.755543607393341,0.9867608709057551,1.0668238795184604,1.7078194779738085,0.5633705671887383,0.9126167073537469,0.2718513713105296,No
-2.4378627083639888,3.1756243519933167,1.8353885104378806,-1.2455384818468678,-1.8836989963907609,0.2693645429641285,0.3518818085282961,-1.7292837120654458,0.3315593695328454,0.16439098536683397,0.26262214275069345,-0.41395287930801455,-1.2623917824137965,0.27086064736065213,No
-2.6787714650127534,-0.39837619864364654,-0.7335799235872725,-1.526303483644035,0.15600252866908562,-0.06605901534381806,-0.33349804176795644,0.02309421663382787,1.9300951585789643,-0.14482342732054007,0.1252493629845889,0.45817558760844507,-0.8917315479531377,0.40929784763566746,Yes
-0.7143492249961894,0.8501604495864723,2.626318426162725,1.1920993222495613,-0.10465046817898982,-1.2383882762926226,0.1871210407308357,0.9211133777828808,-0.5976974497840839,-0.9437361624029891,-0.04049542914763227,0.5112409165296312,1.0768556250210943,0.1546511650714505,No
-1.3145713171938367,-1.5276491216246084,0.4821099085243005,-1.5478966333044692,-0.409073915118324,-0.2895079278176665,0.0680418073411318,0.5745086070782192,1.450654374970772,1.1943797813673107,0.08112219844126142,0.977419857130863,0.24583945308938715,1.446830299306672,No
1.1397204880664298,1.143982970447002,-0.6695452472224228,-0.6313156132118198,0.08222059945241264,-1.8229072595245985,1.3610374860474739,-1.7969490746529189,0.04730375346825667,0.5396427113945927,0.832887686129679,-0.20879658133468976,-0.3542976896791608,-0.014610915635685949,Yes
1.030734373911724,-2.073148038115453,1.2397830899052844,-0.6402045912689924,-1.3449073404520198,-0.25114772555390025,0.1904709180801035,0.30490872854590223,0.22019021730576396,-0.07593953375970128,-1.9563031367710941,-0.5993449596350134,0.44364503157001034,0.024158269687378414,No
-0.7733517523586748,-0.2904082090152262,-0.6729062671781162,0.2630360153298976,0.9338980741577545,1.598712898642976,1.5015522866770823,-0.3168377171603945,-1.2474866210588205,0.9029321398169935,-0.8759820803350093,-1.0576031238539632,-0.34105732043921644,0.8754286836710067,Yes
-1.9829103570003719,0.4780066355493241,-0.7662720095266041,-1.245375194757372,0.2932952796200941,-1.4456114557080968,0.8743702398837057,-0.6870560873625494,0.8816411229782317,0.9725157459456139,0.24057967148069956,-1.8664346256972144,0.38029297211730756,0.8506029250721645,No
-3.0213808969363067,-0.2919625242118302,-0.49025056699578695,-0.016964683025528438,-0.28869078087011785,-2.4416198442782746,-2.5732262634262892,0.2818384958084176,-0.1682218572171827,0.2668187144047292,-0.009209281160608627,1.9389125623440098,-0.32590371356194864,-0.9903812186491412,Yes
-1.8603519055265452,-0.9158825233951494,0.49472906465721095,-0.8773541037620458,-1.2198981671199995,-0.06159031509861981,-0.9237472291726763,1.4171801357113087,-0.014038752961692645,1.6788509023229967,0.5134762897091316,-1.0583272707836329,0.9509178001518372,1.0148575008796292,No
-1.2450123876367312,-1.7245189809063006,1.7977870537837843,-0.17076337879795173,0.5814052382403978,-1.3982348319019011,0.7767513612345924,-0.054017806416727494,-0.6962562993681634,0.005658366709994243,0.16930927408013483,-0.7196645039866881,2.1302198331250644,0.3886796136839716,No
-1.83692469414826,-0.15155127629899773,-1.3803849604835856,-0.14431038648720537,-0.8855803859320107,0.24951545570924594,0.27423600130417153,1.7895345826627258,-0.576521832454654,-1.4760528872034022,-0.29933245222650184,1.274222935602829,0.6432205784176914,0.23899379895133738,No
-0.416535010762991,0.40160278557457946,-0.5907643055847016,-0.25617729493652647,-0.6053022785856409,-1.3343847167104477,-1.4546717891934442,-1.0844563849123756,0.304767232299656,1.0717302303924399,-0.3521225675444286,1.4864542151490239,0.8935267164486367,-1.1242544033611748,No
0.9766933933775092,-0.42689251468045003,4.774733425346519,-1.979745500113853,-0.6412821556267935,0.1836967819365594,0.2998188408366992,-0.3125774178744241,0.7232283821591623,-0.1513864236713426,-0.6076923255777991,-0.3784089510225776,0.03683191086043653,1.048121686700498,No
0.91074722574712,-1.033850613371637,-0.3663671567929616,0.29757455087826606,-1.8507287447110354,0.9937550494123237,-0.94180786337825,0.2527548112534479,-0.8411038640018139,-0.18831014424325832,-0.27986279686425847,0.08436835215367997,0.3519429787114163,-0.636553360817096,No
-1.6965532924897784,-0.7068757883467516,-0.49616390863426624,0.3514528902105516,0.11499001547839391,-0.48062435387255087,0.4906275332366179,0.46120460317890516,0.6242436387641553,-0.45007233027905685,-0.25684137919281386,0.6518917707117778,0.5679203823352209,-1.1712358247733945,No
-0.8126083101890235,-1.2958034316600804,0.37707110931680915,0.8078384996671909,-2.69184078583712,0.7809586080485229,-0.1446979110926709,-1.4464371096590267,-0.01717930086688462,0.3015931480172895,0.6608504358709683,0.4127451832746513,-0.5497301777317795,1.3297433437372885,Yes
2.524790274467352,-2.6856602410993284,1.2225896888687038,-1.2221187176647328,-0.893406901619491,0.346597898318119,0.03534292786942797,0.2869235804568542,-1.3321255187683836,-0.1337976980924839,0.0443109484692958,1.920407620712494,0.6799444278403509,-0.2041353692654862,No
-1.4541044174579838,-0.4217326095043016,-1.0053271388487623,0.16485259749337922,-1.4747692366108642,-0.5306074962782198,0.5455952269448073,1.5931411940966482,0.8500190016432413,1.0944378475392047,-1.4065643560881254,0.48638553385106253,0.39056334028235484,0.9274006130784342,No
-2.985569548567346,0.5298391402258219,-0.18346574560991966,-0.6710377000314584,1.032347350085447,-0.2010617537785316,0.4563278729788584,0.09527336025720944,-0.6678661767978782,-1.096854181213707,-0.07831712892935817,1.3689521597272614,-0.8344890738846757,-0.7779068229090604,No
-1.7065062586744797,2.9799881300019564,1.249894608159765,-0.7234606853247381,-0.5298534771382132,-1.9721819965895304,0.33315185113791,0.4374624157114731,-0.2357099482071822,-1.575769443600645,-0.7341894356501848,0.4393913254346474,-1.3706763044630792,-0.0004244572980540824,Yes
-2.506380091501286,0.03604403007268528,-1.0146294906397881,-0.6073686961901695,0.060992115677948794,-1.3848310617072799,-1.5993008243993523,-0.9177813916790418,0.08097991494577354,0.9954011204046955,-0.3026853360727245,0.7531355826414072,-0.18534751794312976,-0.7263962458978268,No
1.1297207284223074,0.6140726449369421,-1.2665592844801161,-0.41500042587148844,0.3668770994262864,0.5312069287795285,0.899800756057664,-0.9779739587744414,0.5960692734259131,-0.38005497699859275,-2.0930173996726538,0.12415436126809666,-0.7287282228246785,-1.2931851940635912,No
-2.622809872955612,0.9221888386593562,3.138120096395043,-1.3813094082431454,-0.6527994561914084,-0.6036597892158109,1.1096250188689805,-0.2452854624799835,1.9699099799840392,0.6551948879081885,0.38443238637249116,-0.7690282055279233,-0.5353145866133374,-0.2119840424998169,Yes
2.7721718897246945,1.7717104136216337,-2.5837592585244664,1.3531863132063582,-0.8976489515732364,-1.0611133231296987,-2.0982304505471774,1.5170818597020317,-0.8805499921354853,-1.3265659955265978,0.721221404885048,-0.269010638102439,2.143904782971461,-0.4432040816359615,No
-0.4565676359845584,-1.391579214326994,-0.2596997893383526,-0.8073472190181453,0.3543572960539946,0.002750628231904561,1.07811166149146,1.9499262817249186,-0.4427585129205607,0.1966684726577782,0.8723010993196298,-0.675414312104104,0.24644725646768514,-0.9318462350291413,No
-1.2638369788319481,-0.5537202691322798,0.1059178194838702,1.0067431807484972,1.0058939174347308,-1.791520609919601,1.2811040097654929,-0.7212287398282297,-0.42075337277266595,-0.16752549734649738,1.1114816331674695,0.4760877105150285,1.4201239461986515,-0.6860225097500293,No
-1.0196860126419602,-1.8310507438117563,0.19322383901827514,-0.815283300707646,-1.300112301364833,-0.43805279574069306,-1.3045498024966613,0.18339857194762302,0.019490028483567002,-0.19566868930268785,1.021798125663718,-0.4483778870078609,0.615893754498736,0.8452105133188186,No
4.409045812060941,0.10935576010632135,-1.252198157119436,-0.07239239036303478,-0.7109171081720933,-0.06824065538897701,0.9735010538801745,-1.3882261419572832,-0.5064129193326983,0.06669731375300605,-1.4814591647627675,-0.427065535164756,-0.2869594545787623,1.1094292404489008,No
-1.0463869251895361,0.2805823899688185,3.641440380626259,-0.4451444627865089,0.45056112170728185,-0.13329989869953723,1.0163357106409212,-0.7772765713393396,0.1752466405445602,-0.3885510843920737,-0.7517068010319503,0.24819376871218723,0.7615973048461063,-0.7392049744556731,No
2.4728375162598013,-3.1679559663835843,1.156986633578365,0.0627407810021947,-0.7235839425063348,-0.5588818658742863,1.4819001428058063,-1.420542534647607,-2.327866482843269,-1.17528004267964,-0.20780744649364324,-0.22157492272865528,-1.5173880250247094,0.043669541022405146,No
-0.9716540340451785,-1.6094499766340944,0.9221888033144834,0.5507730521036152,-0.7550824430776277,0.8737723512125042,0.9814952708067973,0.5591187308690184,0.9245804647424573,-0.582543315787481,0.15244672414161597,0.8696468522619107,1.335911445890043,0.7655927151977716,No
1.3201618519841785,1.6408702256756198,-2.394533475247592,0.07965703291901594,-0.8060767042288904,0.10126220425271085,0.6919252262618052,-1.3503683366368033,0.0042209043553814865,-1.5323345706285383,1.4849700540008788,-1.9030925902604932,-1.2911128508527048,0.2777594825729052,No
-1.378784897534804,0.8368149899708466,2.8321745914362415,0.1758692061421106,0.42882271190749216,0.7839286113476664,-1.8159558213452514,0.5190393055487742,1.5136095462280499,0.466727916598515,-0.5430894081458452,0.7916999260078824,0.0009123894680274897,-0.23088991032419093,No
-0.7959402010836772,-1.3396297283861969,0.31560874229475555,0.026869043982074965,-2.2096233940989563,-0.6526098936704744,0.8704073136990887,0.24617631672262516,0.7966762228177071,0.3981149312807159,-0.30862011090436975,-0.5253740022819869,0.4623513897974766,1.1382255903739322,No
-1.3662316849246816,0.14445651482403496,-1.433460861597847,-0.8204651074512718,-0.3558132341989111,0.31293211966351353,0.7959854640166778,-1.0954107323112718,-1.0014978305392657,-0.5322831413552648,-1.1651512484065203,1.1196976281318767,0.8310552710278378,-0.06767230672614577,No
2.1948987959658663,1.048078256449495,-0.8641471313011035,2.1140679674544267,-0.1486670440821559,1.0842799387219186,-1.5224857356237365,0.00984281325242534,0.3300617542422188,1.2409903171031174,0.07750698612446585,1.0540458806050357,2.2947267467309636,0.7642938896344256,No
-1.853873079590019,-0.007681369981537232,-1.3900598628636558,-0.21641769206209982,0.8756479098235068,-1.5656734232701588,0.3395343233192218,0.8054487853959699,-0.6956563092352513,-1.3498312227313987,-1.0581911288889323,-0.23808977337139223,0.753335107832417,-1.0957376751940655,No
3.7357362078553593,-0.2585019673529407,-0.44380619405130717,-1.6454077348368241,-1.2131750155787597,0.7274670716499094,1.5920654744256202,0.023704426058659897,-1.3455909641389974,-0.4111531727626065,-0.7383743870086137,0.8257802782854914,-1.9223405760477792,0.22333768078956553,No
4.260471427926948,-3.0946007592718634,1.0629890072952073,1.9698745192637375,-1.7335816160706679,-0.5870768510549854,-1.2465731882702298,1.5693076472239726,-0.23110384044159035,-1.0744139125883956,-0.5503568307201548,0.1690372889759642,-0.36470767301172785,-2.1390274317172624,No
-0.5744444474451081,0.16269039556128376,-1.5391139271733985,-0.3012869888206423,-0.1333417705702085,-0.10854406896284495,1.1611430446472675,-0.5945071279795479,-1.7976854962305597,0.7583187263064362,1.2916952966419102,0.5716741649860543,1.0592062632999302,1.1629624679419541,No
1.0614370481628856,0.008824467231368762,-0.33203550517091784,-0.057680395141472676,-0.5137927845522262,-1.3358751449028226,0.006816749117815581,0.25028721298194323,0.165565292275215,-0.233258086760549,0.9344207452103694,1.407572110705171,-0.8309830613644797,-0.21013741061864427,No
-0.507461149690185,0.023034579788396726,-1.242703659291092,0.4541472140485317,-1.288992340133483,-1.1081799543881932,-0.6324923822355415,1.166080112756674,-1.361589829535691,-0.274621919587283,-1.0250985648085633,-0.13332021886104306,-0.3215295166162786,0.8519293935738618,No
-2.074669222940871,-0.6998359537706439,-0.4767441681530849,1.0092176861815187,-0.44569625318880657,-1.8039785769893213,2.024643372739734,-0.897995526943682,-0.8925652505468463,-0.22667741978024838,0.005099696246602824,-0.1338188292254498,0.4231450845671575,-0.022252874316023904,Yes
1.4119783456058108,-1.4684098658946279,0.39045166126244185,-2.5147590467356173,1.18232863307514,-0.1790169531191987,0.26490613685090625,0.033977196512278526,0.4248530299342452,0.2712194714541543,0.5661946065895426,-0.5576563144509341,0.16613353499764016,-0.08066317840517677,No
-1.594893720134282,1.3845409630842038,2.529853525246675,0.20866031066599688,-1.0854083034972142,-0.043439491062493785,0.08665337392840605,-1.452388594793642,-0.3783586409828789,1.1156274887881776,-0.30420972201891233,-0.777122350220093,-0.9368538070013727,-2.4081584253690864,No
2.4047112559422983,-2.3500396845904836,0.9316833852969111,-2.592991626645904,-2.3987771482778317,1.72799096490148,-0.6707245281305185,0.24935534255671726,-0.1986424016891778,-1.0697135492459169,0.8962880566999606,-1.128672677052373,-1.6520870263592113,0.15777919885170594,No
-0.24133912512206934,-0.8369446465996954,-0.36441666738317885,1.0968560498382887,-0.1572056808636093,0.14241799011858583,-0.7133995380946676,-1.449466355008524,-1.8795842760772015,1.1683149640930264,-1.0730189742753617,0.7562492943918693,-0.5920921427584367,0.6582912632597698,No
-0.8338263437465224,1.6078850839303125,1.9803654263342407,-3.0135251139235395,1.4202149073528565,0.0671615990877787,-0.6767654514707944,-0.6095083782678942,0.6648525241046745,0.13666519555393072,-0.6516964092350216,0.026853744166629542,1.2428765000192614,-0.8210905345820848,No
7.041756811755049,-1.1269120969797946,-0.5194609045854892,-0.5654916864622984,-1.2074539700887246,-1.3503602437129187,0.6583800832253828,-2.434346753587988,-0.47854948168461575,-0.9641689350737797,1.4445602620986542,-2.5982246885446125,-1.3995682351618504,0.08832032872594583,No
1.0977725145394688,-0.23646288955386077,-0.36835061072530006,0.534240440322654,-1.100657021890762,0.7087830372080491,-0.33907344718221477,0.6695250167044584,-2.227328746558407,0.557964833242055,1.5718466547112786,-0.47349066419116637,1.6824122076400578,0.3791685110720352,No
-0.3494007806900575,-0.3545419634295055,-0.9551940573400568,1.4820017443945317,-0.8810303450126007,1.2662261404437885,0.8312680059975427,1.6150095141656906,-0.4393140522167459,3.051335081728494,-2.4161274526691927,-1.2471508655643866,1.0432808042256592,0.7656787545370906,No
-1.8686875815977573,0.9586785681387122,-0.9124583662505565,-1.1305549460756015,-0.742139907686867,-0.26661008223794624,1.1428564271488342,-0.20905688238685882,-1.9199201186965635,-0.9053582792761086,0.7884843053911126,1.3421722292574398,0.338399850891282,0.8440734330712059,Yes
-2.324459866831867,0.42730070119078806,-0.6135402812554311,-2.3742120610712973,0.5790986351510307,0.43251328666209754,-0.4330467120922871,-0.15087182691132314,0.4563439940193634,-0.23363140229580606,-0.9050374664491315,-2.441488237791996,-0.06746262037963989,-1.0013700436991333,Yes
-2.738352436843382,1.8625317472780574,2.4428827769144696,-1.575812976988634,-1.3783591149471415,1.0212677508076489,0.8729551039615473,1.7271176725049293,0.46744175393918036,0.2656865747893864,0.3376905966165353,0.03995271677063221,-0.236204808953782,-0.023388102002955588,No
5.019303423046892,0.20191327901246195,-0.9193209060946548,-0.629271462577463,-1.723477467206095,-0.5197389297610738,0.361820196494567,0.41180807975665124,-0.06100348549255991,-0.08315987064888096,-0.09953212173701631,1.0233539922506616,0.47664309930391896,0.5981532460653384,No
-2.383963291653688,2.5256508857981146,2.154588528244355,2.0485326358811236,-2.4683291275124777,2.025928181715677,-0.19393163660288254,-1.6258645705496082,-1.1208726425894497,0.11076942354770226,-0.22349311332981797,-0.7176501656533814,-0.1418938795752904,0.11471207928653702,No
-1.407705109436148,-0.1518598514441469,-0.303370250522831,-0.4716628040605225,-2.1450167861853426,1.5695956247746647,-0.41844579084927314,0.013558925161292529,0.17139827077677833,-0.7392513720993058,1.4613755500827148,-0.8716360219134973,0.8250662386032509,-0.7494028784266081,No
0.5274374692975778,-0.008819024247933125,0.268979685628121,-0.7291443244074554,-0.0982235675169917,-0.5475820221657762,-0.03602943763868631,-0.8735773362256994,-0.6257704891484229,-0.266728000308315,-0.5501334970375713,1.2256817720957847,1.623043886445832,0.0967987209139189,No
-1.8921881470503192,-0.5327699688740364,0.34260232836615284,0.39664711308430484,1.4469835450265323,-1.2157487855830666,-1.4193290970018482,-0.2775940408693611,1.107458739032258,1.1680757903594816,-1.1113258745815493,0.43251996648288676,1.7338659364646598,1.781384435898675,Yes
-3.1946018799131313,0.07027068099529413,-1.2532910255279304,-2.3060101504936132,0.5985987570479604,-0.47612795658632184,0.7919463323937366,-1.323251783808078,-0.22138171332948123,1.0996743105691527,-1.0032315948972617,1.2572456843101738,0.29519573253276643,-0.20304583359071282,Yes
1.5307813322903667,0.5847093767512855,-1.8224084594022665,0.9092262984148561,-1.3715230741011337,-1.013960074278722,-0.1358474987386949,0.2928115286133586,0.0408523978063791,-0.0031176480191853493,-0.45015052107418757,-0.5622717375662553,0.047952496703807475,2.8328728088431756,No
1.638835084437608,-3.0976864449689154,1.687728706880993,-0.9179714942524362,0.8030904226448653,1.2328765471637815,-1.703901268942134,-2.5454441269586643,-1.793523184839825,1.800673278960716,-0.44716741232756707,-0.664452821822931,-0.6119110729545137,-0.009779074237307674,No
6.067104915297994,0.9074295626504404,-0.704098162229502,1.0905761766373674,-0.39630101099976206,0.712544716084951,-0.9661690783806636,-0.9400972383013024,-0.75939731098806,0.7217224210418974,-1.7549100621941927,-0.05843528534900228,0.9639188030571666,1.5439628208539102,No
0.21103135085065186,1.4162786396509734,-1.8022921357840018,-0.8892712758153379,-2.0510505840965454,0.498427294347996,-0.2839005005958687,-0.3511555924167128,1.3531211037530249,-0.5789805731538206,0.5224768554201591,-0.16776148814331948,0.18744252024783997,-0.08276961118371173,No
5.061031885188023,1.185871322411715,-0.1774818987383271,0.7078022217927593,-0.9103205281710217,-1.8211859395307184,0.8344616505229612,1.06782223429878,-0.9055406255747158,0.9755145342108964,-1.280514060735259,-2.0755733438036246,1.1602173010926626,2.798763798212847,No
-0.08986014746442127,-1.593565541829213,0.560699683230027,0.5675654982909073,-1.5482241860588761,1.3157745881671719,1.3484309904733436,-0.4026273474430787,-0.030393038416806933,0.6570711904123082,-1.4794934668363304,0.5179576879503587,-0.6694094850307019,-1.7083871089149527,No
1.6960209532176518,-3.051667841991945,1.6345136233082194,-0.9056443279044109,-2.0906411498555304,0.6766868241663987,0.31185441287352506,-2.4086060725161,0.11211515037765273,-1.488905850801287,0.24830367394360883,-0.5505421455758936,-1.614213744706519,0.19752193763516523,No
-0.9745073904319373,0.7705698848417203,-0.9533379583122659,-1.7962851245199882,1.633358010707293,-0.1780219702736626,-2.0989898379664957,-0.29236826414210115,0.5365981705742481,0.686052892714372,-1.28105335945303,-1.1277873892790766,0.8642182445616023,0.504332785425786,No
-0.4787409530245919,-3.1023568525929193,0.9940689780952131,-1.1981335569078986,0.31911467645144204,-0.5552563145270757,-0.6479153552466165,-0.09304903813250912,0.9926918041322537,0.845731258895117,1.1411733163103905,0.08538416467231681,0.7263271570575697,0.07308738920927332,No
-0.09178591847149793,-0.09379338125297312,-1.1384725048563953,-0.2562840375837939,-0.8977708740511172,0.29503992728973677,0.8287761012601601,0.9279321951741036,1.4110957466364349,-0.2762679095888285,-0.5518627161752351,-0.8871360002292467,1.684904882608771,0.2941994118539125,No
0.19277718707551056,-0.8238921159080117,1.3102752357092402,-0.3636256245958827,-0.5536520059628685,0.7721899888420044,0.6511719220708544,-0.009910438916344404,-0.8305381583394158,0.45443538557011975,-1.2192920131411693,0.050510289026128065,0.7605154865978268,-0.06935631324130524,No
1.2725897270988933,3.211638752526042,1.7947207954215052,-1.8621997698007886,-0.32219564055439276,-0.7223094893989694,2.2078143907592844,1.9366228437534487,-1.572391986819126,1.2780944528289908,0.46040994984455735,-0.5284150572997948,-1.1771543602148864,1.0540606375620576,No
1.836234528236452,-0.859778047084499,-0.4337267681373107,-1.6993162637862003,-0.7352623336660156,-0.8673951918643428,-0.7529934913677402,1.0982551471566417,-1.5116124503494168,0.8629088966340536,-0.8780826552811102,1.1207235727035427,-0.10372026288938278,0.5942898691728367,Yes
-1.443242456916753,-0.18019258900311583,-0.25619687396095375,-0.38418441779518464,0.5228950115509443,2.6275002278485697,0.8122375184770829,-1.1671582370443707,0.37321374092393983,-0.04749773753041184,-3.0046753904826065,-0.4530585928819061,-0.15977013659284964,-0.9080782698165354,Yes
-2.209329490929554,0.5804007303479123,-1.2136685114715862,-1.3727853744278609,1.0086796811202616,-0.15580646999874914,-0.28710003993214356,0.6321291790858092,-0.4211747935565498,-1.1608959653698463,0.3985620769802201,1.102015385358487,-0.8619907346272638,0.3922551326898556,No
0.07421272532115147,-1.2017286924489594,-0.2190012997749364,-0.5155909025982514,-0.9647762219412909,0.06769742974855768,-0.82426850368748,1.1182795993781027,-0.1469240959072727,0.10543140988667082,-0.40639279715573867,0.4520734575530628,0.16603099872934188,1.2203439320127958,No
-0.9018294059988688,-1.5828045749031612,0.33170673702704473,-0.4315932693031106,0.767665860838995,0.3457163270006091,-1.194954950399364,-1.7801317595282538,-0.9917242983187253,0.4822776161641911,-0.07343218315756478,2.0413508375990834,-0.302834189738126,1.189221608515354,Yes
-0.14748913903769637,-1.9323166093990656,1.2899180801641894,1.376577312804551,-0.441517454884815,0.32961280140853,-0.36043807508942216,0.7943906681930794,-0.17872969379610384,0.7551285658506416,-1.426995594982525,-0.7254875631889742,-0.9278987525101725,0.6560365456783164,Yes
-1.7244689253586303,-0.6015340883377797,0.5176259946513141,0.37995437963182704,-2.001054730480104,-0.5313465804816688,1.549887460898042,0.46472087729429196,-1.2990090107340082,0.2642311145441019,-0.4480776165637191,-0.23597928111524286,0.6111189760907334,-0.3450338976075673,No
1.5360212391217425,0.20481621689301702,-0.9042253237853479,-1.4517714885856032,-1.036050586381888,-0.04931679402436844,-0.8734728060175506,-1.4025773746863572,0.7711117355938079,1.139590303430349,1.2107425356579657,-0.7469254449173848,-0.08576895474846911,-0.13142413135044362,No
-2.375273222308773,0.07811973571373823,-0.26809771608560046,-0.8310776669390427,-1.1045635357006438,-0.29715037774422287,0.9464863425312501,0.5653194388083445,-1.2333156114123522,-1.2800068037501815,-1.5100741284067523,0.03572236906493486,0.6621730351440965,0.17365567081208558,Yes
1.4186883012604798,0.1340754045042501,-0.6412059524226009,-0.2122426205044643,0.6678567274219913,0.6608219441446533,-0.37370324064961485,-1.3523473272513673,2.5351501369837126,0.8129416352075077,1.0047675309842452,1.4110248883491487,1.0832643840116598,-0.708239082568803,No
4.861701492427509,0.630646026617629,3.708153681785506,0.8228777374324093,-1.3691612081816442,-1.662646418082912,-0.31509644096067185,-1.1208704884731144,-0.12086353467957546,0.8131095571997493,-0.3205106921738329,0.10446316086996825,0.4707625982673717,1.2715902794573328,No
1.1268445505581506,-0.5368607803427528,-0.4024632007076874,-1.4809631434374724,-0.3999325431942555,-0.8397520215005881,-0.6234959251864316,0.5042540009321389,0.6990105748427338,0.7359561972817654,0.02604362127898951,-0.5146869218864859,-0.5599385880457094,-0.9496034832987583,No
1.6128108071015277,-0.5998930893735903,-0.9548831570461758,-0.0011287112194649444,-0.7208336542709288,-1.4302337701921948,-0.30618486837978515,-0.3084812686847681,0.6071041204039429,-0.5274229244906441,-0.048678040226044494,0.9192762544779475,1.4107684967261294,-1.0640732498576806,No
4.020275965189273,-0.4053893387351479,-0.1618231369204322,-0.6646086676312045,0.1257054952583443,-1.2705403491622915,-0.22257573023089394,-0.8143837601818665,-0.18671386823274344,0.13524104511481547,0.3484178861070532,0.7765490174590062,0.3303180316992009,-0.7419812812367264,No
-0.8397413174104345,0.3632363232016126,-1.591798503820508,-0.9004522159453991,0.6047623310147239,0.8102109818418444,-0.04205915409102509,0.12994868580584631,-0.2641829658632013,-0.34317634398971675,0.18272921534450942,1.0703272489095803,-0.8344686790049721,-0.2500348727277969,No
-0.4881568110151862,-0.20034805632922523,-0.7553755502083607,-1.2512299026173819,-0.9501335642286326,-0.583328771690009,0.9596169698685098,-0.05655716973480808,-0.18976869156042322,0.16285497219380524,-1.4899344276517164,1.755184058063061,-0.8047434181172863,-0.2886653730193125,No
1.7080318841971216,2.6790933255135054,1.2939396633050828,0.42939547745326717,-0.14177788967107205,-1.3719200535868792,-0.4144033554270397,0.5310487925248107,-0.3850597833928601,0.581934094643169,0.7728988888620077,-2.6451737251957965,-1.0770734343158845,0.4612039133741779,No
0.6004668540284575,1.046910062590014,-0.39896584415407904,-0.37036210600130803,0.7486154817893821,-0.7340084301203857,0.7724240013510452,1.3683687598820327,0.8441871114093688,0.13363725473031166,0.061166634247231164,1.117291623383619,0.26551513981450875,0.018531581863256777,No
-1.348721367301574,0.20726552929793102,-1.4420869813480006,0.4054783361675293,0.10955281432328393,0.5408678794396341,-1.8167439484998857,-1.1996095387054666,0.15709690007915666,0.5348699831763746,0.7042823998721263,0.5798893001234595,0.6214214399694866,-0.10316014648009615,Yes
-1.2612326751328595,-0.728926563991734,-0.5576466784950879,-0.7318814509031587,1.3388562572530867,1.0170952798493393,-1.1732724080902772,1.2413001194137632,1.0136766188849822,2.155691795927482,-0.6490150975984755,1.0479187133344139,-0.3659528559672517,-0.29570541727711985,No
0.9412621600172654,-1.4674282444745492,1.5809766863377146,0.7982617615427452,-0.9310519949280183,-0.743805789664611,0.35049365363060747,-0.8386790186089114,-0.3572743092764608,0.6785228747889541,0.7650695006556726,2.4774015194808054,0.6011206828345065,-0.6208520121676214,No
-0.047384125286328176,0.11946878583392335,3.4245974122573126,-1.8143336024246846,0.35973562316860047,0.960986419537375,-0.6399579860589873,0.027413638214372964,-0.010086961095874317,0.11675481486110785,0.43480204983542675,-0.7241356196879618,0.7602973155860907,-1.0894021725258882,No
-3.33858286431097,-0.052123581776946516,-0.8160218038789632,-0.36442410807594067,-1.5900271651845443,-1.2642884501098708,0.8015477093730785,-0.12230208066110435,-0.19168789394948063,-0.044972451369571065,-0.2294343244048268,0.007338241080225267,0.03451015551158188,0.9696243883696471,Yes
0.01863388419230442,-1.6671531190724524,1.1632175584341082,-0.3297487640285327,0.6879606839908693,0.22264997190976604,-0.9541442154023636,0.054317773743293524,-0.9842429071747225,-0.03390444906114472,-2.441495793134108,-1.524439334028401,0.09749681793248063,2.2559625063268203,No
0.4611431332456306,0.5541716929435518,-0.14468413996977417,-0.11289751298272399,0.10642896571218943,0.05449166261947232,1.4410649513556808,-2.5182991608961864,1.5061523141451703,-0.5025307967814882,-0.5861507585658446,0.5871650100494791,0.4765953764071645,0.8603675890461631,No
-2.139358397308848,-0.7612508294229022,-0.1832173116491491,0.8471892223580065,-0.007160274708190026,1.6282193609025166,0.9266263382867836,-1.1696567188966909,-1.0054676705932242,1.5585520368044252,-0.6752561548467173,-0.4146264277046789,-1.5225925394828441,1.6719617945095708,No
-1.0280291621317295,0.08678076499562506,-0.3895811612967268,-0.42567244104261875,-0.6911499825516829,-1.828622159419412,0.8995380400466675,-1.9026145706414912,0.22156679597245743,0.5426307981132904,-0.33980471781517907,0.44953719405063636,-0.5543840014931355,-0.8870235830321864,No
0.7828202040787525,0.3356255282390502,-1.6233004244912723,-0.032158348277937676,-0.4760638089896049,-1.1638808484752559,-1.8290752530596588,0.45018604546761887,0.4229946819868372,2.171948595244265,1.1471662797288469,0.4291620072140811,0.11652686363881155,-0.3204330123236014,No
-3.0048033629428677,0.5344222438584058,0.10802358040770745,-1.2091832238946094,0.87603387608983,1.5835029492098778,-2.413322665179749,-1.8149291584961305,-0.9764513855722552,-0.23856029243665242,0.07920607696223694,-1.5122596524118703,1.3795253017991806,0.19909511300188198,Yes
0.19134862259061258,-0.7851919473837671,0.5253468771340791,-1.8807436899717178,-0.171760298393923,-0.9431785165528729,0.5257771496125663,0.11840177476177295,-0.09403838767927054,1.5589875543260714,0.21861013898270043,1.433926628470122,0.5845791934039302,-0.46081693150458053,No
0.8461019243753334,-2.355692186322256,0.6616673355907168,-0.3781624592746291,-1.8020193917696252,-0.3141897768224714,-0.2759472255730784,-1.3865451187966518,-2.3984288955662545,-0.1275499392965594,-0.652062936330698,-0.4832381442190515,-1.3434387704823039,0.22777737380197174,No
5.353301246747134,-0.08876996866169401,-0.010265280669050126,1.9281507594175487,-1.2096243402332734,-0.9851923920863974,1.0698242666972813,0.022745810190412382,1.0729643692393496,-1.3538315792114206,-0.5997418861076825,0.6280059873192907,1.4068176162121406,0.7924969652989989,No
1.3807134489140676,0.08110116963787678,-1.168698066451477,-0.042500125983539846,0.7989566632751339,-1.838717284524821,0.8190392617971236,-1.2862473075365362,-1.2609151905387677,1.8923050288360463,1.47714976859846,-0.40942672927149953,0.8506391453434369,-0.745928007674212,No
2.1315172642897307,-0.09254601450899165,-1.062895073443222,0.8117420262091566,0.18218389283906627,-0.19492879191958257,0.08892875138232917,2.0750382664297566,-0.7514859813528528,-1.034580461545527,0.11976167560811989,0.31537923622722447,0.7911243644982141,-0.5689242940759734,No
-1.0699662464307438,-2.0431190802575423,0.22326019505913347,-0.33900129484011354,-1.6364956967345836,-0.7310868952395416,-1.2512825895824025,1.940609793212748,0.6030153986018697,0.704705886755198,1.221404039747003,0.6169487091744282,0.9690100760977617,0.5965200389190645,Yes
-2.341367131180554,0.5407501511191231,-1.3174820696640024,-0.011842754278328297,-0.33950481021273277,1.2228093173519439,-0.601311582884984,0.650188317271731,0.927282045378614,2.0826725942562554,-0.7575801681013166,-0.886147219927265,-1.1937180741111424,0.2957775116095569,No
-0.7413545693903024,-1.254135423157388,1.5161594863434595,-0.4104959344485795,-0.6298930358846243,0.49824727614899494,0.5960759876021634,1.0060287165149182,-1.4906320970090559,0.6129370117600083,0.5792367038381804,0.4187859778504319,0.7353595557033129,0.5509383689059567,No
0.03406253387274792,-1.120295756480984,-0.2793516838829821,0.5732703423087095,-0.19727447289704836,-0.3702249184848175,-0.3073977686523311,-0.9986047462639945,1.0806549878824383,-1.0639889502754871,0.5328067935078373,0.26778423524392964,0.6429668655504318,-0.8474994151849279,No
5.702185839480912,-0.04269647576734395,0.18224571728140496,-0.44229995222930024,-0.4044320186922803,1.0516094352234642,1.4345573033523378,0.3420588942299521,-0.28212596367584364,0.9099889562218054,-0.5790231731778775,-1.5220514877150984,-0.25150430697398324,1.9652709827501167,No
-1.4488452676879262,0.4160270192145152,-1.590151445976595,1.6621524697626926,-0.535277091597533,0.7842333758484822,-0.9040260851882984,-0.021455317040837703,-1.1147878438221546,1.9050390675988853,0.28868648831973964,1.654095354668362,0.2022551584720842,-0.44157946013847205,No
-1.0770120533259413,2.4255433880262847,1.446930310936241,0.8023960243164814,-0.18141896251298056,-1.0811564639444144,1.122120372774034,-0.06730318164613902,-1.8418043535006612,2.690569257425762,-1.2399136376832944,-0.6384868694494682,-1.3117525741249962,0.8823811665712344,No
-3.0945950572821554,2.0048920799840237,1.8350891065475337,0.009426451102826094,-0.2695051467035859,-1.0200930570876132,-0.5376159146556153,1.154243116383961,-0.8099002780682941,-0.1822880838350677,-1.9908269445922409,-0.8730518638377687,-0.057687496145854555,-0.07072192359223466,No
6.0638547502649,-0.7641757470501132,-0.7208258450945405,0.6790610615290146,-1.4195446670889267,-0.5940137858936265,1.1050180829236225,-0.9142678428394463,-1.2505434140854372,-0.7822281730803347,-1.1472122622487262,1.066027644296475,-0.15853142387795127,0.061136074312849,No
-1.4756455928148182,0.6041307903918528,-1.835299274920021,-1.6930291691266917,-0.09205873075144824,-0.3314289707044622,-1.957805028055736,-0.1166698173639344,-0.6280274164267752,0.19410009992192737,-0.09717854464892603,1.3233223316567346,-0.5997484378500675,-0.08391290651901098,No
-1.8227871557758077,0.5801233262991672,-0.6816461803232345,-0.29213535413087527,-1.4356178788732405,-0.28595818829337377,1.0532874537096908,-0.45166607244998447,-0.6242719321797942,1.2125772722544264,0.3062931617339514,-0.09872490555810881,0.3805715387624409,0.2887245190474549,Yes
-2.7325948633505477,0.07031525709416622,0.21638718861420336,0.44588863802594064,1.054585910824405,-1.7234869557271952,0.03998140869246463,-0.36051694026868664,0.3988886177972906,0.612216238582976,-1.6072249084242285,0.38111253692981406,0.8467300189889123,0.6271335176486668,Yes
-1.24062815824573,0.21952220395974975,-1.1750478346139877,-1.1982801252351025,0.3559629307248861,-0.5355031473095673,0.0965525534768376,-0.6806019544194272,-0.8565101959212379,0.7262392754773933,-0.6889585045216219,0.30348339792510737,0.9502992371866832,-2.265356684697828,No
-1.3153929272877471,-0.41889804814199166,0.435141516115196,0.26828279948468925,-1.748908218915665,-0.15107107410324616,-1.1991896551492605,-0.9972710200391617,0.16249355352246153,-1.41028790885999,1.148186012806154,-1.147635803103913,-0.03180610431621055,1.5790108702459167,Yes
-1.3092281952442955,-0.5697295681183412,-0.0024087155876713266,-1.2436677514159484,-0.19537212793418113,-0.2190544613280252,-0.9657158115520584,-1.68376401662671,-0.9466760629003257,1.8516371514415508,-1.1752715672555678,-0.7283973730355445,-0.3286125624092914,0.5191391271877996,No
0.7016070368890123,2.351749959831534,1.82669483526691,0.9784197609080146,-1.2301277355109896,-1.1198571186844029,1.8539286243900777,-0.2695788142303285,1.0547248015202715,2.75949717771879,0.029425091420400146,0.6508109525998614,-0.3164477754575943,-1.1934721524616563,No
-1.8065950655759473,0.302220055201398,-1.3164720771517646,0.7706797737595334,-0.7267837458731252,0.7356045950336974,1.753715697158032,-1.9210991799589774,-0.08191413812186701,0.5948803690078239,-0.12830436078863858,-1.535436046954064,0.7728138867624114,-0.34299108773708575,No
-0.5823187434249345,-2.0227112357806525,0.028022103165225205,-0.18857224303480255,-0.8144950360123283,0.17642578016204416,0.6367312711865907,-0.02005392210171609,0.648568735444945,-0.8219489476854055,-0.16353384058358322,-0.7666394395297617,-0.9230515775547304,-0.8369107551814131,No
-3.033477455894105,-0.38541560684051274,-0.8748975241785225,-1.0043355914872463,-0.23699750581441897,-1.6705224285664666,-0.35196903689896164,1.2325348686522475,0.9136494994813313,-0.708516273888163,-2.333935529727829,0.8850474326587034,0.6973154916694174,0.20335778701942608,No
-0.3123034066704004,-0.46485348950849104,-0.5819158043281694,0.7871950143357125,-0.36800570569657587,0.8953443505242556,1.7379065034130952,-0.2972191265226848,0.8582413602923702,0.781255593122377,-0.09727228356190655,0.296203212474148,0.32853720299673944,-0.9078630515882794,No
0.9016728735716254,-2.647050663337159,1.533265193598147,-1.0297939752593752,-0.6254770836991798,1.4107692427117808,0.9389029877027032,-1.8560337387143597,0.5775171739925823,0.22319165259764354,-0.7179920559528615,-1.0245177977741131,-0.7469544080475233,0.10961129372603255,No
-2.3658840977496824,-0.568810088879639,0.25180826749405677,-1.6584876204415984,-0.23942630502406198,-1.6461684194780524,-0.24792440898189477,0.057303392692394255,-0.3443472330654418,-1.3237087723727168,0.7234239164800802,-1.070795493167749,-1.4869460078245669,-0.7321337001315532,No
0.9589484253109305,-0.3596482475679184,-0.650682997553866,0.6937507028783072,-0.12176419216695138,0.2852098709092892,-0.24437318404372388,0.9244762711944102,1.115034967622593,0.4579739016088699,0.8458371153421053,0.49380804270889295,1.893224909015427,0.3275109351772782,No
1.5177344828115416,-3.3667977248755294,1.317323723325152,-0.6727650236544752,0.31758780929126784,1.667959235677561,0.007723921208765346,0.14365146365710346,0.33360316818653446,-2.785209791499688,1.130251874141816,-1.211662633871872,0.6035719787740594,0.902785537602504,No
-0.6911200092843925,-1.879934009926493,0.24254883047648054,-1.2989536167573434,0.5494497275221375,-0.09572884187205745,-0.11978758382322575,-0.8205387678391933,0.7240810661661352,0.26823628998967075,-0.5748993963426686,2.112201150180419,1.9358854703394048,0.7625876196579443,No
-1.084935975859449,0.9353790316771765,-0.504337209012098,-0.04448154004635109,-0.4378709042203828,-0.18806279800136755,0.13908914494885746,0.0010170147708615,1.4639072581646349,1.7036598043174556,-0.5951040274712717,-1.3078557281775827,-1.5323734238304745,-0.5907716647051757,No
-2.1578077714941677,0.1026171446833844,-1.5532688299354476,0.07851598333532314,-0.5898260755212285,-0.23701197591836504,0.9407163350949134,1.327370520443179,-1.7138003550291658,-1.7175834952538767,-0.3038425598306465,1.0239324858143737,-0.015015449866201085,0.49103182357824876,Yes
-2.4322184253592485,0.2110120685504463,-1.5124181977058109,-1.3956314882944987,-0.6442290074485816,0.37748568347799083,-1.769791989742357,1.031691121339473,-1.5608253548739643,0.4369611070297809,-0.11996964676630963,0.7079309288619619,-0.3518805097378437,1.30334074981292,No
2.1425772419150015,-3.092414514678089,1.3493763067522617,-1.4807505844519198,0.10381581253498326,2.083791333725858,1.3117966690686156,0.9990075645671016,1.4460149303000822,0.41761236547415553,-0.5915034714790407,1.8623906223058984,-0.8938607942064478,1.6250555203956858,No
-2.5050907460646794,2.690305624571016,1.0530942906352436,-1.2273400324623933,-0.8294946162452838,-1.4717660995009156,0.4366549062628418,-0.9265078015906265,-1.1338474860460959,0.32355580658979183,-0.340015611465417,0.45490462632303164,-1.0650496924524815,-0.6362282286922436,No
-1.1271177915093427,-0.8777849397244566,-0.6635139614601262,-1.4811885745369937,-0.7122250721247593,-0.3071000299939732,-0.30157809492542104,0.3500274815095766,0.2807195697405383,1.0813827412128134,0.9772545337492887,0.06556817289042836,0.43251988765921734,0.9496758774111096,No
-0.6054995902662965,-0.44354946382189336,-0.7935237981375779,0.631660763088785,-1.3017352220631897,-0.18185424237484243,-0.7983545794350828,-1.7439683144877707,-0.4961366929076018,0.8858387601818551,0.06942093572818733,0.505196087618751,0.783794383298063,-1.38734152255479,No
-2.8407331817697448,1.5255662158463192,1.8612376782813023,-0.624139399828057,0.6722836985853763,-0.9058458393721942,-0.5585467638242445,0.1464093686327168,0.35283189704994966,0.37514461893757145,0.22940254538912996,0.9855477893060872,0.14717310376526874,-1.6469030321025768,No
2.733487924445042,1.709650619371634,1.6981095617943855,-1.6842458056715495,0.16925901373211927,-2.8498380661203533,0.28504093244995754,1.745447664006165,1.5623002083132866,-0.7079059756303119,-0.7212467021153435,-0.5461124720592486,-1.5294761754068344,-0.5323456929660487,No
0.8292964294482315,0.9823258803171911,-1.9735945286047734,0.17703019917036575,-2.458932992570574,0.4966359186715811,0.9149881667708771,-0.5997103918478275,1.6787247565350467,0.9058606236846171,1.39675916050151,-1.324982294505909,1.5063266261528812,-0.14613840080420173,No
-1.4339676194444027,-1.2260659544391626,0.3721465817719059,2.619991516612629,-0.18011708991763836,-1.7273607507192745,0.3205987983239142,-1.2781566674796812,-1.1373424642966818,1.780536811789293,-1.097685187750684,-1.0510826280032122,-0.36194915146672824,0.2089186018219689,Yes
-2.3027157431957073,-0.057442118038631654,-0.9395878668419624,-0.3748013493277604,-0.7847891915712908,0.47337620678644693,-0.26678247760850254,0.43214976805282795,0.18308174020986687,0.5834935789621954,-0.18521688568956626,0.9874782942170025,0.5348015451943396,-0.5460829952237956,No
1.7533785750612152,0.7405288424324782,-1.09430580092185,-0.9286589888347261,-0.29747907965572096,-0.10141342984794076,0.06702888933872599,0.05122923910325816,1.4317434559754487,0.24189989068015316,-0.16381475010529598,0.1714059904962094,-0.8561047023675923,-0.4628054190212216,No
-1.5389487705864906,0.105924102246511,-0.6830434920066104,-0.10085696122329098,-0.9471143449414328,1.5190374013197003,2.0959482735498396,-0.9740574104023589,-0.7033399847726984,-0.9900406248856362,0.6756809240446067,-0.1084193395424757,-0.8496372322187963,0.677041102259744,No
2.690672324481926,1.4602432084562962,-1.849659664708649,-0.701195516171593,0.3489195281373693,0.47382226373931724,0.0748969283924433,-1.1967777219837794,0.11847229037028231,-0.12475453397558317,-0.7289826245135952,0.14258842132956434,3.181584761539522,0.23226680646927475,No
1.5551785141193497,3.0029959278996636,1.751671203326715,-0.5509963168711064,-2.4390316599854596,1.6136486035355997,-0.47629438354922093,-0.07146674914711823,1.3911323271985978,-0.8118332853116195,0.8953774524990813,-1.316345251779397,-0.5163370564575593,-0.33652951668826053,No
2.0814523908426317,-0.8732272714692956,0.3411890487121912,1.1773765167765555,0.16262372777239037,-1.3552932867133407,-0.6167547466749816,0.19604666780579685,0.7861857186207178,0.987176874467961,-1.8596170255844844,0.7530266034491032,-0.29623567837452197,0.4476420378302965,No
-0.663778299013599,-1.1207247581375201,-0.41662132190987505,-1.0045718356602344,0.06423398308186039,0.1263164219551199,0.038164681625260155,-0.2933900907365291,-0.5171164448405666,-0.30567752042264856,-1.3028209058293838,-0.10888570677098838,-0.4608947663497661,0.4607825533057979,No
-2.0833600055619055,-0.08461364828010177,-0.7910451579842529,-1.1587817131812255,-1.2345661529663186,-0.14943666220641538,-0.8186235747084675,-1.4474297522870263,1.1655569765708358,0.5009868660837189,-1.184813945505305,0.7955942448246619,1.1829434266483143,-0.00976634293661554,No
-3.1723350629860123,0.005925452416449,-1.6919131674383026,-2.6421039403449686,-0.3574297555910678,0.027337002024718927,-0.03872523649918848,1.9190954127125641,-1.5863697033268334,0.799544677117674,1.4542486171176643,-0.5215799396660992,-0.06333981848249082,0.7305219396299212,Yes
0.5837333648653369,1.2297285446348318,-2.226566753754315,0.996465440985462,-0.8365905123848679,-0.9500002553275592,1.2958599061035765,-1.2092775947019931,0.5878617489441055,-1.5699000615983316,-0.05223520595385877,0.7687637187588955,0.38825503740667544,1.518017294179633,Yes
-2.728558869057296,0.11617941076433849,0.1601236992463132,-0.877520599392909,0.4425500446018231,0.7367134944437287,0.5615133871264563,0.4104348987934131,0.5866401720907775,0.6083906234541857,-0.4306516748816896,-0.5499968498876427,0.49826813080477816,-0.7674159196646522,No
-2.2735271892449163,0.38837082188988414,-0.48858145996266816,1.0448635357601639,-0.20112687330215534,-0.9518152987566944,1.6728760526365227,-0.29341648334049425,0.49491516331249696,-0.11003086531283499,0.12542733410042584,2.14990944926957,-0.8229719081966735,1.357588973355881,No
-1.7193959823352856,2.165157545494719,1.7391493807378864,-0.20968971894697827,-0.27657139534771086,-0.7900875196077846,0.48279632861308114,1.5603186708879868,-0.06146443161508624,0.5121360858147767,1.4162913418416507,0.3344292174316087,-0.8988392396969437,0.18301794393031684,No
-0.23158091484512397,2.461396326084197,1.4087243701987042,-1.1721128648819938,0.9976428632232369,0.6975998511843605,-0.2151517497165593,-0.6088246764451511,2.4690807479813817,-0.11230954219426205,-0.2750354157005849,0.41901297675637705,0.18129898618720883,0.4149028058855374,No
-0.15213855075594734,1.5074937386637264,-0.9229276408823309,-0.8452567379753824,0.2558915841649272,-0.09883344259197079,1.368742087441195,-0.8386389506238086,-0.1822319334383593,1.1247803326349262,-0.2796568338527638,-1.1693820381656537,2.858305029342904,-0.9584285730111539,No
-0.36885793471587963,-1.5304469116191493,-0.13233207228384167,-1.2687908354800372,-0.9738397896458081,-1.5180811114377708,0.26724586298933867,0.3445332107658162,-1.1174613931529844,-0.08175593122197303,0.904224843983742,0.793015302482573,-1.4716694467079225,-0.4369146663954183,No
-1.1507791114383161,2.399499453435576,1.3000514415228486,-0.23412818029766583,-1.2784001318454496,1.4812171265636407,0.8802783895609927,2.3908037082105524,-0.8889950461143366,-0.06685690035136589,0.49285200901776666,1.5835848056982436,-0.8702621337798242,-0.86261178645102,No
-2.3633331171890304,-0.5159599399774457,0.4861175158646434,-0.21943478862397117,-0.949696385537827,0.9430790450298439,-0.3992399138488982,1.1103910510653596,-0.0472060744448628,-0.4335148214615367,0.610620507366476,2.113502546898509,-0.4367765507524626,0.6266477179141106,No
1.7173641991445916,0.765060589166396,-1.78649902198969,2.0984683874186203,-1.9440671913671643,1.1933075568066938,-0.23630796992741399,2.2165727213872404,-0.9379625199172137,1.2264224285895007,-0.9905384894541323,-0.5769113363584282,-1.6128728284739742,0.00018836777836874028,No
1.3112803599317386,0.620599962932803,-1.1655167056948692,-1.4162922955845203,0.5248306807654354,0.03344016743425497,0.39144411504478654,1.5649733011383193,0.21834533023452252,-0.22330707427795518,-0.45604408988884976,0.44360532364344446,1.0787741233963877,2.157657857131901,No
-1.8460154658214503,-1.1283281825569078,0.29065630136534926,-0.8208874955331863,0.5204386433177748,-0.06336180281144962,0.19346152594455904,-0.9716966080041834,-0.5575413774425917,-0.649957900324798,0.549774496850207,1.814054680210054,0.5733031924000542,-0.09183193876845774,Yes
2.8100781658172056,1.055348137349286,-2.2914033303076504,-0.4876865859385311,1.427692661909545,-0.18295587437887895,0.16822679794623632,-0.1466087757590396,0.7602679917115679,-0.7145308512403871,0.7595569724439198,0.37000529855107656,2.346892032789908,-0.18091437624706413,No
0.27135671298821495,0.2065501729649387,-1.4512910664356022,-1.2648278579450543,-1.1117394103369316,0.2573889372083527,-1.722353832951527,0.5682693071548078,0.20061963978839917,0.2575393623441603,0.9511603107092119,-0.1510701703802373,0.3689701004940305,-0.4251729634372649,No
0.1576936293770699,-0.9957459481391921,0.28172270261663346,-0.7381733499945614,0.9774750703041494,0.853720725424881,0.4281076385625463,-0.45917295827626536,-0.7655790074126543,0.2510852460547063,0.9456344847588846,1.0671968975784443,-0.17902268425509768,-0.05784645433040407,Yes
0.6785448916906321,0.22661640137342426,-1.2202170561129435,-1.0112236988213583,-1.2451580035649157,0.28591992515589315,0.11841189877899307,-0.9799685184701572,0.768403764540858,0.8303550966860961,2.9141079092706197,0.531651932518698,-0.07492604289186412,-0.16323351770137212,No
0.3570710169977553,0.09365210955971637,-1.7638708023536414,-0.7110797025568417,-0.566108542793905,-2.0338324394786023,0.8433324021991491,0.23352186724688295,-0.16387496740575735,-0.9511684443494449,-0.4291358489502858,-0.15097525708178156,-1.2491584377278335,0.20879489347290903,No
1.3693237836013845,0.4137180471859241,-0.9827962934903947,-2.4365389724110824,-0.48973778930342354,-0.09888707158932482,1.3267275500405704,0.5978011121225038,-0.8374454646569677,1.202945529776685,1.6190970411490975,-0.6235840249630614,-0.02196195053433314,-0.0433280030706505,No
1.15931801286462,-0.790951901132055,-0.6531147763537021,-0.22669912667817715,-0.3351976878857362,-1.6664777405769982,-1.0812246924158966,0.8427300569414451,1.374232517408224,0.15524804319157193,0.23969020041384065,-0.8510149917165574,-0.20079182404147045,1.1874128009102456,No
3.482555796289778,2.079415656767642,1.7960267470106177,-0.4847584870767403,1.0676375841444248,-1.1183597668129508,-0.7140202288411539,1.3303943603653798,1.100295018054857,-0.7191966423516931,0.07938994773611918,-0.4071111628963911,1.3056984895030666,-0.1890420370550016,No
2.241196308636225,-2.0341082735778393,2.0769599655885593,-0.936968296319976,-0.8246846222653031,-0.2582614632092304,0.40308563696299127,0.24612300933179143,-0.24969108164859768,0.3887753632708593,1.0460597741728077,1.0032603435619698,-1.4525408792998218,0.6339689518071239,No
4.995314124538641,-0.22067880233355358,-0.014694135854841844,0.7901159835944975,0.12290077244931279,2.0390450352569363,0.06871981632020092,-1.389950421012236,0.2111765863796437,0.2057282624694944,-1.474116157783197,-0.4396000136638083,0.03434247288479332,-1.5785201250051468,No
0.00032534722094915803,-2.6426793370654793,1.564115832814155,1.35310400687641,-1.449342425472015,-2.0998625369862602,-0.8653419631590564,-0.6527838503086285,0.16431490743287885,-0.04305889608641002,-0.783251071719742,-0.0640071523808198,0.806136095784296,1.0099642274252394,No
0.5392396287862254,2.7584666064735037,1.1708621514540036,-0.24950076668215043,0.19212714584869642,-0.1939935091713506,0.5134048720041371,0.8410129427746318,0.256598974063197,-0.5722924210116865,0.3256274947719626,-1.811933662598788,-2.2955201361487205,-0.3009867263746897,No
4.446238147595667,-0.47123538151777933,-0.8860906249866723,-1.6377080563144075,1.5527478124675702,0.6345074651465804,0.3825202829364554,0.12887877090355024,-0.06598172745466041,-0.44877995495520423,-0.2964616374611577,0.5769550360698742,-0.14291838123976086,-0.5652284632455928,No
-1.0781493135127767,-1.59867099878405,0.6448959219402217,0.23459634107300975,-0.16528207619168206,-1.4494022425250246,-0.5418105788701375,0.8359888555388242,2.095093908539594,0.45191875708309065,-0.20297352040630437,-1.048229529884141,0.06232815975074172,-0.7145910549626092,No
-0.4303303345588228,0.31888654272414846,-1.1321653365789202,-0.8922131881704783,-0.23456789823705523,-1.6351897011808774,1.6080417827856575,-1.476725268694566,0.10705121777122419,-0.7509744327660631,-1.6889539699020966,-1.8243708161480219,0.9881214344246072,-0.13259421034599594,Yes
0.9900729565931038,-1.4378968218085684,0.5568605694114535,1.0924583672096178,0.40475177162141035,-0.8781497218284117,-0.19910847956551017,-0.6286475029569788,0.05328794361332713,-0.6988075366264201,0.5937424255008239,2.024942468498191,-0.6105661645830046,0.15780646159141562,No
-0.9115867144841755,-1.8714314056187673,0.45922833431841453,-1.285011813568724,0.7457848240547801,-1.9657112808136388,1.1749783144955266,0.01972838402774556,-0.08807816713185074,1.1419550858872642,-0.13134831857392773,0.6959338317249029,-0.30507824218727303,-0.7475233338290979,No
-0.9670402757029842,0.07627281461620629,-0.4317832230424639,-0.6680105576065217,0.6738903100388904,-0.23376231237837228,0.6515821986054969,-2.624693081882132,-0.09443968341002944,1.4380854052188017,-1.2814920113739512,-2.2500793977381885,0.17000447492825999,1.57076898351271,No
4.999249734905126,-1.3290265955876521,-0.2769054515143637,-0.22024688702257908,-0.5676752318816624,-0.13790345840032237,-0.5600099662070702,0.5817996775650991,1.4401680006535245,-0.359034357879182,-0.17912705065006815,-1.5540112155651813,-0.7692661918489072,-2.358044590527658,No
0.8592361536668951,1.9400986408263694,2.514817968640348,1.5011135281009134,-0.5558729317485943,-0.6741608782130457,-2.8256426910430195,-0.007398686578988403,0.057187475074737905,1.614179109847965,0.4853196242699165,-0.5888739273042423,2.0330600626745237,-1.20400101884201,No
-2.881975953147008,-0.5702995438273519,-1.0939877260225177,0.39444344289517824,-1.3116306510428346,-0.38819966236774267,2.1835761914876937,0.04983319870902205,-1.0612979629344195,0.42924920058765414,0.33551048244388443,-0.5605998550460409,0.42600350682085975,1.3731482556101822,No
-1.361854427492023,-1.5152892046966713,-0.03406861263769697,-0.07149600833961021,-1.1983910303677807,-1.0354034972843433,-1.7104801296451195,0.834340965274969,0.24463920234605988,1.2594579624850912,0.8160637221606699,0.3185166403994219,-0.08795579037716919,0.3497527182028861,Yes
-0.7659043130751744,-0.4287480448683891,0.6203137729600593,-1.5347140809110682,0.9748138677744234,0.9988943173186132,0.03611044738479219,0.7977482528706611,-0.504741317379319,1.6206410483258595,0.6148538368336801,-1.0504542776406454,0.9499108675127357,0.06250104739877126,No
-0.6240716295032434,-0.8914005432145585,-0.7601413790727529,-0.08287878165099108,-1.494698646829489,-1.179917641424383,0.13544383667035415,-0.4177288422991396,-0.736340991073751,-0.16471612677952824,-1.1524592852564108,0.4105676755654776,-0.38138761986939085,-0.20398354724493367,No
-2.2369791466371356,0.6246404348102264,-1.2770718833147015,-0.6945332986005387,-0.3871770234907087,-1.6473158568445774,0.64198134063622,0.5510647879627277,0.13915377977736948,0.307479567149752,-1.6912656415309575,0.04082058240469432,-2.138293808640055,0.5804314970337039,No
0.39889570542653985,-1.2437361093012516,0.35769204084516776,0.12216116409071222,-0.5597976388876704,-0.5919466417254674,-1.0634310869524546,-0.27857607510820187,0.8856929270181528,-1.0043475304831357,2.309358281098631,-0.952735504441315,-0.7762261862320724,-1.7969247950068767,No
2.7256809979714984,-3.047353802447088,1.1154694378564292,-0.6387740725399961,-0.8300519032790328,0.4716799808896082,-1.5466228381194196,-0.33951284073270294,-0.20578903857981218,-0.5108364918216267,0.12727124301749648,0.6814598782256849,0.2131569890743776,-0.7447895987380578,No
-1.6829951446138407,2.04538079189938,1.5194619274613796,-1.9723814480816697,-0.4345516657895325,-0.13811697585267216,-1.052013147763529,0.6716753620547588,-1.1226297189463357,-0.9645007838012923,-0.08276547430630797,-0.3208342948287355,0.6410463990768681,-1.9103219511813954,No
-0.12776368452208847,-0.03526361937193831,0.6297982672027032,-0.41073651778125103,0.4154235119529868,0.5224616025987893,-1.6391605435661025,0.29043880479216233,0.2650695212064964,-3.192600078897913,1.0694952565710278,-0.7804433179952063,1.2600553519531075,0.6314695070120543,No
-2.130205463995612,-0.08169227377470421,-0.7930397511696544,0.7985108634733807,-0.6932631956292112,-0.449600288058169,-0.4828459559500305,1.9484181709589812,-0.36757366132843283,0.2902350385420243,-0.6230876558196947,-0.09545993936742994,0.5907183786233288,-0.6726197219244711,No
-0.22840064883415143,-0.9695742481742475,0.6275170401308425,-0.7671016984366694,-0.24786053250833207,-0.968020440878941,0.42150601454017206,0.15593014140398376,0.25426594429178,0.9599070930866942,0.40916140574370163,-0.4257763664505776,-0.014378497591392115,-1.009028095047914,No
-1.204977237766005,-1.6657331478726956,-0.15112755122276864,0.5315839552068236,0.17905512308908178,-0.08109657808782308,1.4116049694721469,1.3265539504834045,1.5738697482688828,-1.009215961448617,-0.8188288198338375,1.2194899279063254,-0.13473247239068148,1.891774861090562,No
0.7430722421569257,0.8719115527199871,-0.9457635828778452,1.3468671701866257,-0.41541203912068075,-0.11386456356210232,-1.5151403188165182,-0.9874036881688396,-0.5120373965879373,2.6875074005043764,-0.6566055520654588,0.4452996502431675,0.7342861924009197,-1.0447828650411006,No
-1.9341907870683215,-1.9822630734788205,0.5545504310082797,1.1496751253446784,-0.22699810755673944,0.2587732245898117,-2.2883271658743958,-0.49321610050117576,1.8091100098474442,-1.7038544293742377,0.726129405741065,0.32420313912488696,1.3836353515414173,-2.0548414726823845,No
-1.6558117189690411,-1.3114401969544753,0.22779202949806537,0.36956636550976346,0.4544065790488896,-1.3351969819788072,0.5940191584721871,-1.1755164124498774,2.102549233863528,0.6431960518948575,0.11027499171476032,-0.7538969135308283,-0.8972614250959055,0.7492500119069743,No
6.0913978070395,-0.12167668161743576,-1.2528341953123312,-1.064049640762182,1.5477792366423795,-0.4939419689533416,1.196867189525652,-0.43622636788046976,1.4730184839788374,-0.8036100463014093,-0.29887092378718394,0.6403943618886431,-0.11180950506562272,2.136969746038474,No
0.6109472429106082,1.2122850891383425,-2.0082411950934365,-0.22470020427070755,-1.2365721609941218,-0.1347120771617114,-0.5140611992788982,-0.304247368461297,2.397812864243293,-0.5237643673593575,0.5986187833438982,-0.45171541498728873,0.45275643905266444,-0.8344962692912127,Yes
-1.04330188167617,3.169888595032323,1.6296676383975235,-1.8287183226894164,0.1702409662111926,1.3852063985423626,-1.06112839616484,0.05407538340820546,-1.803751090100277,0.9152593313850762,1.758912926481981,-0.5482011824486137,-1.0567651673493756,1.0930844497265066,No
0.07707035185588072,0.24412419141681857,-0.8458268861612513,-1.9075034931795436,0.9288031517678923,1.1916442765901367,0.9849785457286475,-1.2040893135885835,0.00976854976861512,-1.1304665514925978,-0.9770267182727416,0.12550446134582274,0.7067091711419791,1.0024091262314694,No
-2.6218870634835847,0.8032641675143001,-0.4945962235316948,-0.5926338839163625,-0.6127980829356128,-1.7695438913284678,-0.39417064928328993,-0.8398040473144833,-1.6674410246456453,0.9058155955464051,0.5148726707746426,1.346715043832787,-1.4078498294685147,-1.006643579004551,No
-0.27453986529642166,-1.150601552947063,-0.1587061062641561,0.5583739651470627,-1.442406881005445,-1.142112754254285,-1.4551060014382717,-0.26557536800743164,-0.8286819858421706,1.3982883376733333,-0.3494414393691072,0.36056397433819176,-1.4907710279177766,0.6092688318568446,Yes
-0.5949798358933659,2.2536630042455252,1.6869595815680951,-1.7152927348823284,0.683087542491624,-0.5577769353856311,0.7809208392719329,0.4087099547361165,0.3021049086917568,0.8880974822497902,1.6040679517281191,0.07292140524047892,0.06914473396109987,-0.817549471863633,No
2.9426717428095603,-3.407081115691855,1.5195851331097991,-0.65004750151749,0.3839068833710268,-1.2588568827809195,-0.05717289343551583,1.3951883458215177,-0.820226560602922,-0.7279671561284388,-0.23309836867523362,0.3304765273923731,-0.611094375648187,-0.579570996436479,Yes
1.0614295658955233,0.25761525891443376,-0.4123156174821143,0.5847338310785049,-0.4816764896695336,-0.5962598389584293,-0.11567857582212211,-1.0549749179288894,-0.07260480199238543,-1.3193341317043477,-0.9689938082747377,1.0631888399966547,1.318485744328699,1.9145496219428946,No
-1.0044626232079095,0.060752838005532245,0.4039660592273795,-0.3606313227071081,1.0349196677265915,1.6682283252215384,-1.296337674114284,0.6139076247706186,0.7189523558519415,1.4747814116245452,1.3865183803230365,0.8075314480786163,0.8539496196696565,0.6494260920258172,No
-2.2094952626179203,0.17520260174018526,-0.5149474361693207,-0.7514642576223164,0.6139710822470589,1.334003557470838,1.1921888340435878,-2.123718792756638,0.4018065109798317,-0.9100111488157578,-2.4297130808020406,0.4923487219649957,0.47117181769230143,-0.4440331948801524,No
-0.5007021922192358,-0.3061197395878807,-0.6208703741558798,0.787773844414798,0.5378591180855855,1.2564553601848716,-1.8815679065444304,-0.8432728257118897,-1.161802556746772,0.45065281907425025,0.7645453753494824,0.5058508477063602,0.4679837475201764,0.6710447313281577,No
-1.2649393730285818,-0.40989203973647376,0.30530242015545467,-0.7640590256806233,-0.6949602916563002,-0.3226890474576007,-0.2785415602268009,0.5260355047631029,1.3262159205937711,-1.9357486606510659,-0.5688649801454102,-1.9080243433427941,-0.3333971776150759,1.4844773884097628,Yes
-1.3380186378762247,-0.23393016749600448,-0.17379953551158167,-0.044106444275768916,-0.6094884490893591,-1.1204678587560324,-0.17785738720753916,-1.1698065139639136,1.4964581575367357,0.8505194432912275,0.9381642176263744,1.6209626287502665,-0.2665372722631427,-1.1263968628689487,No
0.18324233521950598,-2.492347538680518,0.5563841217123071,2.145257448449252,1.3142952161640729,-0.7929629056636736,-0.46012696429832683,1.2505176090292722,-0.33783827160565877,0.32257854338436837,0.3137419216393844,-0.44736088464522955,1.3190718502410241,-0.32305543257966185,No
-1.8465127290844954,0.8362084064696648,-0.13070596515740823,-0.8836048768343959,0.2496141314150122,0.90569761460113,-0.07160357269310103,0.6057147572617043,-1.8145214872949067,0.14219189021215484,0.012721135918132962,1.5987031616236864,-0.20656757681875487,-0.8320643168527501,No
-1.2874873848620905,0.4461873531767384,-1.3283083482418256,0.7107580899430376,0.4616636268742617,0.10042967539556512,-0.6039005531867753,1.2720183992473653,-1.567717524415377,-1.4924457069852939,0.17412021982028705,-0.2692489589122017,-0.4775679249390484,-1.0625619771380908,No
2.124346004597251,-0.46070849914019096,-1.0148141700821198,0.7526238598173327,-0.2878098316207774,-3.292576440409419,-0.8992725275956079,-0.7329552287008863,0.4056611981865674,0.029974229076494188,1.377671610302887,1.2163961574512843,0.7590171449256738,-1.0484968619059107,No
-1.039294369348633,-0.24264725802660275,-1.4096941507816407,0.22061295011929197,0.8773975963643538,-2.166492428498254,0.5545563048026821,-0.8693192010552468,0.9588659185668907,-0.8901281527128997,-0.675906156059845,-0.4976943693211357,0.7160961944240554,-0.02303863688068703,No
-1.9947830540941138,-0.005690998851604288,-0.029512902163405873,0.5675377363726081,-0.26416953251595227,0.6349749913158044,-1.3257795855568024,-2.0717029926969897,0.6016907414415604,0.2978271937448677,0.38017249255458224,1.2977735471416372,0.6203801148040582,-1.2052487257621356,No
-1.8896801730942638,1.5735724491110885,2.2362245370544613,-1.641097559216172,1.152700158982783,1.0041767950987517,-0.11360426223657143,1.430330400000392,0.754083326266326,-0.17167294890421778,-0.936960878456382,-0.8021052981089805,1.5712741588436856,-1.0145354439626517,No
0.2915346322261534,2.880202544800978,1.7741878878523782,-0.48093786949256867,-1.2857502394292832,-1.2580205702768552,0.21276553936596843,1.2798736330034055,0.9095069488739806,0.055841900330850604,0.6242221324318994,0.1827326463074851,-1.674548658661393,-0.6557721832808774,No
-1.1736202138819836,-0.700294828726551,0.6313114456361856,0.9302773585534765,-0.3932679620310203,-0.6138497291607237,-0.23003611957994063,1.0157625369296994,-0.5913592233320769,-1.7027258730405963,-1.1680106827098655,1.0692931757627702,-0.16264850475042011,0.3099935476810242,No
5.6108512734072775,0.4222374159748431,-1.1834054157479437,-0.48381313667194376,-0.060069656218648036,1.0860695137477225,0.2243712441060198,-1.3265099691296036,-0.8579801450140431,0.16476031018367773,0.9133715425736512,0.17437305174553272,-0.30088450435039316,-0.7323201278476912,No
-3.148896704575796,1.828913843954954,1.898412742016704,1.420298373414431,-1.5035932300108297,-0.7027694809066858,0.8917524198673814,1.486806926807639,0.6543731540695996,-0.39317476491437825,-0.21163676314905117,0.28933450851221293,-1.2989216868326172,0.3462959039843562,Yes
-2.9061017508834186,-0.5287607550997265,-1.0537457222840854,0.213294838263126,0.8261761214477816,0.9390118790513023,0.5079383376161378,1.302079536065993,-1.2400125227510994,0.7490433110706171,-0.3141886689062485,-0.5736410422122921,1.3512418148283933,-0.5463987282125701,No
-0.2489666325072184,-0.0565764010910281,3.353359915089861,0.760221482746472,-0.2639546087667081,0.2712793648722215,-0.15917462549071032,1.6532390202576739,0.38274232926961393,0.09272878488048933,0.7603647983303504,0.3055441353985604,1.8436488851615276,0.1646407497680144,No
2.3600198601705156,-2.590649305994744,1.7206516771747524,-1.319692963341092,-0.5547596204397497,-0.7660973169521137,0.9883081614376752,-0.20411474244071312,0.19988253283118862,0.09918326703787533,-0.1940107241667348,-0.08869064215472966,-1.3165777889715113,-0.027338947387046442,No
-2.8547567685798896,-0.5294047619209619,-1.0808035605602733,-0.9798745168965862,-0.3648210490358159,-0.969245945868269,0.2451574612724056,-0.1682578504697017,0.7205128413729592,-0.8955825279030131,-1.7361039014247843,-0.7004161001806034,-0.9311526846793419,0.06014791994455156,Yes
1.9465741087239357,0.1365015662212815,-1.76600500901644,-1.853000815218021,1.0813466214657321,-1.5009270021088095,-0.45092387542969975,0.3664390315674678,-0.034228894817766,1.605418338613468,0.3932133179919256,1.117734745482796,-0.12609396742507592,-0.3257711238461747,No
-1.2954071051342566,-0.9489100341018459,0.27768993350736276,0.035658205310830894,1.2055961065324838,-2.1667731410505584,-1.0941582048633849,-1.236599539310668,-1.025228278188555,0.44632610977058473,0.5295521691337151,0.5851274062417365,0.11446099615878919,0.18786053839778313,Yes
4.288094157868859,-0.45939840162879075,-1.0799874559764076,-1.8839645371904015,0.02291006049002723,1.0773161798462443,0.05041734474212514,-0.6454549477345132,0.18377743530407706,0.0793676490956835,0.562282987677922,-0.1979020891812752,-1.819212958285539,-1.370017480760385,No
0.02012361459055306,0.5364116734301242,-0.8502642012271351,-0.6907594110811375,0.9365361719833781,0.5536907027714517,-0.21015237598253622,0.40163526076329786,0.8018749621770142,-0.7044396474008903,0.8740469064125117,1.5138662134589254,0.029181132338972758,0.2069797889842153,No
-0.593618142894104,3.3308023406303473,1.6596192228138256,0.8078940675686703,-1.0238456777093137,-0.1983767327122964,-1.104624163326706,1.6006141063387802,-1.604226739414524,1.1049419764269979,0.9092665576778504,0.9932240847274001,-0.005042888617313675,0.31374727490245413,No
8.284849106164875,-1.2589678587952344,-0.37990817030862917,-1.739207026505835,0.7343058275195616,-1.5545827389030178,-1.2341914076454432,0.9374914475654184,1.4184441790177569,-0.01175542491706618,1.089400954817544,-0.25143840773274784,0.3568462996088034,-0.7417871546519377,Yes
-1.5854109120256792,-0.9276599634059179,-0.3719618168011181,-0.48205116365198575,-1.6302633177737582,-0.2717521854570324,-1.0297021717969854,1.3422039894697826,2.540006122202394,-0.33747307327655934,0.7077115749791261,1.2686369064378553,-0.12680563184789742,0.45728572992071415,No
-0.7048295563231561,-1.7582111826966689,0.3558710907076888,-1.6419312263717303,-0.6517889504812174,0.5227031321405048,1.534426156435045,0.9967358434358414,1.0458389832947184,0.2794867880397422,-0.8595898616790242,-1.8481161379153699,-0.24086543452945605,-0.6502638204072024,No
-1.83133778121387,-0.7228551980896082,0.39403856826595546,-0.8848081916467191,-0.9879832761688409,-0.617151231273929,-0.34952093801926326,-0.05895644926267684,1.1952680138356402,-0.053606313143301984,1.3704318193234788,-0.9417889702624185,0.6716864593350776,-0.3492256895259585,Yes
-1.3831761756975263,-0.6151769994321088,-0.3731395930077454,-0.22620090855298292,0.2962399027418361,0.35417224270708625,-1.1315476077383304,0.9435418509918783,0.361160394317,0.08188477298593516,0.6345420852180533,0.5634388414569136,0.5237151177323424,0.7502843591763453,No
1.8986106230681612,1.1649152485954624,-2.0870737326409596,0.2149455763618919,0.04892038077604817,-0.28019604270691,0.23593888460585768,0.3772723119675761,-0.5790547331326938,-0.2681315970035147,-0.6577327962917643,0.2589529716115297,1.914915856837654,-0.8728927028358887,No
-1.3286009580324258,-1.7720031736605026,0.7492019528088448,-0.7408829354177232,0.197188664739638,-0.7870963990342862,1.1891954929406403,-1.764130564540445,-0.3876036752935663,1.961175368865364,0.4171721610392654,-1.8279850495023362,0.7401275239147168,1.1031495976450616,No
-1.6247930406130064,0.9371263693468039,3.4885748590223837,-1.919270852128127,0.3738591560215372,1.0421328846418871,0.40943073612594966,-0.45678028083283906,-0.024900803794293602,-0.5949038042814224,1.1489358109627033,-0.4334534523955314,0.8188162564034344,-0.12513661567980236,No
-2.387005890491792,-0.7651062586463931,-0.19159090644427443,-0.36741424402044104,-0.01720197284187147,-1.5909215475704972,0.8262134185744157,-1.5263166190420334,0.18339347883848725,0.14958948719166054,-1.0975049591069563,-0.4441275069123409,0.3272427572522716,-0.9736376445336273,No
1.1683041326863663,0.68790581902146,-1.2893525578252736,2.0084833360207077,-1.3474768338093794,-0.7958656791290867,-1.4450093003051871,-0.4596156333301064,-1.5559769900882305,0.6709291673893585,-0.29922874906556823,-1.232643588855671,0.3467752638189227,0.3649137335189838,No
-0.522071848942813,-0.4203104573009736,0.0435737610623862,0.17931704942576243,0.041836531327847024,-0.471907878686211,0.2667460183440925,-1.9792434787574402,0.08032102050977265,-0.5666354812531301,-0.6760620814559659,-1.6513069979186972,-0.886406919311435,0.570297603855157,No
-1.5791801382375614,0.2544840224546814,-0.34377231122333984,0.33982279909445967,-0.18146546823652535,-0.26030557080519584,-0.1673685810571044,-0.8601206877505588,0.2427783305172715,0.8086106037361368,-0.947907962468416,-0.26907015176763366,1.2557496687774703,0.3712886136914202,No
1.8254485148257085,1.0422860185119849,-0.27146844332028575,0.2787486836502357,-0.23896009971489454,1.902094206979235,1.3522619581277429,0.8820905828102855,1.1485452720327218,1.199141450779681,-0.6758050000500249,0.9491801181058109,-0.33887350929050714,0.8823684842092746,Yes
1.0447057726828888,-0.06246802156903764,-0.15877115187888705,-2.183479815683256,-0.17529930741405703,0.3198234002818254,-0.744778427473726,-0.11006292059219033,0.0137731299166583,-0.341241787683549,1.3664661258289514,-0.31668429511620383,-0.5696267224080238,-1.5371752245228076,Yes
1.240205105844708,-0.2632050709084182,4.473571889081376,0.6044804290676213,0.0926263120276912,-1.386389729236261,0.9097884818862907,-0.23189040063862654,-1.5214914802779618,-0.5525155453012613,-1.2415179254563027,-0.05543717304780128,-1.8739004921831142,0.25874474401908876,No
0.8603739867128294,1.1701292195545636,-1.0540930703807994,-1.953539491467631,0.8602817750362609,1.2116806226730124,0.7102058316571478,-0.43317219999365963,0.0200519740787831,-0.1034557536143496,-1.124725899790619,0.214143726699465,-1.6014988046272143,-0.5375199605372731,No
1.0449476083780924,1.4563285332511742,2.32877279922624,-1.0840432256347492,0.5473332407457944,-0.4176527400731904,0.5896019106522786,0.7426345459598491,0.14115056522199537,0.4474192285337285,0.272827871452866,1.5794911789032644,0.05395955333059094,0.9346674211510861,No
0.23357821965164707,2.8598713901154205,1.048270695423731,0.8793626208322388,-0.2892444508013656,-0.8851984748885375,0.8037349260824119,-0.9502694851367998,1.4330452137066798,-1.3002546455998165,-0.13459460104276366,1.2310069707936506,0.3084519604109789,0.7618505409648739,No
-2.0933239007830626,0.637611220160959,0.059458788888102986,0.35140531814167786,-2.103416886335274,1.051146245248545,-0.5340415539038825,-0.7852522790584924,0.216576445765524,-1.525589051251856,-0.4233573693736135,-0.3309124461689322,-1.028336166183461,-1.589133449456266,No
-0.8354279649063869,1.25804067766788,-1.529069838134007,0.02559417111983493,0.6420047147512655,0.8251098991243273,-0.1562178893034256,0.30238779184674386,-0.5374675475584748,-1.1747350774123575,-0.8310713660346564,1.3565254214366431,1.317366615681689,-0.3367409779977359,Yes
-3.060072308222192,-0.45019530946797615,-1.3010193264537016,-0.13509472245716325,0.29463342966936795,1.6737575669435363,1.3408462166829886,0.7144960103524522,-0.10903260366137289,1.2782025739013794,1.428203606016098,-1.447718119008708,-0.11054480080672824,-2.017418358293383,No
5.218994347029406,-0.10157769169834846,-0.19069033013821093,1.5049696776712786,-1.9477398736268825,0.8299827781150555,-0.8778374435302501,-1.5787111817884618,-0.4134044489623378,0.6282232448870166,-0.3621808658209627,-0.5117717886616525,-0.4778586064426186,1.4396942264361126,No
-0.2239456272526982,-2.1613257969229767,0.3379212428096559,-0.5301841421292415,-1.0470961743832925,-1.1328312075955118,-0.5064687030309788,0.4180706921379107,1.7006138816439442,-1.1344723792256588,0.15933385937677938,-1.5994087581033731,-0.7105699339613532,-0.3515140890697952,No
-2.105141071285552,-0.8009953268413139,-0.4731590097112612,-0.2478531697441056,-0.16898149471108717,-2.0705151308371206,-0.4497345080821993,-0.9583360638363821,-1.089954210655436,-1.3177462995184326,1.4095059885694308,0.6277797863267665,-1.2642199825945672,-1.1805865247530842,No
0.10958190362199796,2.955349930382206,1.381228639697045,0.5209445498819866,0.6645670840332432,-0.9038706724383021,1.511892276223284,-0.4605427180935621,-0.34225004160522127,-0.16779111105274472,2.4963070856147604,1.4476422006263872,-0.2808682245612243,0.29084805006931364,No
-1.5470521299572588,0.02478922079737707,-1.3120451952699224,-0.7108506234211855,-0.5631103724564873,-0.3520140963634932,-1.731004065154153,0.5897408641107268,-2.156022821680225,-0.5289061297084559,-0.3882691779301759,-1.9871190563964498,-0.19635231297592043,1.7314694474067114,No
2.5959265800241123,1.692998869004169,-1.926889733782669,-0.1807204668902299,-2.4230845201102156,0.39424759154801275,-0.13318101029303153,-0.5559506860107488,0.9654145766105584,-0.5170702606963226,-0.6633623702691429,-0.24561647947946208,-0.8455432569385637,-1.328499362763823,No
-1.0785891337869948,-0.7448398843766013,-0.8171744110428579,0.5689350362983636,-0.2717970965900881,0.20527963525650153,-0.4610329564910193,-1.8849358598872408,0.5763964305101779,0.986726440755366,0.20211226474806296,-0.34609273581611344,-0.37959698269661224,-0.9443288145580345,No
-1.1483684678052781,-1.2460810994932678,0.010251441784879505,0.7993416846725503,-1.082417096393564,1.1680936922588134,0.8861030211323844,-1.3468661420379733,1.3757772690847283,-0.6300498293570929,-0.6824240807423316,-0.9576369669890208,1.237636740315151,-0.18162200047063404,No
1.8613072847248453,-2.180468905766005,2.197593378401393,-1.0129523778395115,0.06332310724504484,0.009249364572185115,0.38045528666452394,-1.0675526303415972,-1.4530811014104865,0.8429676738603253,-0.9214473390353971,-0.029339309582587694,0.29892448560576834,-1.3980622047804836,No
0.7908916048830752,-2.1297320868336294,0.4065127847716222,0.1659740543501044,0.2560827309488477,-0.7127429081844271,-0.44671282863688916,1.4938105310152865,-0.4299768857239757,-0.7082515848521593,-0.20398029215001529,0.30756225492518174,-0.11654410233193518,0.3144927550027369,No
-0.8763260024567493,-1.0708721290464989,-0.46659686729523386,0.5014289278801836,-0.7196161551644461,-0.2537025125142094,-0.7084175233172276,0.4562216715279322,-1.217592845806835,-0.29095873503748254,1.1445565561767448,0.6759130167366042,-0.3565451527473216,-1.4848907302720151,No
2.6738644345978666,0.08313474657610623,3.9251047952195757,-0.6227607419616316,0.5382920344204758,0.4163274751461732,-0.9241954932295826,-0.35697587025003913,-0.9155197767900981,1.426959109837406,-0.4169901897887013,-0.10823732829363132,0.71726338249283,1.0686181450953267,No
-1.3471546282582318,-1.1324483897105089,1.3429754921312493,-0.17104333890508647,1.2024128995755121,0.002608510915070299,-1.391771765423675,0.9136822339177789,0.20661908495746703,1.4309142197655522,-0.8265487253905983,-0.7473267196799753,0.8758288155534332,-1.1643113048923457,No
-1.777622752712645,0.1165046185494512,-1.083965834907492,-1.4371368311525339,0.0115113670031325,0.5237126909886736,1.301303954541814,-0.005091745107284141,-2.0995557503938818,1.553721536177683,0.5438998251769603,-0.8172728699270735,1.1346315045477409,-0.3201286155861915,No
-1.7846126447089863,1.7225531038893152,2.5095526267379196,-1.1808192095049326,-0.22018412734146675,3.242941111041684,-0.5149847066574511,0.8358275771909154,0.5589976221384381,-1.9578414968385156,0.5160291578843685,-0.781007834155152,0.30804297565556565,-1.1111800209057427,No
-1.364511593259478,1.5508945187915708,3.1384033565691225,1.0876862183759253,-2.2530694116779943,0.2963047492956973,0.12885080819314934,-1.355654050152982,1.1560035821661414,0.706121643797641,0.9533991920092049,0.34780470724489077,-0.6804648954236248,-0.4877151042906259,No
-1.6228418618413896,-0.8077598130802603,-0.031484232749798384,-1.8483544764519437,-1.8095465825577564,0.0880953988188125,0.3659700338264468,0.14239354967103524,0.4416207494611329,0.12467426105022476,-0.3281617984786971,-0.06540388812821263,-0.9798698169249497,-0.17151139679183192,No
-1.538611441668531,2.298981878754147,1.794636034787254,0.30417524479031205,-0.5380759899216965,-1.396983759453838,0.9681576937495362,-0.893820377273724,-0.5796136368922106,-0.7694781170834972,-0.6449136422130118,-0.2983309242036675,0.7282682201028337,1.3879173042211173,No
-1.6216770026715068,0.6536476827505495,-0.5636945434950219,-0.5061439275914601,0.4368910090165014,-2.6927185671135456,0.19332688578034712,0.24128820637913928,-1.4347900562519489,-0.9952088244160604,-0.45853378175914256,0.3022712527423783,-1.1272909539152283,-1.0196424405622384,No
3.6780818871198586,3.587441205793862,0.5053141339336588,-0.5124203338822707,1.0534694515819436,0.285667513333607,-0.9013809681322894,0.9861628210344858,0.2956495967573524,-0.3763418853691292,-0.22458806276305315,0.527907303479402,1.1329985423406737,-0.5144935201559409,No
-0.05253532079930125,1.4953550322935076,-0.5598784745816855,2.075959827391314,1.0099176189629608,-0.16353195966225328,-1.8559694682623495,-0.24575004654642005,0.07658674646630338,-0.2733015577683095,0.6814411611668477,-0.2954712044919931,0.7370722892445649,0.07095402009569221,Yes
-2.30848257813931,-0.19687959243607286,-1.1524395959016567,-0.533195566011284,0.26753935696840786,0.5908544023708763,0.1756615568501532,0.11590609380483305,1.6041229192382027,0.05107415853232019,-0.22270800876782323,0.8210067751820632,-0.6326882715912298,-0.964752267472229,No
-1.685454532772911,0.09695225863975707,-1.2469244965697814,-0.75596592621905,1.6928460325945722,-0.9786771192808266,-0.07152383165878809,0.43472342764311517,-0.8044440570173318,-1.9800441269440698,-1.930033752900873,2.137209932843186,-0.13517624049855298,0.6434385376671502,No
-1.2415789151779608,-0.6163730910808874,0.31377340534362813,0.026040911051942152,-0.623219177507906,0.11020606616106711,0.7247092367525538,1.0069880334310248,1.1190576634635196,-1.1563987481262563,0.2581467010251022,0.17256940334744983,-0.1778149198936078,1.1798016403374947,No
-1.791363904020899,1.3265413496013883,-0.8983782124724817,-1.9007007096644968,-1.6777046910286988,0.6073241784451068,-0.10360626001162385,-1.3207040554565528,-0.7100791449801824,-0.5011355919917978,-0.6370457687602477,-0.6051295585485886,-0.4379464714612036,-0.25851885408543435,No
0.40125698606677734,0.7201620492304603,-1.3767196761458076,-0.536775484475374,-0.23578561376408086,-1.1918639626894818,0.5140688690474631,-0.2629646009239445,0.11727928605907868,0.3290664741574649,-0.35889089204957125,-0.45152636656609113,-1.2765086501048024,-0.6490364051991439,No
-1.928867462043597,0.4776804997365106,0.10058385957475612,0.5509648813110045,0.3208882443420356,-1.5029205557875946,0.3255825172819005,-0.7558639697559648,-0.6985627786264172,0.3368874718176883,-1.1634510388999892,-0.5671436804764077,0.5917211697459526,-0.8292099609373321,No
-0.15524584681121145,-1.1957906146029567,0.053127852230940964,0.714701808067533,-1.4520072108555844,1.135262812534728,-1.0135088309565228,0.4904187367744756,-0.4701701917908023,-0.7515738813137912,1.0648463993504715,2.0822750864380417,0.5155606555532867,-1.1283257674241114,No
-1.4551091608491928,0.34460351132846556,0.3080294886291666,-0.05245594556413008,-0.5383452726478293,1.3460388461918023,-0.4745925274723079,1.0996374769651873,1.54552694100375,0.6216692999522991,0.32437949291377494,0.49077591618311334,0.6852416584189649,0.6322188392590998,No
-1.9726452281532858,-0.13061588160792523,0.6270364517145604,-0.09801101855859623,1.1326006999989626,0.579875887076635,0.5317340441616035,0.1286277189220531,0.40350893229949963,0.8101197506435193,-0.5264553334144615,-0.3656112457511545,0.9125233587857804,-2.2134889701558764,Yes
1.5786016993357401,-2.8430590250449463,1.7069897731434673,-0.49407517396711376,-0.09226777373256781,0.5173609396266398,0.3070213864615902,-1.0139388478039115,-1.2274922452300763,1.129836959747908,0.190606913332472,1.0694530413493843,0.03907534261108999,-0.6278645911108636,No
2.2974472827094936,0.7756321760687597,-0.5601177217918886,0.43770512829510677,0.956825672533487,0.18490744462850367,-1.191129339810117,0.13548120717934373,0.12656892389497687,-0.7879154144726338,-1.2864552338784525,0.02723974885363243,0.09597339468535587,1.9505991488773007,No
-1.4699547886727233,-0.5263566768873621,0.19412631002684824,-0.24961004246814936,-0.2607185899797593,1.4982554662066725,-0.8013664051797568,0.8810322825103472,-0.6807934602848849,1.0133536019207274,0.1829266427216091,0.406055285009309,0.21399942710932285,0.6845861828413509,No
4.262071816354207,-1.288119026668308,1.4464321276685843,-0.23746909358372778,0.5874643035979489,-0.3094470652358501,-2.974971113417322,0.05302097782350964,1.073283841597331,0.9855250470277601,-0.5430877280630588,0.878769549694267,-0.20901461782231867,-0.29460001044258377,No
-0.3794047721575997,-1.2397570150935138,-0.014962304209907261,-1.3440794569111651,0.4135963081188332,1.3574666044193962,-0.9593463516248489,0.26233937214407177,1.3799239684379754,-0.33460287436842023,1.2322063252091513,0.18037271580523248,-0.21125416920573115,-1.3331183990630502,No
0.6827431859798114,3.0674925894812497,1.4204756891249455,-1.2226067970026389,0.9007043609003877,0.9085996330173443,-0.2116667633620229,0.004515329526183815,1.273964333176111,-0.04712545050770613,0.6185253488926206,1.2404376287345509,-0.7011049421202312,-1.1483799255498153,No
0.33480487060406255,-0.1574830512880198,-0.6799275684584227,-0.649220038298065,-1.4982054734900414,-0.5687671750412348,-0.26812340092818043,-0.8721073728847306,-0.3800969134640389,0.5670835326523246,-0.7345393573683763,-0.39443554429637356,-1.9301937619722402,1.9829794911483676,No
6.1294430403524816,-0.4354423311064776,-1.1513223478647325,1.3408567844762518,-1.0152048197853878,-2.0039838773485306,1.4530365585432437,-1.0908900984400804,-0.5413952093667749,-0.42326744032291835,-0.7066549346435497,-0.18185239265880834,0.07348372057818787,-0.21295930848062553,No
-0.17762320263833267,-1.734258204027395,0.022134907466003682,-0.5413533897327129,-0.8761117394903002,1.7757047205568313,0.7781896502138262,1.483054639857568,1.6492612689013475,-0.04367438400120218,-1.2930029553631541,-0.8834913714099809,0.5538928196952247,-0.3911497361932448,No
-1.66834787197326,-0.5972178705464847,-1.1690909172673334,-0.8079751992493565,0.5085403247411169,-0.6020292812245455,0.9335279072437127,2.2715289007479464,-0.41259545452019664,0.3463509798626895,0.35629541849698826,0.5304478740356299,0.4415086686452312,0.16281849333682955,No
-2.645694716826193,2.007621913188496,2.834462862262278,0.8653582221308544,-0.7031777700624586,-0.03172131286622383,-2.485098022972303,-2.688434321624123,-0.5974187443436342,0.7083455811600422,0.9893235581504596,-0.3042989077690371,0.23081614476519738,-0.48631790228370175,Yes
-1.7737273763199237,-0.06270521906827654,-0.4147376834879811,0.2836831750698154,-0.6806868373282289,1.6560061579022323,2.4801350732575744,-0.28103661875331276,-1.1534119599452768,0.963451725945473,-1.4885485317582121,-1.1629513477665439,-0.183640593152342,-1.1186980588251652,No
-0.20957081438395558,0.2818866133506224,-1.152215690161285,0.06711648970993199,-0.9344840984756458,-2.0949714896506983,-1.1710159555368285,-0.15740132732450524,0.6716648239519735,-0.8467878605453947,-1.241037741573528,0.06897929320247417,-0.9131443829816288,0.08678108361991535,No
-1.5870647897418613,-0.356287927839238,-0.3862185257247965,0.1590631148245093,0.06930993483698897,-0.09424558535299442,0.14848930283996084,-1.573923438871008,-0.757226883177559,0.6044854765870127,0.7179794998813208,2.1519547930782172,1.4759231206836492,-0.17537734783715944,No
-1.8615679176778075,-2.1999904536287676,1.015604252635791,-1.4845622123413784,-0.5920391043437523,0.6914441325905362,0.01375901056453761,0.8359180448935625,0.1480427087161438,-0.5582971833663194,-0.36618636966537466,-1.9456440650808757,0.029700299565965763,-1.9433613614119865,Yes
-1.6481994568358063,0.5260634347178558,3.062637296335398,-0.33538465525540695,1.3291808410533257,-1.6491485826836902,-0.12495266753157455,-0.4948343926376454,0.1146730056611435,1.2194171448483704,-0.23812328280496797,1.364413662531722,-0.26763314100868923,-0.6697195143890702,No
-2.656409284123569,0.12173997799863734,-1.2591597987722203,-1.7892526181229407,0.3386321032140152,-0.4552683968449347,-0.7325646592788387,-0.5479560073600971,0.16030149291997323,-0.22896721888509333,0.6928233337470013,-0.9293106776882164,0.6786225947909,-0.8250792238453317,Yes
-3.3097176148700154,1.0129784884642081,-0.12654922250640058,-0.6693264460935086,-0.9529949956429095,2.099345703186643,-0.48511458406723634,0.5562322439522654,-0.8875510538841456,-0.9447731038141042,0.2461296926139403,0.1965046933160486,-1.0240681884671707,1.450158760920069,Yes
1.727794622786419,2.055467187546978,-1.2326376830163497,0.345277988596891,-1.623561880498029,2.333662558450334,-0.2032692831533806,0.1399378006295669,-0.5138091043459853,-1.2063808767049582,-0.418761152226219,0.4533989173551336,-0.9872634619422156,0.5765681086235137,No
-1.5497281015339994,-0.04506501254299336,0.43833511554191446,-0.5796160184800455,-0.41863508169869834,1.9280033808098826,0.3193231351444007,-0.035903468198496914,1.0691809746977092,-1.1825779646776198,0.88827908019973,-0.14441571094399105,1.7454536183967815,0.8252909232224825,No
-2.105734128786421,1.3097227728519363,-0.4585562231087675,-1.3214003383540935,0.8343775109802819,0.7000427795642278,1.5010479648114636,-0.05749244291945123,0.1433892062697498,0.14664670956670559,-0.588631193586622,1.7333602927431804,-1.8750342647491527,0.5519044116291186,Yes
-0.7221030713167543,-0.7436415831044755,-0.11409248750672228,-0.6294080533212741,-0.3463003170750503,1.3599943323856687,-0.6885143104000881,-1.0717262721341525,1.1252721114260347,-0.5363111515444904,-0.9737913817514894,-0.7696704889013712,2.2863256031039905,-0.8207572361146073,Yes
-1.9495937156735088,0.01281240583883961,0.325464120374053,0.7451436176416659,-0.5431472181291843,0.2521678780962689,0.0795332097525198,0.45948566264213336,0.6850970138428327,-0.2984731826991422,-0.5473331466030874,0.5683762875475169,0.2461541564635908,0.12108095825073968,No
-1.494613308298578,0.6368061226066829,2.8352174680865496,0.5015060770783942,-1.8874074568348704,-1.297993512466888,-0.7489019503166149,0.6856143033370912,0.8962586660496681,-2.343497525451728,0.6920260607691802,-2.2721194308950605,-0.23751425211010294,-0.0936285541376723,Yes
-2.8509842603022877,0.3491394419967318,0.14525620877038461,-0.4281899271459398,-0.07855382029853682,-0.9088817889062941,-0.2583416125707279,-0.6456445883371918,0.08332110120455263,0.0939813793410389,0.13920064713171407,1.155589130194758,0.18608765261573618,-0.3756543931471845,No
-2.6284962311387456,-0.22469777432364804,-0.4639363826213744,1.6025351662495726,0.1282627803838528,-0.07626170453641576,0.8633754716168194,-0.4773853978127254,-0.04504315117179654,0.14758088379150125,-0.7661638973383028,0.28431629150506177,-0.44893974416087695,-0.2843559689383855,No
-0.4675304293782544,-0.5149311990280419,0.5955533299352799,-0.5696651654883198,1.3181074098730758,0.3672932704382523,1.5017229967569152,-0.6849591840501549,-0.4439920773031798,-0.09685685182732277,0.09029746209605638,-0.8992620251273463,-0.051867241766306096,1.0355119088470122,No
-1.8324231253600893,-1.0127556295386917,-0.6183955233308033,1.0936429826736027,-0.45315211221774276,-1.0387446603871828,0.540929279526999,-0.14180913194722025,1.1060611797226774,-2.2389306092019168,-1.5729679712467974,0.38285075235460136,1.2347200875518192,1.122475551292566,No
1.31555890506629,-2.162399239265177,0.7870523968599268,-1.1501105961329776,-0.36547394037191755,0.17335383743342003,0.9731078719776435,0.44415435995201835,0.17507188269838506,0.048369919052756574,-0.5935168239229532,-1.3428612182465671,-0.4313822461782899,0.7800895152132901,No
-0.36303636824803637,0.5618098312285964,-0.8073703760244848,-0.7978259749358426,1.3823022519979866,-0.7950539086070755,0.005464722410004396,-1.1409332421191185,2.246311994475128,0.7263105149695395,-0.8753157446551808,0.5944124704814654,0.658912789969518,0.49723193804725174,No
-0.14049332446128798,3.1213252865017838,2.0910086102488927,-0.8278281124216598,-1.5519437335136999,1.3736700760333902,-2.3269009795471662,1.0872864506391657,-1.2061709980226059,-0.10354534510367913,0.7890394807530348,-1.3932793205415825,-1.0567230860843797,-0.8092657132225626,No
3.4797122679496764,-0.5600184188423099,-0.8483471567186084,-0.1491868397938538,-0.05802018373778978,-0.231826579309212,-0.5149967238929933,-1.1265820784028955,-1.0542629101723102,-0.3695314138592922,0.8753472204979829,-0.1364053757388127,-0.4288214513412765,-0.8344595060219143,No
-1.6127412387835325,-1.1997123118433284,1.3012605772245665,1.6013686230095696,-1.0094313293862358,2.516935225604696,-0.5502376587636593,0.8189674822810886,1.2834869670029445,-0.23816961494120378,0.038674740464498494,-0.749194457309404,-0.022371148710765735,1.308665740419708,No
-0.44796398823363337,-0.1188851866980106,-0.8551668753259155,-0.85819015152499,-0.7040756991637075,0.8981244800278284,-2.1031384028086,1.484877027381746,-1.0754282393506702,0.4612363873331082,0.47282840612337296,-0.6323774623248811,-0.4523805983200932,0.13224806601499844,No
-1.4505167000558974,-0.061245463584385915,0.16793947703300455,-0.8313017579012593,1.0288187958620583,-0.689675817086384,0.8204165338980428,-1.2738254168572332,-0.24403921282389873,1.9596512943972102,2.083808069704139,0.06722572762168745,0.8773871381164056,-0.5226184202194063,No
3.223184116054878,0.6383259960287064,-1.524103950894661,0.5814059238880483,-0.16929426137841241,-0.29059582842600723,0.800693519813684,1.7458042301264314,-0.3578881768301517,-1.5520250341725725,0.3557556219004549,0.7018159167709798,0.6317212654595068,0.6179698212347026,No
-2.1900497758410484,0.9529536227938018,2.4194017546843116,-0.3713031644704336,-0.5221235305389991,-0.9645674669165305,1.3148267958820654,0.29115775331814847,0.918403176694485,-1.1794908889876883,-0.7118086594666911,-0.899771633258909,0.584742762038458,0.6458407669875926,No
-2.974942287766891,0.5517076448303783,-0.03701225463735573,0.049573411455851,0.7584213084908492,1.2034438110471701,-0.7444929259834988,1.198622887970423,-0.5239461543072189,0.7984829784639276,-1.4446597654160223,-0.8616552902273167,-0.4523824554725811,-0.11661885306353824,Yes
-0.6224493397391697,-1.9539672942394561,0.55005485785793,0.20227559262580574,0.7954242900481421,0.5029643351414887,-0.6203329300084263,-1.9925524792617648,-0.5960520944118349,-0.5375951705306473,-0.1634315907572503,0.18772255010086117,0.5407174411712359,0.1670622446953897,No
-0.44419927064205406,0.497147229546596,-1.5768011293209165,-0.5384257979730908,0.022909746653515098,-0.3490656895090964,0.4878594248764963,0.34936169825502456,0.7003837623058646,-1.8277899243184508,-0.5028596458835375,0.20202291703518493,0.5578757130638179,1.6026610804493242,No
2.768817197297865,1.6753599297916681,-2.375584326298943,0.5009814794456405,-0.06438416226399407,-2.0326461144088723,0.17049828824629784,0.47148939081796987,1.7778577447338129,-0.9264521245581754,0.19630342017476413,-0.780692238565919,-0.4714400302622322,0.3225815704329,No
0.6967192644526794,2.5026950947922937,1.3651056616494899,0.22853172342694836,-0.4088319958402898,-1.192626517903284,1.8511735986386177,0.26736682603058953,0.47307690810954034,0.43120858761597913,1.7772810500226783,-0.6459161835614452,1.5156481356682225,0.0782040048834275,No
-3.143120745631666,0.23453970534353857,-1.1588095728067471,-1.0331938083556726,1.7798346359846753,-0.4407224770522276,-0.40226009030547843,0.40765342930879644,0.9793055090015332,0.7723053728547857,-1.0692129611518657,-0.30776269726629146,-0.547484396386974,2.154017207867135,Yes
-3.1075753756059363,0.5686721509845009,-0.01133332895022447,0.5181946337842721,0.8247412786778787,-1.9916348134996102,0.0992936890685159,-1.7222440160085717,0.0025377157473555974,-0.932837522832913,-0.24449941483175058,1.3653478825096685,-0.4840159976886333,0.023159854346086743,Yes
0.6687715715361315,0.6693757521197425,-1.9448187130002943,-0.10198297343615581,-0.6723561161572056,1.9236344795264073,-1.8510990307570097,0.29036558702523035,0.5869540454986252,-0.004679450814564594,0.9168180532172442,-1.2027244745244072,-0.36757711637112755,-1.5437127644204036,No
-1.9501847793843359,-2.110562171699568,0.8239815137890759,-0.35790962705806895,-0.5570617891841368,-0.2576594756779059,-0.9555915147650328,2.240887734101005,1.0373869119138799,0.4659316893949091,0.7671119959322505,-0.6127370787993658,1.218944187949163,0.4797054931062402,No
0.3463998643658409,-0.009544361505415527,-1.3764309411572997,1.0981006643216076,0.6364261149408261,-2.100024373594355,0.4843406450992708,0.7020574372993554,0.6199442247201317,-0.08765914030954373,-0.8674368602453364,1.1138719732562061,0.628380179706386,-0.18987439316223237,No
1.8055081428074538,0.6921891556121834,-1.8768659257579787,-1.5018902214415346,1.0431817287137488,1.7047478235225695,2.5194800185010964,-0.557524526139488,-0.6310678508104114,-0.17226707925817192,-0.15159482663772297,-0.416962620623294,-1.0325467259261056,0.04112648438839929,Yes
-1.1053881532171845,0.05516889542863957,-0.5981843051480839,-1.5728916271698221,0.36962641350044984,1.5212004696410748,1.0363068047909423,-1.2428849946770795,0.6456234962638676,-0.35512597566138343,0.03629424969336489,0.8764014089886203,0.25140953331515226,1.0404305022760387,No
2.2916757792343017,-0.8568362058602353,-0.6824946200463873,-0.8218671400840092,-0.5090226363553031,0.1564699639610201,-0.8535280189203118,-2.6604736626232284,0.8474155411683723,-1.320906423377641,0.7061069063847578,-1.2467565393792521,0.7338774009075542,-0.7565218207617525,Yes
0.3512429458342112,0.14294252071458174,-1.3473286727528127,-0.761727356767036,0.36106905343197065,-0.02237448780068558,0.3103151333523532,-0.009310057292883292,-1.080363640602406,-0.9517542055003625,2.2399196789736675,-0.19062858215736567,0.20440734597240237,0.16682241835685505,No
-2.4020110485730357,0.22826944552152334,-0.5326698537630252,0.6211872149462025,-0.3373864207404107,1.2842171235820659,0.46729464520965036,0.5543948194137741,-1.4201135785016743,1.3675285535269837,0.7039895735467008,0.26150792213316376,0.9408313515139219,1.0524844099197446,No
-1.4543136667814711,-0.11121001981481804,-0.02089329226350987,0.5587523667996298,-0.665606957979995,0.25766715163421156,0.16173030897644528,-0.049628437401173967,-0.38477132024061533,0.10835250098155376,-0.36010524205758365,0.42670564509579684,-0.23015773466266307,1.6783269977836255,No
3.9037489762709465,-0.6518301435376019,0.14793076511807512,-0.7622809253939918,-0.6839856939932746,1.7150327953450506,-0.014953128285006188,0.6643328981056663,-0.23711992890590144,-1.2574819838325668,0.2703630827479568,0.5497007190912305,-0.6928056793433482,-0.9030071045724063,No
-1.6637925121191135,0.7024908692267753,3.5903640714818095,-1.241958088425631,1.8364153500645828,-0.1265183167793224,0.10057865134355458,0.5419094361807721,0.8018293274170736,-0.15246430964417287,2.138847155688326,0.7170170406933452,0.5224466172653428,-0.47205521952823065,Yes
4.848855805648431,-0.6187904993345823,-0.41599171243466554,-1.0585472970879766,-0.47143751380451604,0.14604866320351417,1.2401996781666826,1.7503749833225222,0.1842568890392816,0.31301145694986215,-0.42368658689450567,0.40721940354051367,-0.029292073842063813,0.1752665045211912,No
0.8656426642120103,-0.09124142914837233,-1.3043737460978666,-0.11394235179759918,1.1524601341002598,0.003199053769843069,0.32561403631268837,0.23528682633621043,0.9229585477185392,-0.062416974734695686,-1.1921674346835802,1.5331399408277435,-0.9916833629649524,-0.1340817833542302,No
-0.8149905682857438,-0.4199412777672109,-0.5976131577778118,-0.3270942114943441,0.7502782920240615,-0.14661413326721637,-1.4502659025810136,-0.6970590082271143,0.3886211800573977,0.19999376671548097,-0.218341719076637,1.8245905052626645,-0.04765097623198142,-0.7927064397416207,No
1.330111183140325,-0.6474003091506559,-0.4314845516900095,0.9123446007569247,-0.6524635303732863,0.5977301929145754,0.5316271566575854,0.6464954441819692,1.4909057754361028,-0.34365637609930944,-0.5535145950892263,0.8727374462373796,0.606174572304492,-0.4590501753420068,No
0.8547866309517405,0.31940545261120507,-0.08677678570025926,0.1448603036458893,-1.7691902898615042,-1.1050532273034277,1.1895797287042964,-1.4113080134227856,1.8210324825372568,1.3193995317369496,1.20987000904229,0.4394837915808606,-0.9462073966004225,0.802766014707221,No
0.5057412633203954,-2.5574981132908463,1.8648791004962277,1.0092461410142803,-1.8026059759736235,-0.646013960821471,-1.420514049822057,-0.09052074693000085,-2.394522845745771,0.06651749954841847,0.44288249511502914,0.43430506844376054,-0.9322178627591202,1.2361801318568242,Yes
2.2051704794251337,0.9936414279142687,-0.2155359048944964,0.8285127408424534,-1.4411326494041483,-0.7024119247547755,0.4609906458820537,0.9463547388979892,0.9582803199558765,1.4819972699804498,0.5220495925829411,0.9152869794090138,-0.10005738207662808,1.9203955542969708,No
0.3361785713500434,-0.6130079291631729,-0.3680731607428925,1.0524173914251604,-0.9800462008052847,0.3244747702851338,0.1570876712749007,-0.10434631169848448,-0.8192582805014753,1.7676989956295017,0.2706768505745761,0.7243493669499907,1.8215338432966388,-1.1937070740310054,No
-2.160962853088993,2.666217434610247,1.748453541406085,-0.7233910803415144,1.3995650227882521,-0.6277185766514745,-1.1179164689100345,-0.31291078515619436,1.2217662800989235,-1.962148128028435,-1.2802685129330909,0.6811602740904676,-0.9924378930519346,0.8433661311093126,Yes
1.8986669515864165,-0.8763113726637977,-0.8906856480276714,-1.8153276033014558,0.33349548078673374,-0.18976189625197876,-1.5656715220651722,0.8844542511740544,-0.13473813615718036,1.0215317239292891,0.14129596440622447,0.029190378661635902,-1.0369561933918592,0.7231523151333978,No
-2.7618141848669286,0.8004628197029231,2.4221308906216508,0.1307186085194195,0.7252420606004113,-1.6925345327185715,1.0657435186834705,0.9821999453189166,-0.5579180988333717,-0.8121391866731276,-0.03937087087495516,-1.4786211922948,1.0367650719457875,0.8691748433441244,Yes
-2.1127426205450672,0.5933242976738398,-0.027071604721811048,-1.1263836872738886,0.8129487346113191,0.7966685414034683,0.14871344800243594,-0.8636357382030807,-0.7320767558430653,0.3660141477683049,0.632338192977583,0.9977071962006907,-0.9415434483037954,0.2952614285082971,No
-1.1533287103074554,-1.0442412500319438,-0.01021542836393987,0.9753412884356217,-1.1207552992181755,0.22076222461651127,0.4533423129511078,1.2862646220013103,1.1307738569764654,0.7174092512082443,-0.5369824764268688,-0.017380083023804206,0.9469047028590811,-1.7303226615115257,No
2.6587294148390916,-1.021973001105266,4.600668185764441,-0.8619571976508713,-1.3366416539904618,1.1791064916017853,0.08440775133060338,0.978328741444188,0.5475169304244389,-1.3920458495757928,-0.5650235523134755,-0.13272819357393512,-1.4587170061061456,-1.1057074030367615,No
-0.7492149166510074,-0.42245541260364733,-0.7001867440725321,1.23958234541454,0.1695478379831584,-0.12878594414159503,0.10088884336209011,0.5102505951287133,0.4849294829290035,-0.7296975432300709,1.0991171535763091,2.373068456666385,0.37019219892798794,-0.03270981781036748,No
4.8953993373529965,0.6125651577452587,-0.18213245159748231,0.3715636436760535,-0.25847771592337976,0.2040805202982979,1.3598155692143956,-0.8622733078938872,0.24188900980525674,0.6146422226973564,-1.456835683164282,1.8475128260659306,-1.3242971419092182,1.0005478203859752,No
-1.8468671198654096,-1.0753531046020814,0.24416170607536156,0.7628778977571817,-0.258908755266181,0.23081557144168627,-0.6110387190012143,0.7532819808700507,1.708595413094288,0.08327645225952864,-0.028338300909334056,-0.3392604529823725,0.38425408800528543,1.3985737186192606,No
0.4702195320589603,0.6859378763905466,-0.9600846845981085,0.21069997954407052,0.8287705988036259,-0.8573869657751896,-1.6386263439578268,1.0616106761796815,0.26453096923654057,0.2667794983866442,-0.3210428671220554,-0.6548399359548277,-1.4883660276456807,0.5770523665425034,No
-0.3373859639596724,-0.07924401025791869,0.07003115492581732,-0.5680804041380284,-1.118043165258273,0.07348407717788272,-0.7709110543004755,0.6823901818846232,0.7995654659338429,-0.7599550978210985,-1.0315009740647345,1.1689670715690945,-0.6768348401344187,-0.5447879030838864,No
-1.924138700828693,-0.5644049269918401,-0.7735369182743036,0.1566804418682148,0.5466547027362075,-0.41698405009136313,-1.2292687623018101,-2.0258006373217903,0.6923329758793967,0.986395876737885,-0.33485225592219703,0.5237331479030118,-0.9292407562040033,0.821883782319231,Yes
3.154600423844348,-0.5683972622424306,0.8335594035473278,1.0279013127179375,-0.9663526135157814,-0.16730076127347565,-0.6339767577525555,0.9980254033433134,-0.4858603352814614,0.8360889199728982,-1.4496363670412604,-0.47494238655817794,-0.9565374934320106,0.5161090225792819,No
-2.297008535415655,0.3701344499278836,-0.058513181627588916,0.026239795813171367,-1.3879353446070746,1.4820565590098822,-1.2311614127030952,0.5627237252792366,-0.4415267868853645,-1.5590761689291837,-0.7342757903202963,0.7785315886738063,-1.0252177490148784,0.0038031215174859976,No
1.4246411037190414,-1.2158977761692975,-0.0005836599179882824,-0.3797171246514403,0.9203208644619153,0.31903564896478337,-0.2607012240877404,1.212735539068305,-0.5762886682774723,-0.2904321871951586,0.3831877509353055,0.8746442792483587,0.02806277318219081,-0.8367288848217092,No
-1.5973479828318402,0.7510551285220435,-1.0090269187633443,-1.2363706447068146,1.2888362507085191,2.0218985072209654,0.7942079267943378,1.7868096110804237,-2.158893853829005,0.8158723866144897,0.37676729409841797,-1.0781002337689376,0.10108598633453414,0.6421251348599327,No
-1.7373614381793059,2.0798992264742564,2.584835324707712,-0.05710958769944614,-0.4218138306349269,-0.00424384080342539,-1.4415520102485682,-0.7411633713959118,1.027376525937733,-0.4689116719244124,0.37734884314477823,-2.639763060742257,-0.1701864416591106,-0.26529710478238205,Yes
-1.5229163218236963,-0.26637946461142137,-1.0986618299520017,0.4369095291129366,-0.3810426121387499,-1.142172646793308,0.15197878565971662,0.9360463562599133,-0.9474483593550671,-1.855047209681601,-1.3961672179277893,1.014496094819833,-0.9898645499596407,-0.6565590648064141,No
-3.484688319444739,0.2997505064320383,-0.8710759017660644,-1.0515624654149598,-0.2648326145173141,-0.9742074694351439,-0.3540140485903678,-0.9009911802796904,-0.009612963298405074,0.6748345205935423,-0.4725529096106198,0.7362056760754828,-0.8377120277237902,-1.1918370442407815,No
2.4880240040339285,-2.147700037102965,0.4930299393761435,0.40423436193011864,-1.0426800980645794,0.7092703771246215,-0.5008361803024389,1.0102215454116084,0.17808251810074846,0.40626564203026583,-0.35867225188852037,-0.11294755689463583,0.048111011087830696,0.9061481967517429,No
2.429547975777126,0.23110393174150723,-1.499505459008277,0.8145982851419183,-0.3904382301662321,0.48258118954468204,-1.1858302386030786,-0.6329369969424907,0.3524105368353274,0.9412418217470941,0.0899621638139669,-1.3220751799611432,-0.6124803824392542,0.6416265954428513,No
0.7929117248858207,0.17261556492155722,-1.4513815543447344,1.5521518666824308,0.30218827286092337,-0.3398029410641505,0.41333394480205293,0.02079611701626334,-1.7156014810684905,0.00836550257591267,0.8676871408504474,0.060877837146897124,-1.8678789176418795,-1.7854094877619586,No
-3.1360526826796074,0.07256364737808921,-0.5275016460162528,0.4328153873297737,1.1000885527784492,-0.32866963218428347,-0.5127670311641894,0.767533729818683,-0.6127420168817187,-1.9105583200602057,-0.7228023338764233,0.843601875544479,1.2379017670666392,1.5185466135815158,Yes
-2.119517477630009,0.6517304364468823,-0.5206470506024968,-0.4521864351033599,1.8428571377846514,-0.7148759212811826,-0.4021029933972689,-1.0420090317120114,0.025335444682447802,-0.3398587081451757,1.257170448288401,1.6188201041741312,0.19501388954689014,9.064401600873444e-05,Yes
-0.6077395884748017,0.42641943376782043,-1.6247388492416337,-1.2094842901127745,-1.282230725912716,0.9248623165695782,0.4332252304811917,0.9251889660944339,1.6715395290809996,-0.3297621995943674,0.5558781209385953,1.132467278327525,-2.017602423330992,0.7276677050981573,No
-2.439510196078531,1.0282179624669847,-1.080521308532388,0.3863902729594824,1.5619111019194405,0.029802363996448502,0.4836431445779601,-1.6278873467075121,-1.3161677497114967,-2.587008803570208,-1.9047231137210887,-0.8155904623677723,-0.1987896377532236,-0.27153346713962306,No
-0.1888512052361406,-1.4172275749636105,0.2905721241115081,-0.06770970949884736,-0.0007217384489104804,-1.5050427389400827,-0.9852725866720102,-1.9451369974428856,0.10258803510961259,-0.15917794996886292,-1.9235073939599356,0.6972467211736859,0.30601395518691865,-1.1998991846929832,No
3.638556125127411,-1.0173126503366647,0.25521957328131617,-0.23783985769999547,0.17991937025808233,0.29919562340308564,0.24024466365822464,0.362087095082821,0.156849194108925,-0.7153259539496596,0.3100168486481293,0.3925429793261786,2.411253842943278,0.6416375993353052,No
-1.0496461158524857,-1.1901288688840135,0.08005543031414197,-1.7135165545757016,1.3939134131626618,0.07334664194710729,0.7585810428774045,0.8639487330856598,-0.42985340690448814,0.4131642608365494,2.018245226462913,-0.40302045775941797,-0.07254722829700436,0.23548223653235006,No
3.78201405737166,1.13761920661307,-1.180456900978305,-1.7091479827531137,0.4080749953246292,0.5961320451885235,0.858077992588491,0.476855242788099,-0.15409629164506827,-0.4879943251850751,-1.2847112341683482,-0.4994590425666328,-1.0732913027183162,-1.3459033372318234,No
-1.554969521324799,0.6286317335645383,-0.1016909345849324,0.0950022344222991,-0.9361285750048691,1.0333361894163404,1.0904948668305197,-1.43099320318303,1.484495115394064,0.553645677982407,-0.21098130824653127,1.0449990764907682,-0.36666638709839444,0.42451471494078263,No
-1.9289226783544602,2.1222085590861544,1.7557541788523923,0.009339070829754556,-0.16759359920491573,1.6814442433163743,0.6228367155476254,-1.1575273256700367,0.49941668755831004,0.1714259289913799,1.221240740546771,-0.1040196209895839,-0.5301788060769357,0.21558204796045033,No
1.239787657024774,-3.137649308529623,1.3885870762171941,-1.1150396053255787,1.3418207921872505,-0.5691168477396598,1.2349660790230412,0.3963316518512512,-0.3838299267475276,-0.24776939344488721,-1.1773791388083583,1.4609667592203608,-1.9158691253284763,0.16271107255018563,No
-1.860310992028274,-0.9054604858007422,1.1310095271771985,-0.419710181611843,0.25121786476227287,0.2400079581413608,0.922294443717117,-1.415543814044541,-0.5943632382962314,1.216797486466473,1.4947947454634594,0.5517192604537653,0.6747034860951793,0.25924106765056587,No
2.675503908156773,-2.2351107573590023,0.9709617240709076,-1.6107501887189515,1.5540677720783358,1.2514532040916417,0.8555973333241399,-0.6923132916413741,-0.5200772508296497,-0.31008231052618845,0.5706274745585492,0.8668691884912325,0.7055686482767909,0.13516064913802733,No
-1.4081170502731066,-1.2332743149151337,0.9540627829947973,-0.54503179494893,0.23916003133585786,1.5066402761696605,-0.731936348053406,-2.3595343931125528,-1.0586517101879434,-2.6979497098816836,-0.5941568396430232,-1.0313311871546056,0.5491369348615946,1.0095964338404602,Yes
1.9082903553154598,-0.4760293330001179,-0.31072809122052203,1.3514211741614286,0.4556597289753241,-1.028497914794463,-0.6366937487228639,0.2527980237608179,0.7535180015457471,1.577689703040002,-0.14756768426886624,-1.228844811093137,-0.12295493240348486,-0.8702173371078524,No
5.32637378309467,3.2263909291508885,1.4547875816780482,-1.503980260703879,2.166864702029766,1.116119493250747,0.5455968318971272,-0.45224722498271547,-1.4979239924224594,-0.31635070340758514,-1.6119628129779153,-0.008221172147708997,-0.48768997758554716,-1.2594030898096904,No
-0.7247209578445803,-2.704506140871861,1.0139485456907034,-0.6351763949131435,-1.1944533180304688,0.2588939325876069,0.15251516355079586,-0.8174242425886824,2.2616173120094327,0.17944000054037068,-0.45655458336694615,0.4087292892610865,-0.415381801747106,0.45865446478684985,No
-1.407813677480799,-0.391206853286056,0.624389397462735,-0.48558692587362406,2.185615410192473,-1.9480070855248472,-0.3628015771511727,-0.7198089453282469,-2.575598280398525,0.8936780685600265,-0.757893065981624,-2.6028951244347107,0.9469957177439172,0.9497677996661518,Yes
6.8204732810405035,0.5999106956300224,-0.7611325845323537,-2.609158015050745,1.409313044009349,0.35358635695388607,0.25327130757580263,-1.4081161298591833,-1.9796115495786972,0.46297682993322425,-1.268167480377014,-0.09657219525859718,0.036328723717498644,-1.9801379866519857,Yes
4.450656032477111,0.7825933342207749,-0.14325186204791898,0.6101742709553745,-1.5718895920676115,1.1261462585362578,-1.4527014972184458,1.7713810466692126,0.11935213132382909,1.5064638174665068,0.24202744965578343,0.1793272190005612,-0.8946894911524113,1.2726197580059078,No
2.288781938940898,0.3934083972689233,-1.5360981835116807,0.4778180160240408,1.5267252112020948,0.050933095921041165,-0.09584332247579494,0.3651080793508144,0.00752064249610355,-0.621904617870594,0.9047654860996353,1.7116424512215518,0.8482776772657941,-1.4382461360464163,No
3.281277366818555,2.7589327732178535,-2.3703573043997377,1.3989341763667487,-1.244190443156162,-1.8758825854038768,-1.6205042290993015,0.7355691431952693,2.2179202800220494,-0.1960630051246659,0.7370638804962097,-0.02162636938111002,-0.05884140209168636,1.2729090024431313,Yes
2.630319239852553,0.06050358409147523,-0.9906812493549801,0.8878099130443429,-0.3620293958859071,-1.1460831823874678,-0.8232468819698034,0.7388262159009082,-0.23137425955196173,-0.5864171838195065,-0.8351142338394033,-0.313874808483783,-0.9500972703933673,1.8658801066934894,No
-2.2255182598807894,0.8850740796287246,-0.12110297742112493,-1.2049344828920259,-0.7615916538552635,0.17169975336378657,-1.0060558182083585,-0.6076796716599386,-1.885363138147356,-0.4639162815770176,-0.4514310156784392,-0.11767492399042717,0.506055524356802,-1.1218153072030002,No
2.100722742203006,-1.975489090125693,0.6676176863757326,-0.33619471359527936,-0.02049294237823412,1.1783088417449583,1.9253373109617125,1.2353297848214573,-1.1116584725089742,0.6177373001198234,-1.1447182059212682,1.0154749199836175,-1.2036418308095405,0.9096719493110608,No
0.45831100716807505,-0.3083186599909377,-0.7431585093342385,1.3278252022644002,-0.5103606231424593,0.009761887918963968,-1.8495920842801095,0.9425126055771059,1.306114120071027,0.4415870195559085,-0.24239957832827308,-0.43715835169880907,1.057145943697059,1.8135228800153416,No
0.897822771287498,-0.4636317935737964,-1.2713536753379724,0.49033618491311237,-1.121508411088428,-0.4811060668486024,-0.35523446423400806,-1.3974780464571381,0.7731817000081478,0.6552460870913515,1.0140810780861493,0.6626744084589186,-0.9686708646017724,-2.025283051405213,No
1.177316628567193,-1.7064701334015708,0.8330669790744221,-0.28902729396686216,-1.8318645405384528,1.6278600201620543,-0.5237198501696058,-1.0345839477290124,-0.2579356372509425,-1.359413460184768,0.23939525792557825,-0.08011224311561221,-1.0312686181147457,-1.4298704969411997,No
-1.1024996508779186,0.2991041485193828,-0.16222055533792173,0.7378264642812163,0.3755240575203679,0.2152391732668351,-0.5434030536833275,-1.1076216626876547,1.1329742370436526,0.6350588076249144,0.5997681985394078,0.02304714981267489,-0.4091928016073636,2.6446124984624055,No
3.743029556673947,-0.09637739557684577,-0.9653512095234643,-0.7989156233315905,2.196969915811021,0.2937115098178028,-0.5224644266393985,-0.33323170979986744,1.0536673969339891,-0.9368187464321951,0.19697623877166479,0.5488128207704223,0.42556209318593713,-0.5399948795248348,No
-1.6033959995077685,-1.6763824279524664,0.8432165756786336,1.2992259068301442,-0.4939759474790518,0.44032917669791366,0.06698464884810919,-1.7906112015557445,-0.34489989290007783,-0.1135829186968461,-0.15749094711422504,-0.19901221007117578,-0.47237815063732047,-0.050654218945019945,Yes
-2.0011500223533116,-0.5662973459079317,-0.2567955957770975,0.6906965530142078,0.6809381177565595,-1.2439647724378788,0.22914612129539494,-0.9539302436492793,0.7563161344537066,-0.8096574956388869,-0.09816127048186248,0.7462578558045538,-0.16874040800043194,-0.3454723243420114,Yes
-2.5462101874537626,-0.159322920203867,0.5496294803416236,0.7326267291685569,-0.9623238907066253,-0.3404137362107404,-0.399654625476271,0.8949699585871032,-0.12058657974433519,0.8002047818690285,-0.03651436604990779,0.3312615381890283,1.1300287586152173,-0.07376145734840382,No
-3.206536527714046,2.2049565910661104,1.8360173206385906,-0.9613675039781546,0.722203895760481,-0.35159215946757366,0.5394522121739896,1.6876814045781714,-1.952847291858753,-0.588431495187108,1.3227362574153647,0.2662547039189927,-0.05108530624711505,0.7464923740076379,No
-1.4712558478908655,-0.2794916093319341,0.13155226498411518,0.536572268058823,-0.564343322821965,1.1718508244318717,0.9101293224375628,0.096969236634362,2.3229109095522804,-0.5248808809130052,-0.007760791810933551,0.49280594693043417,-0.05928414274751381,1.0276896351013132,No
3.9089386930962755,-2.4750089143317924,0.5241789149739676,-0.27727336956881565,-1.5532281767203573,0.6221579951573363,0.29312976634136945,-0.48848037888525303,-0.3306742874261658,-0.27847214311259205,0.3126828061610814,-0.1982650407333038,-0.3587171651938473,-0.076484385272833,No
-1.1922462963873035,-0.5414629722368661,-0.1338703124237025,-0.9119593896121759,1.2861812754913229,0.1773829757839721,-0.3746926851147845,-0.34534528009250764,1.4723981034789286,-1.4039702306505095,1.506196211590517,-0.12318103343163443,-0.9959410922368381,0.15761955925224125,No
0.8204316071487218,0.44980839593840266,-0.9409933854502294,1.3058243367108666,1.1430043688280564,-0.4602991714109663,-1.9983237844890123,-0.1588841216802673,-1.1029448670537074,-0.16327187480733152,0.7275159940029396,-0.5125068529961468,-0.09756768819200308,0.3773910181823212,No
-1.9996429761520451,0.6084154319625682,-1.3943579783952793,-0.6970653685461226,0.6640159576873013,0.6033716720512668,1.5835612749708732,-0.23078464850327451,-2.2846359218289924,0.4358620662013983,-0.03372383914432187,-0.031391180404750765,0.7101695185671377,-1.3111388441291805,No
2.481201216859395,-3.446336500178168,2.607578177916383,-1.1916865892355364,0.4356025399593588,0.6873876931709242,-1.0127076458960447,1.1851534415684168,1.6652418267453848,0.7744853835012873,-0.5983035427852975,0.5561688503427528,-0.8407362126060882,-1.998251789159663,No
1.5850930552614384,-2.0247952190967538,0.2444439182954297,-0.5787065926697662,0.37961709097828855,1.0100751253592664,1.5903980678964125,-0.029180030421306492,1.30833658997477,-0.043010085075874824,0.0012258546541204758,-0.9989938734150825,0.7117717004246966,0.626896171414121,No
-0.22865491559730608,-0.24908416218843113,0.9951918576547943,0.7304859477394872,-0.6031966725074421,0.6113251608945174,1.2947725586393142,-0.7940646521729526,-0.32671907361915253,0.6047337424143028,0.6266868498885926,0.30909784849915484,0.31529541605407774,0.6690805927099653,No
2.372676742276186,0.37156753958139876,-1.6415989866737855,-0.5755207850711975,0.3090438920972749,1.277044924109196,-1.4322460807872646,-0.5862025349816484,1.5980611035858556,-0.13326947375684037,0.558769733315067,-0.47935739458769355,1.254774177060285,0.6523700154328207,No
3.5623255919237904,-1.914936670845151,1.0942007493967172,-2.17696647196149,2.1619234054876078,-0.9548721114457661,0.9071586364600368,0.6213515605085044,-0.36744203561440986,-1.1577961761524707,-0.8565278041460236,0.31136166690008427,-1.0840966171356399,0.6025878701749838,No
-0.11881623333728442,-2.158893875965267,0.9090237672937861,0.02649754306930782,0.8468992903534834,0.6933252538595024,0.6152916008377728,-0.8180822250347558,-0.8293208396613317,1.7675618845784067,-1.0905410001240623,-1.5087443018746707,-0.6759670014951221,0.5285560369306512,No
-2.6645474368883986,0.3989403887100592,-1.128280508064545,-0.991634613482432,0.3777453267758018,0.6313115550485962,-0.37393777955932983,0.5102652515415376,0.7051347764436251,0.39768259925713634,0.7520226670435336,0.7257772524976156,0.018855947451314203,0.4650668670187851,Yes
-3.1284491442665967,0.17977507419864974,-1.0908098043450247,-0.7395925326499446,0.9475818876180281,0.78303605699696,0.9764306648670976,-0.17183374581380265,-0.7529750016564873,-1.2394667947394908,1.8027695152276644,-1.4322462793569113,0.7680851341144875,2.479427637960334,Yes
2.2438035829304557,1.7702296662934613,2.798440510104742,2.1037750319329183,1.2042257209046296,0.6703489751549385,0.02831075357397124,2.138352253654029,0.9388305297680951,-1.1688913061746797,-0.5980839334465816,-0.18263159682540578,2.0916314970234935,-0.4750845543056471,No
0.4246565440626223,-1.8582787880851332,0.49621184843352145,1.3925607175848191,-0.9495695303036927,0.6710242348980655,1.387552807820486,0.49090044799446525,1.9277437847556995,1.4805004706605862,-0.9058390798689948,0.10975644311238304,0.6410392243802884,-0.3786675526253259,Yes
0.8287895983574508,0.6625675921030332,-1.3336721433907133,0.659161130397466,-0.004948508690547085,0.729390609567278,-1.1408048002270113,-0.7917629445206447,-1.5919499144791867,-1.9032938559516692,-0.768124299866615,-0.06866756011379493,-0.18266431504400346,2.6034565361668616,Yes
-1.7154134683393616,0.9087902430640518,-0.7783364684897979,0.5844856130475701,1.5665572821681886,-0.029591611912384144,0.8897590248340066,-1.2770699574786977,0.15373827037851426,-1.344362335502252,-1.3696745803461867,0.633760563121005,-0.6172236657158421,-0.6140178737541598,No
-0.8819127467909654,-0.29394820892252904,-0.16646548194571462,1.4554833695801976,-0.8803004861386168,-0.1643543795135933,-1.2973330725402024,0.2405031924895308,-0.8461309344853745,-1.0408823105537446,-0.8006584080745007,-0.24852566211054183,-0.878951919550092,1.0726828900456682,No
-0.13757299490293862,0.5143771540535054,-1.4095924682758016,-0.6104715938474476,-0.31446220639883476,-0.7924199466145037,-0.3355291173147015,-0.25863390409396175,0.17592439082762107,0.670040365579152,1.5305366635110869,1.0019459023351582,-1.0900141526362779,-0.2445733260990465,No
2.305551854580471,1.660362731545316,-0.795463676651787,-0.7000320427694156,1.773744844054096,1.4941146528085398,-0.8009548990932456,-0.5037455658457174,-2.0132402169845176,-0.6224425522679924,0.44133384340090304,-0.08662043573169072,-0.35716856591263824,-0.3132959597975604,No
2.256504192637894,1.6608039412017521,2.047588998428195,0.06755706737068519,-0.5375055292255877,0.21021658843118018,0.5622747596719347,0.006357208212970877,-1.7360684347483593,2.834787631414308,1.7025859737003217,-0.7311603441153198,1.7045051401887656,0.5150659983981847,No
-1.8828342490267516,0.509250391259522,0.25747872894048607,1.7097848760150725,-0.36452315011845915,0.7185845454313995,2.0816947419815497,-0.924144387104991,-0.10124993588850512,1.3713866450006236,-1.944357042014256,-1.7348632937308575,2.1369662204451156,-0.3597402402786201,No
0.9051752221168075,-1.4212967801188061,1.3688307755437108,-0.8605773028162407,0.4656475772160997,0.5340115515930924,1.3342187944360435,1.5806562401977635,-1.2816620729232049,-1.0588710696034425,0.4347930619567884,0.237560904631094,-1.129197520598411,0.0941435196497435,No
-0.07540630800522892,0.3403946201826427,-1.3669009626090745,-0.45910229187150386,-0.32946626397505296,-1.2666210718852569,0.9900707103464775,0.6196279524084253,0.5744902629263011,1.3652173323272216,-0.18202072668607638,-0.14932699740432337,-0.24084739353999007,0.8489407641686681,No
2.8400876858940425,-1.3908602168727016,0.4717691695350697,0.775413983298724,-1.329959374927601,-1.2168100784707037,0.947076598474614,0.4265148600946573,-0.15249990771062177,-1.9881165080054073,-2.5020468814888353,-0.7084416352810722,0.05737902806939965,-0.14022955419992197,Yes
-0.5674569585273935,-0.9919080198133179,0.2535226869744144,-1.8982173079866855,1.006959870825285,1.086581504510289,-0.5651568510826261,0.7570238105579554,0.9443869530603661,0.4946221111104554,-0.2971645243208341,-0.14916129300805647,0.10229484699883098,-0.5904212623257225,No
1.0388754723361127,2.5555532920373762,1.6768042913640706,0.5229863747854998,0.17488258543442456,-0.5829829151402428,0.4424140372959737,1.153986376865403,0.18877277049668126,-2.171108386242984,0.12501087373927308,1.2086155152393654,-0.07618635123885502,1.3562133985633353,Yes
0.9044619374929641,3.333037305418877,1.4854723910492298,0.6936373141574694,0.17271882431647737,0.06404594045587941,0.060561246409781326,-1.9918220822276411,0.31153310329697004,1.341007558351025,-0.4384480324166523,-1.0091769538489332,0.11945776868814989,2.430437779071442,Yes
-2.0795677231569814,0.6192443391944465,-0.696573821179046,-0.35574440220086867,-0.43869529021814296,0.09340812641406464,-0.08353124620493388,-0.8444914170048557,-1.893051424358508,1.2496752707560768,1.4485304522844662,-1.0799040840872725,-0.18370694022157183,-0.33094299612592365,No
-0.9316689051568805,0.4004409047116601,-0.21328780736299396,-1.8524213608296083,-0.4168086962317084,0.5517059965616716,-1.1852324936996765,-1.5081799987595617,-0.7782359743896541,-0.4504150689037807,0.46743447494613766,1.2107833249987463,-1.3680278871058278,-1.1198830055939695,No
-1.4358418463149987,-1.2727314307107578,0.19519345197999693,0.49403294342054244,1.8452778267582364,1.1855106139767502,0.7153814294365284,0.7367715407193824,-0.7623399816838551,1.8864296263220048,-0.07900312394679485,-0.7094456930591216,1.3283277671881057,-1.9374827795171052,No
-0.655267988891857,1.7894333568993044,-1.8680575498140457,-1.2354531873299948,-0.45081405036482874,1.2116571934494147,1.365514824802534,1.8368054891003802,1.0440743155887853,0.289608745619688,-0.6739858604145077,0.5720057463317604,-1.2197942894495462,0.6013275519419471,Yes
-2.84541517205154,1.8001812432740651,2.0873624356656855,0.22295738614087096,-1.1634388548859684,0.9244971445725197,-2.2576849349592494,-0.6543384122720874,-0.023615032705171388,0.39269998886810725,-0.03916386235383516,0.3127679748115104,-0.4376468386330259,0.6695870979776172,Yes
-1.8679510520595322,1.7266502851040337,2.30389314586399,0.7350721166221191,-0.33420715991393685,-0.2805621576959329,-1.3484746394647935,-1.3700627476735747,0.9418392031555705,-0.371497664910243,-2.06072965835393,-0.10960367449586536,-0.40055077214936996,2.072478781479362,Yes
4.634664032495769,0.7590245463029296,-0.8729912289558285,-1.4004859540581938,0.6832455429732566,-1.2204014324901327,0.2364163444967362,1.3311239168121518,-0.027327299449794874,-0.48433221495947243,0.2795135521661229,-0.8305133922326856,-1.6960156885971975,-0.48992744543922995,No
-2.859270794397496,0.10636132196917561,-0.32277362719602787,0.5053957450936238,0.41066948817556964,1.2352105114890153,1.3966367897479457,-1.0413938270386003,0.8149179333272341,-0.8264364449194767,-1.1884588229634523,0.45776879756657013,-0.11197650105311702,0.47213388805661527,Yes
-1.4371842930818695,-1.9950404391614007,0.5762574552627366,-0.46960996139981404,-0.17159294516118256,-0.9495398124960184,0.7132166111704872,0.8479321931117827,0.25647311039343723,0.4795872592109523,1.1136842505355198,-0.2830321548123216,0.8882231918723037,-0.26166286677706707,Yes
-1.5764411659075497,0.14877602687308067,-0.2528914569515656,-0.7539406768572788,0.19168857968815836,0.17241307766805203,0.23236011655155228,1.2919154027967332,0.7677291546752796,0.19852556247018935,0.5829533849461984,-0.41273610711791436,-0.8658512666630486,0.7467865011780784,No
-2.275732394574884,-0.7582420805252083,0.5746206143436193,-0.346092910837704,0.5508244344934747,1.237099378064336,-0.09943611528473134,0.7617120644502507,1.1309166844994671,1.6120288061493,-0.5883754503244428,-0.6480198318362049,0.9821236609329322,-1.9821984941268986,No
2.195589694859619,-0.10904412003916593,3.850719626351808,-1.1227759945309148,-1.3754351286841369,0.7167656928157905,0.5722352784478828,-1.2834282067536662,0.18281442290148628,0.4938007112940764,2.372691779639176,0.8581033940864595,-1.1454719061567584,0.30407235428596746,No
2.3760489351427685,0.7373066893991814,-1.407042155403374,0.32911202682332413,-0.42407443423234276,-0.264442589501149,-0.44268849540239846,-0.20654517303803868,0.44745265121679345,0.715647461627084,-0.49501148027283753,-0.39501161102643517,1.6261161125918695,-0.23714829513732194,No
1.5934352184759963,-1.7169900684853276,1.7955218283265766,0.4290912333426972,-0.3777233237280877,-1.6653974781762602,0.792411836936456,-0.16236827609469826,-0.43593324672936506,0.376597974906221,0.6462601052650917,-0.41218297790442004,0.8375525191626305,0.24742310070870546,No
1.033605433416524,0.31175340707272203,-0.7832630779916177,1.0370578314377563,0.3557158203621876,1.1173258472685528,0.4945629090413159,-0.19395510821120507,0.892089274371582,0.11977810943944558,-1.494807039670031,-0.038257998746865265,0.19423927188479131,0.08170450685477193,No
-0.6440026786674355,2.3255960392101835,2.231211845891342,1.7301800429037073,0.27693302961100147,1.0872053725983708,-2.38621740807469,0.6269924770957789,-0.1379507418135709,0.823804199074974,0.010712865083705602,1.6967636538765656,1.729416544531915,0.6076358103485093,No
0.5655492397601013,0.8751571543098468,-0.7137134957506943,1.9426079122874882,-0.3458504541961118,1.2047986246354847,1.006410210326462,1.1702314612590017,-0.35871160965926785,-1.2095962564767002,-0.26448163024483723,-0.19148720258358318,-0.3612492125276303,-1.0783922878724728,No
3.7068337374973774,-0.66962061783168,-0.6358684833041813,-1.2072496638708998,0.017118674234934277,-0.48760319571628963,0.6692631588406525,-0.808160331185322,-1.2137693162222192,0.4405603603406173,-0.3129840447239006,0.359857079666056,-1.8473423186652167,-1.2984451462370212,No
-0.9579971057013138,-1.9275753281642325,1.0485293747192865,-2.0117876999162303,1.411971958800182,-0.9739268010334661,-0.7134811287492514,0.7976630196683446,0.8852174357696772,-0.5884415255253563,0.5046511212352347,0.14881115928629512,-1.4330088845866822,-0.5658945309674437,No
1.1940623988816674,-2.385407645617802,0.6481752046938601,1.7119900314989809,-0.3026043414818084,-0.6085977481462294,-1.4635072990008464,0.9153334201164625,-0.5352926645621565,-0.19609441866849214,-1.471565390576171,-0.14583030050414425,-0.5158212251134623,1.3962102748902003,No
3.6807931945344103,-0.9715442240671753,-0.6987406514398287,1.0009026946334765,0.016445723045175747,-0.049006761336436507,1.4646934296991008,-0.7511109743150917,-0.45527689451424497,1.5675355597945284,-0.6460567136301271,-0.2933335126529167,-0.05562623732199472,-3.0694381529952652,Yes
4.3422603292399655,-0.09660416510054949,-0.3963988631414054,-1.4273760418014738,1.1736726408391849,1.2746834520821575,0.044291209305185375,0.3115283093294718,-0.1736065556169319,0.0021395726279420865,-0.8944646218527976,1.526484670512962,-0.1165405244273514,2.4739435741772766,No
-2.5942342438315444,0.3005396651971433,-1.984629813015511,-1.9736404931666987,1.6440293302061615,-0.9478939267711617,1.693239068937176,1.785650045226272,-1.8707198604689779,-0.08121686336097696,0.4140989927202475,-0.06950833194845636,0.8981413674676819,0.40118988238062525,No
-0.3957634272100697,-1.5658244906594843,0.7334600267445939,0.3910974647068606,-0.2783218844142142,-1.000046519359466,-0.7537336583029568,-0.4203376415788797,0.9107915882760452,-1.1341369772421803,0.1278383514651369,-0.7532329718263295,-0.5696202675627791,-0.2633303638746593,No
1.3803528578035569,2.263625454155707,1.8098954769472722,0.7111599432538912,0.8660251556277297,0.03094115224849221,-2.2080018618268213,-1.9205085974795528,0.7111606931291088,0.5103529311625564,-0.06011015337204206,2.6279022153659417,0.4580439884987423,-0.07653982693949268,No
-2.0750890920875147,0.14517416997126376,-1.2229603434259755,0.7344529175743214,0.42244891031263865,1.258062976205765,-0.4999898750098692,0.29031352161827517,-0.576180650624053,1.457026263298442,1.5695319832638261,1.450492116518625,-0.1828339538393263,0.5753233914736682,No
-1.9061908653077835,1.0844888463760374,-0.5512301660588343,-0.5156481038726377,-0.5312145671391543,1.3569904980956151,-0.423650031156453,-1.5054769234190672,-1.7445264776635971,-3.139167752322774,0.5607342906542276,0.33037684814210305,0.3328468436015804,0.43211251039329396,No
-1.3242061990909395,-0.7030331093435778,-1.0047100046316464,-1.068778322094625,-0.5349006502410932,0.7795058762499459,-0.2721504082311295,1.5361383342179575,-0.5673730819017769,1.0851114772806856,0.14850031269138972,-0.16968896522590204,-0.47116035096254943,-0.22670218830046182,No
2.6276449978371255,-1.4489516341962605,1.18653417678438,-0.21775357128855113,1.881621443304375,-0.040562970535226714,0.25170917923828123,0.13388357404831908,1.2189308442342506,-0.3035964705501138,-0.42406137550660966,-0.6749973904191426,-0.10362542132621141,0.06638231744167895,No
-1.5913027377852729,-1.0295852669204226,-0.8812128187980379,-0.4952976190394861,-0.885923619628785,-0.5007448373462224,-0.14593371230251037,0.7487597880305716,-0.9847375083943232,-0.9965537333520305,0.5511751070345471,-0.3155969694600274,-0.024260086799929585,-0.914097479381349,No
-1.3520125406950925,0.2387858461805808,-1.0729262299243842,0.5393917290937097,0.032730801503813654,-0.1305666159510189,-1.2166673641467436,1.039493979242047,0.13656525511042797,0.009470629503203449,0.22179072010621118,-0.958177255620067,-0.4263305188355233,-1.3621866889113505,No
-1.1761493002271337,-0.5447661159372756,1.4163693551283516,-0.6018068873813471,2.0892104230191726,1.2475275414098428,-0.8727365262433122,-2.27032645398439,0.1817317072078302,0.9506291776524305,-1.5291491755230235,-0.7612821522062747,-0.03666443056703428,1.4983796515006227,No
-0.49450482575495697,0.7272895174962639,-0.8882382871682319,-0.6983170291282506,-0.10330305008287419,1.0509686950071313,-0.6250393640191192,-0.768293126451384,-1.446207278738448,-0.5613417923201224,-0.8919830279859889,0.015628686879625812,-0.21149346373676992,-1.3984290467490335,No
-0.7693206414853591,0.10707134217801048,-1.276078690126682,-0.28523689707333066,-0.5048001300243976,-1.221020103947584,0.6431466132082719,0.8546327463511518,2.1474133906368054,1.3806177806550248,-0.029159687969311017,0.6146858181320164,-1.5213360824561362,-0.6977074653315062,No
-2.2960822058438635,-0.08643229200742773,-0.7478309928631395,-1.2816088373077918,0.5604887043889173,0.036847022244538945,-0.6643247961744639,0.44274574502630326,0.46553445787327263,0.6503388730136496,-0.3020042413568102,-0.46732193989343535,0.47152364390399415,-0.5071948989628092,No
-3.454835030237816,-0.06244585755293317,-1.3312220061236886,-0.8572277315960833,-0.06007799744904325,-1.2969033548780007,-1.557734081141604,0.054838617999945403,-0.16005436756367566,-0.42243441071629023,-1.461252156474682,0.9874042442248997,-1.5713128560088658,-1.2085658372429007,Yes
-0.9264627784422442,0.04143724332275696,0.0625470470728708,0.8740726720638671,1.179445749134997,-0.9335019726111996,0.25883116542605,-1.6156758804387117,-0.41173312469682083,-0.5772562045780101,0.7662247663073846,1.5440269733756486,0.20557195089869207,1.3433762624870207,Yes
-1.937715487401977,-1.2500003891841243,-0.30960477484111093,0.3155189205908053,1.0910991100883964,1.024106126358746,0.6694934684041474,-1.6259521242096655,1.3970229759333894,1.3169173211626184,0.614868039697317,0.3008088349445499,-0.5351856762199418,0.22722211115553073,No
-2.128657272927019,-0.004605482584404378,-1.2222702053588619,0.8100310954794747,-0.6163820779584215,0.42667115095837094,0.6183353450494704,-0.2935725158349795,-0.43666350343353155,0.4770501263978837,0.7643952327497733,-1.4951732968707305,-0.3593036199667062,0.2786864659326634,Yes
-0.6112266624728532,-1.0500883082639545,0.11022721582781277,-0.0899080244394259,0.9972815723953457,1.2070010483344564,-1.4525852281816976,0.24160512498909964,-0.12626174314319916,1.4667393697452427,-1.6187463691034036,-0.8548416849704117,-0.4560027238320542,-0.72155812237612,No
-1.9492215034869134,0.17922803379854707,-1.1641427864449803,-0.4831793416003138,0.7302206567857055,-0.07554551948782039,-1.1019343247628457,0.1821813441364607,2.0410482367627094,-0.41133273350481836,-1.8000877437588105,-0.14168822805658546,-0.5264898018171739,-0.8749812365077447,No
-0.9297161255779501,2.3849703575533936,1.5908772032532417,-0.10537285331281562,-1.0173038649680082,1.1633190299147471,0.673573640071052,-0.5489075859269269,-1.0016380752431393,-1.6863724500077701,0.31510612331075855,0.4857052703054606,-1.2033666284286808,1.0529196397225795,No
-1.1764748242766168,0.3709885718256917,-0.24161002506805374,1.377218806144916,-0.7582151580729829,0.08529074796506778,-0.9525651841616753,-1.518364558803783,0.6711526222405825,-1.5713436152552562,0.8137314024978798,-0.28050954248274923,0.21583893171436977,-0.5194058400258846,No
1.1721334797956364,1.3612913959784105,-1.8047105647627768,0.05139284657452342,1.1564165061724527,1.2877770176592784,-1.6134397971087993,-0.1695718906300391,-0.941134264223303,-2.1947919736003203,-0.002115777619109494,-1.86303172466216,-1.6110620104167725,0.8351051953914137,Yes
3.346535401019055,-0.6035845562216061,0.5384382321984744,0.8950907629488266,-0.5163455640480751,-0.7916472169572834,-0.35565594759129576,-1.1978933341767573,0.2864897396992475,-0.44503713061417677,0.7732629890830762,-0.2828567808804615,0.6008260280443556,-0.4731056988334983,No
5.163249184101126,1.2511445670042272,-2.1214758507509957,0.2709289961931158,-0.03916755003722872,-0.6107584571257331,-0.722795786950624,-0.7935002738513479,1.0362044454836838,-1.618159076532901,0.26526505290008245,-0.7931584924593582,-1.5967838336086317,1.0811201608771697,Yes
0.002443402229015288,-1.3625509387468413,-0.028821669128360716,0.21409352125331224,-0.13510427338915237,-2.526649143127665,1.3160115508144987,-0.1257780911670237,1.9854351291272092,0.46275056173183904,-0.4016035709531487,-0.5731252259767596,-0.5040881458236925,1.0526414621722386,No
-0.8376075136485079,-0.9252580530031179,-0.48727865418117355,-0.04375618099382514,0.5257472044883046,0.6145533408205762,0.0409523476887084,0.8288898605721186,1.8003420635043794,-0.7040291647819477,-0.23303712515662944,-0.14242262132920702,1.5770783052543051,-0.1605675310245026,No
-1.7625189359565023,1.4202344340602995,2.5030286108699324,0.09180820032720918,-0.024632867453414368,-1.6469697817670386,-1.458483625971653,0.9817315156972225,1.369657929435631,0.5765245358106035,-0.5020358960369674,-1.46265573520519,-1.1038057399244698,0.8380515252052403,No
-2.9553775443495964,-0.43855764784426904,-1.1763340313010724,-1.0480930052391126,-1.1969346177838058,0.6156618920851373,-0.4776453112472288,0.6491509555488897,-2.4362671040977593,0.16236948177287175,1.0158687064215983,-0.3513986581362695,0.08391407759409243,-0.16183858138203486,Yes
-0.6621178707441373,2.8684737417765285,1.5692028828629734,1.4942867155397654,-1.619193612722698,0.37378554563165955,0.7226104790526368,-0.40993144153359007,0.5806526349362519,0.45213518339721903,0.862829223522717,2.211563797504404,0.5108667750975342,-0.11654172110265966,No
-0.4080036956566829,0.8436216907387953,-0.22896907915594128,0.4305812328283114,0.5715449544070337,1.1533587724490477,1.0397731374401395,-0.4653212998442861,0.5101262209190257,-0.5792483810567316,-1.1138395009461302,0.026085922629354098,-0.2241715374254714,0.9324552345248605,No
-1.1930326059425145,-1.447230757132583,0.38636181661269076,0.14465429533811067,-0.41238274066024466,1.3164686206943172,-2.091399715518859,-0.5156850285666525,-2.4087544816858726,0.29295542635685884,-0.14505372501314395,-1.8714210699197635,0.29799502710283776,-0.8116493060842249,No
1.3766463285825496,0.35245994222372734,0.00811427495518025,-0.9925536649001522,1.5887592915850361,0.004505176479084238,0.4981759390170183,0.8481293848841336,0.6457665295765794,-0.2193889329146937,-0.8017484653053668,0.8743134238681897,0.37476598990602417,0.4490924156183454,No
1.314349136614906,2.89025546898766,0.7441104044025288,-0.2153574808348207,1.3743164217566675,-1.9287460781083352,-0.17990855449219853,1.1435803791775703,-0.6796607873904816,-1.440479178380049,0.3851052804999579,0.15141173971663713,1.7146328749008046,-0.48600331615140746,No
-1.8851999388913365,-0.23145795237703617,-0.8202882333714104,-1.1148362452508571,1.8343226718500099,0.7784871237119165,-0.39328814013082936,0.9906368369424047,1.4975493393380623,1.0701560277737827,-0.1630962081698005,1.0913133182599108,1.5937978035309743,-0.3136504477433586,No
-0.6099303769855329,-1.5367172664107458,0.6524298301278435,0.2890546335666416,-0.44466854216232965,0.8369886356163977,0.09106338402987986,-1.8547160497263353,-0.23430420658662193,-1.61269918863218,-1.3984233822556704,-0.8350183524459384,1.6858084136768643,0.7278343129591046,Yes
-2.817029497780881,-0.4817289484143495,-0.9431333063474628,0.959834166656532,0.2847342328935302,-0.003520501863545473,1.1420941501613109,1.6316081727554874,-1.3422975547544282,-0.6861679425792333,-0.810896336370995,-0.031117540212903267,-0.9930462376853176,-1.346388324103826,No
3.321839332950397,-3.491672474763012,1.5721592271886924,0.2771816482333785,0.6400921029419313,-1.3752723272716916,-0.03891718258156186,1.1451912860206643,-0.5532932350607679,-0.5330561779567209,-0.22364990090765705,0.1560240467131751,-0.3245225362797905,-0.4428955499282981,No
-0.4577589938201445,1.3542238293949638,-1.8373708767122399,-0.6597843832014074,0.1746421384456839,1.910196014410188,1.0752748560924108,0.4903304688129289,-1.7139852998526255,0.19393509523643096,1.4529073951435407,1.2773342872243112,0.512332765843127,0.2781766570449072,No
-3.1747748602056505,2.8039135425353114,2.0285677113219833,-0.46668960738719056,0.4432127535123228,-1.6143591029231605,0.8376328428714273,0.4095272037666182,-0.10917498593263245,-0.4897470314420497,0.4077826169789558,-0.6576551296213661,-1.4763240846791275,0.9486273758021935,No
-1.3723033726328207,-0.6576903806219108,1.21255399941694,0.9933731358324976,-1.3451765022281155,0.475772090965471,-0.2966882358747083,-0.6024157970460474,-0.8848141755684412,-0.37315476410414095,0.5322513802734549,0.38768942710764476,0.9221708142390148,-0.4474022751161546,No
1.5851436296121881,0.9416208927507332,-1.6062939672204786,-0.41800501540795265,-0.3018227943041357,1.753238394949148,-0.061189928893779166,0.1836172123230239,1.2803506813889982,-1.1666063574909784,-0.11763671468086802,-0.49614540466927515,0.4857251995494766,-0.5718745219272906,No
-2.5534855274887267,0.2598895357585734,-1.2200931294707502,0.3128129048793222,0.2174407100459243,0.6116157989416825,0.04762852210666597,-2.2950269705847637,-0.17447860371994645,-1.6731575802523,-0.3300030093825249,0.8784866798281623,0.7931915880888174,0.14138993195660018,No
-1.1697422765767325,-0.7687282384722534,-0.8828505272050611,0.9232797865293262,-0.5302189284681271,-0.5763875264376715,0.6792992993443566,-0.03940482566555659,-0.05550411788642864,0.4876584918018549,0.5640505324427979,0.01975657525885771,0.9850664064932267,0.6925453251929041,Yes
3.81852147906925,-0.995092808271787,1.0505707604393528,-1.230514257959529,0.7403722358751613,1.3659683162876732,1.7907387753028796,1.443101565244915,-1.5252473471452912,0.2688949179294697,1.4791056746843676,-0.20095031949953587,-0.8312511210881052,0.7771785745878547,No
-1.830390862385768,1.4770581241743914,-0.48191886603416834,-0.8812516834488018,1.226699377714514,2.455141032827796,-1.338222963574377,-0.9006017136334928,-1.8122392615664946,-0.9009724200328326,-0.8536995015005139,0.23219635212672463,1.0662372912410152,-0.3149442773440127,No
-3.059810538888629,-0.17923780733122285,-1.3201843076584012,-0.47245739010096954,0.04439133949253506,1.6486014059345568,2.2377379579269085,-0.32299919260452836,0.9787323517240873,0.6172520907241957,0.10857664426600308,-0.7847577977035047,0.5659122915428092,1.075118133508289,Yes
6.5552800988237845,2.2331769921063627,2.307489254158837,0.18993974741785127,0.37413073263758373,-0.6768628493595036,-0.12594656986356445,1.4365884835451705,0.061203293359332736,-2.280193901864208,0.950199093762709,1.1615722943712206,1.3044558322378281,0.7713093488462847,No
-2.177398021874387,-0.9613628537758802,-0.21320341198867962,-0.7560473497154347,1.2863076941121208,-0.8123265742141772,-0.4026017213836436,-0.5966186233921965,0.6792230469635986,0.5368355572621136,-1.844042343410407,-2.2084807337578827,0.05671687383139567,0.053404995324757606,No
-1.3223727916398367,0.05741508021720943,-1.1442933808042013,0.9084721229743027,-0.19409070127685224,-1.48721662788461,0.31126172516958733,-0.8446489616043931,0.3803355127882561,0.30832260532644684,-0.8525078099875167,0.4272302516151945,-0.32600383906825076,-1.8659117225800212,No
-2.343656598298357,-1.0161156875664645,1.1024516573254421,1.3242890834895364,0.3267342347313731,0.46604239682327486,-0.5559779740637507,-1.5554725971844758,-1.474740353616147,-3.045638456780389,0.08959211895129685,-0.2257126813226983,0.9303560569341343,-0.6454456599074273,Yes
-0.9699363654135897,-0.7068724205653089,1.2347462217780691,2.745753062088748,-0.17767732205065534,0.41331918491482145,-0.4550443416990777,1.7348249363972599,-0.17745741112884975,1.1536826986058142,-0.6674011342608323,-1.3474597862712838,0.21483524647135838,1.217146423863715,No
-1.6353244125506001,-2.2698326354832554,0.5144117865819346,1.141266761958459,-0.18243416288200154,0.14176187608278187,0.23232687825794246,1.1133167873416285,-0.06463691691396536,0.7847868709696157,-0.012311019803106085,0.1430986648268279,0.9662681396640469,-1.3721779217872923,No
2.2969484916638083,-0.38293750626248724,3.9261718719629704,-1.0379290771335554,0.019456081348827352,0.10314229351695545,1.3271973108177706,1.7448862442274757,0.2626493639885092,-0.8400261943005591,0.4920045646031697,-0.5474309755743888,-1.6878458279704642,1.3318882049039111,No
-1.0685974500582582,0.19234210433024074,-1.279263217962018,2.2833015572643944,0.35433719249846213,0.43544098052393,-0.4317151313691385,1.8065518157199811,0.10490392285328891,0.11129558713351924,-1.6433647687514716,-1.201308930724193,1.0569488156924811,0.40374571234024453,No
2.2897579447501037,-2.9421861511944885,1.0732996704902324,-0.2968884116990494,0.30863820025334743,1.761285792154609,0.158709184857361,1.362502161814501,-0.6924296160932265,-1.1055509194724777,-0.6368992007817937,0.7463126798742215,-1.8682621257559502,2.0258211645642605,No
0.8832249317679944,-0.47468627706391137,-0.06222232655687897,2.683461974299537,-0.44848514796309663,-0.3114890533261557,-0.5094862893532401,1.933363594964086,-1.0340739370456893,0.5640947139855748,-0.7231667978569093,-0.2136026174546992,1.02152922107532,-0.2500090245606643,No
-3.1586346339897884,0.025134149584290635,-0.8850769873237975,1.7278013939833352,-0.5740966326152245,1.3037698378733167,-0.4754106336823743,-0.03119432275381324,-0.9049177491612327,-2.1874102834581612,0.12508102903869606,-0.8533787857835207,-0.9949771763456967,0.5635402229553725,Yes
-0.4739632921955693,0.12605803993933223,-0.9259292739615536,1.9096167970059046,-0.6526174726972253,1.6277145437465812,-0.32793845765146196,-1.0519070346813,-0.7173513868766304,-0.1480033703501975,-0.20741848990418799,-0.007171563613274627,-0.5425267586737494,1.5568727841906673,No
-0.4551062337762413,0.7862836431638623,-1.2496707212627498,-0.06692388434627236,0.5595544257223027,0.43309800872604376,1.2361310679981177,-0.34660664795483853,1.0430031994839788,0.24376835919746817,-0.8999352437431336,-1.7071130878711231,1.5641108424428876,0.4143767793947313,No
0.949256410658744,1.3128100001090968,-1.865466113639852,1.7373251463468964,0.11170260178862523,2.1459740226667723,0.7753778523156422,0.19332772096616407,1.0041692218697558,-0.0025089149553078408,0.9910277177285447,-0.6411178316317196,0.387930968534279,-0.584191543960992,No
4.140685909461157,5.020988194588614,0.6944394814362765,0.24833869228178104,0.5930435434732755,-0.012975320368257312,-1.729082498366169,-0.015353295467837322,2.3536473395483135,1.6736201312248686,0.860838491612334,-1.0130356841924701,-0.33948245223311363,1.0053210891254665,No
-2.5220477499606426,0.7676046263336721,-0.690425414792339,-0.1626447407092661,-1.1350907228819147,-0.42414725251188073,-1.1440976076746672,0.00918796037965896,1.1718642147098284,1.8178381987550465,0.23885122168075926,-0.04339234531482918,-1.959830044613807,0.7099305739270406,No
0.13904065120731432,-1.3204594277392494,-0.5661302412605315,-0.337252517595819,0.5680988059985245,0.49699543869702195,-0.4477365069683761,-0.23050269072551852,1.2219069231602038,0.33422890706090047,1.2893075510782568,-0.39890011169883877,-0.051417429447318454,-1.7311062310394207,No
-0.31923637348099326,-1.6091322634541652,0.8300392076717202,1.8187034183072348,1.5724018848310868,-1.5748199953171798,0.9563870731213419,1.0513270620866602,2.1565590393053338,-0.1771934947892049,0.8551546373459418,1.5443870057519054,0.05496162520684772,0.18505861931144937,No
1.4690334231255011,0.48536303781236256,0.014051103618310539,0.8904018954808688,-0.567991454154503,0.5966062067834329,0.5173188097701085,-0.6406027840081923,1.399117418242316,1.294870443220899,1.4718979430916277,1.0765170429489914,-0.5361886770411785,-0.15016272829741906,No
-2.063821061916507,2.1062991741678263,1.5550313840764565,0.530293192884272,1.1476572398275142,-1.0902790496142611,-0.3380834471568029,-0.3410617633534737,0.6815606689454087,-0.05620452188167616,-1.3716736457784489,-0.7373381802612944,-0.39277485293718417,-0.5096735780582042,No
-0.002788317673351765,0.08984744244387208,-0.9193873313016179,-1.115489107495076,-1.504761000211688,-0.17895340515658104,0.5048786283597207,1.3984034308235962,1.4234475407912828,-0.54437144384622,-0.3270507625528123,-0.6316142278394209,-1.2093214718827325,0.5898876364525044,No
1.847136403818341,2.1879768216956323,1.744626507563076,-0.06186103267878813,1.3574717329334935,-1.2520462805243975,0.8533518210732133,-0.2423559349223867,0.7295008813009539,-1.6220517863784332,-2.089149153153217,-1.2329428576881696,0.13541984598394188,-0.48360763805371865,No
1.0312675231037611,1.9483831002437757,-2.348213214626723,0.6866496722757458,0.3894957185668334,0.13557941236752732,1.3551270358873044,-1.9700648250972255,0.5655782160643047,1.3515760185458272,0.6008844211448209,0.005986973677419543,-0.4093749964831818,-0.5253272165372849,No
-0.6388143581554562,-1.5723028236249326,0.13795719363351133,0.7124375551436891,1.8375247354127966,-1.0498426120728748,0.3535133259294472,-0.6838134062002472,0.5411080655031161,0.0565809574265362,-1.9564575998542773,0.6102480867206721,0.12895653226424655,-0.24925619530683502,No
-1.5434910349896909,0.010292807187301705,-0.7482394387524295,-0.5882563680264348,0.07252396521922373,1.0638594778753412,0.28120724379403356,0.16858272765263446,-0.05487460827555274,0.9002033553020597,1.4353481637568135,0.8140567469221878,0.8436772768569384,1.3611644148244335,No
0.3619649923812795,3.50670827833779,0.7486818030542584,0.7321126986712972,-0.376783041299866,0.5762063342263606,0.7248901811273564,1.6921322851498573,1.196305987293145,-1.6458668873965396,0.27157258225814523,0.7851791898366542,0.3724218211075837,0.7921224391265442,No
0.2528592966401488,-1.9966548143487028,1.6218624450736465,0.552593323817653,1.7477708919225596,-1.4621361663709067,0.08088361752880607,-1.6450831492650373,-1.5096070078160997,2.01130011402254,1.8180624093405044,-0.660860321871126,0.06521022302859834,2.1105223734060345,No
1.7942912206117692,-0.17768916694983675,-1.208037384216278,-0.30373368382363597,0.04402563755663415,1.7834712249185096,1.4974998896074774,-0.22695789379071873,-1.6272630688188343,-0.41936621249674694,0.6690979640012684,-1.252334324152625,0.5872672203988655,-0.04837378974983347,No
-0.009359154415698356,1.3917111944117013,-1.7277994115356847,1.4165610946656948,-0.978605141734223,-0.3892507638826451,-0.35870389652775314,-0.2594109813698869,-0.38919952851453904,0.20968571875612982,0.49247413097097475,-1.4943275629410544,-0.11597890897163167,0.05082950563659473,No
2.1239033823230082,-2.26822702231682,1.9654458096118843,0.45304590081985546,-0.4238355913573024,1.9883183737459775,-0.23911498797147857,-0.1273933385748998,1.617450731741514,-2.1273860619409164,1.3558962008544482,-0.6063024814134538,-0.29084360192475855,-0.2616475309219102,No
0.20919754573188148,0.7959244428926854,-1.6387491169934072,-0.06513673217892088,-1.3538943118875302,-0.32273392193666606,1.3407156752066516,0.09492728415697653,-1.7411475295392187,1.2549656554754856,1.5555168850816736,0.5106703964822175,-0.24695390201978623,-1.4581074893641683,No
-3.1650949449563104,2.8109283744798144,2.321769995465726,0.6268542260293902,1.061241891138355,-1.6080004063937603,0.839999187843237,-1.3706186472548394,0.08350226953224457,-0.16714356780820663,-1.8819754709743954,1.148709031065435,0.06624841728568116,0.7899879207411842,Yes
-2.097146590368097,0.4305799476071195,-0.6383594006893311,2.1593917685782924,-0.24465862981715297,1.8486917865194554,3.0907607709793843,-0.8654355395800022,-0.630417588341523,0.5799731674083136,-0.2543050339731392,0.8332450775447963,0.2576142477041827,-0.9905080568884379,No
4.225853994283199,-1.6084998251835492,0.664300488752482,-0.6839220950139354,1.0658777508713009,1.0023028757602666,-0.3233425052941851,0.36533333062385975,-0.14129786329691912,-0.7654535542205427,0.6486621323265799,2.21226690580674,0.0703799125155326,-0.2462274576688629,No
-1.022966885118193,-0.5679258204772436,-0.8627051304378549,0.12245592430357675,-0.9130215202393425,-0.9519875357383397,-0.9542039497388284,0.7019123018286655,-1.523679249615525,-1.3604988597941763,0.22003853744121768,-0.38621632687341256,-0.4295219547909804,0.6328216989397212,No
0.5876791501875988,1.4095587687636995,-0.39830663483919,1.1862057760583637,0.780188429064716,-0.7035637234476129,-1.2731649568969556,0.2903201695300294,-1.125031198567359,-0.8304179939066231,-0.9276816755387032,0.19222429652254128,0.9271395780897805,1.9075671530804161,No
0.2059438767487839,-1.3864568514608657,1.0843962417098783,-1.617042443141574,0.6353212469569542,-0.428443745960173,-0.4586790855431823,-0.4605291407611631,1.3090882603672895,0.5897448634869277,-0.1890516807460686,-0.6250784524879863,0.15173026642857892,-1.14205079685416,No
3.3468206475313567,-1.5802584429692623,0.7324952896805403,-0.8498517196998194,1.3282881424242583,1.5653713967481513,0.5308041700361362,-0.3737211596182436,-0.9896662505720827,-0.7464164145527812,-1.790001343809578,0.7896457159970584,0.9343534905691139,-0.45625938576331193,No
1.540253880304241,-2.8788999343116903,1.4807658722018902,-0.815856432904195,0.5604480534376818,0.3234396938434517,1.599011221787587,-0.7468370508922315,-1.7279623393284766,0.2209254980812873,-2.275988871096499,1.443172946324764,-0.9991905828281796,0.27601100138256945,No
0.25248426873851143,0.6248665696113516,-1.759574884450703,-0.11718156132959559,-0.29291949115301746,-0.6903653150921614,-0.5735209136435866,-0.4825323630507117,1.4306748958728557,-1.1014365063086848,0.7906705759861036,-0.520845574874591,-0.7001369562100225,-0.1676002143563538,No
-1.9743760101418109,-2.0612577330186674,-0.06315575614920237,0.08111592265760012,-0.6698833014757326,-0.7173247750160874,0.2146927030687407,1.1134800136543965,-0.4850784192868663,-1.1524439125022197,2.0837811344585457,-0.30161110405104813,-0.5678189613652137,-0.41657603397115234,No
-1.9328401523775727,0.20561400960165016,-1.3909362009526494,1.8719503453423434,-0.9968609391269437,1.4184935191355628,1.5809434460369567,-0.2891918058267181,-0.1764830664214731,-0.124746976996147,-1.5782437568803862,0.7904366553156275,-0.8580936344274979,-0.7496207980897291,No
-1.4955423294609378,-0.7842982115797065,-0.7487365442407691,1.0459313226081455,-0.8769265479815378,1.7921042032503123,0.9907686888561543,0.45680878613295434,0.23887538068132977,0.09775462562765556,-1.1546791545268298,0.7802691624571023,-0.531034791264691,-0.0319893322555018,No
1.7122578193678548,-3.6990015095975393,1.6132124137069306,-1.8347933506352831,1.132942246510436,0.16889910658567245,1.5370196353701573,0.3783400032690725,0.2521326287055906,0.27196460693979396,-1.3911185507447934,0.48959212650112127,-0.6900420699283819,0.20856688431927423,No
1.482413428042247,-0.3892094821779977,-0.3708548061459234,0.36181813222639325,0.0702087886149687,1.9633728866864801,0.7640517400645591,0.010463272801440576,0.5011874978329224,-1.224396358897474,-1.4043564918875506,-0.2517577956646302,-0.5631263458507239,-1.2750784759009757,No
-2.7058989557171467,-0.17430693057491764,0.003448365553438819,0.6694049771079249,-1.1427142808569404,-0.4005415532063559,-0.5661111620646183,0.49455332463965984,-2.07314394870951,1.1125258048542646,2.3466373148240858,-0.4650205118820833,0.1065507120258868,0.6203629123640894,No
5.027227563317322,-1.5004053684786638,-0.2697409509477778,0.845263737490369,-0.29865014559362013,-0.47355895809040727,2.149203824912255,-0.0515557219391887,-1.1742122973992335,-0.23563001205883904,0.12399054962907499,-0.2650445309888796,-0.2678327823964932,0.3331038977413088,No
1.0737393495867371,-0.05241178660720115,-0.9461183257987635,1.4919855344921635,0.06413409074683182,-0.4846795369062861,-0.4448136827076639,1.3357250291162843,0.39452952180677,1.7769517177508083,1.1887519669263136,0.6030859028448772,0.23228169556666317,-1.1609220971101237,No
-2.982882408799175,-0.17867303584940136,-1.146186144428853,-0.11628966809821603,-0.005714512899759893,-0.7971976366135314,-2.230712126997662,-0.6988798182709554,-0.2092791472909863,2.4168156161450813,0.692812073566648,0.8656740531052922,-1.2546850743139553,-0.011424061361043316,No
-3.10034879474831,2.1857109987165444,1.6698173976282362,-1.2596783249353303,0.5072262554925347,-0.7329879706366395,-0.29254001279080344,1.295665349010127,0.7831004448111226,0.20932591765280617,0.16335432105129688,-0.07983351734823256,-1.1311403123594408,-1.561337045212508,No
-3.1446427567123783,0.505789916562578,-1.019788851228083,-1.364086777193411,0.7832852426014237,0.17399249608576337,-0.28214215588985603,-0.5772652842700599,-1.4183660270578275,1.0492856692505776,-1.9550108435117932,-1.9711068250898762,-0.3606825066646737,0.47966613123216983,Yes
-1.4029205016775077,2.7211697384817195,1.0866167144778072,-0.8647077896826401,-0.23815041523706404,0.6179802896840783,-0.43548563341751834,-0.5139635251465601,0.8836140359895058,-0.8985407586764478,0.6413069562507325,0.2527634065411824,-1.0480295746278299,-0.6191543543698625,No
5.082553333192637,0.08885054126623161,0.09483241115659567,0.2280922463251232,0.17383326708870595,0.6885867400040536,1.798348551057686,-1.794596985159662,-0.6633195580868769,-2.3269467053357995,-2.1519178502605003,0.7212935266509718,0.5448805161087571,1.7910278860764797,Yes
5.7486024501962545,0.3057386264326792,-0.8355585177978008,-2.252175247041147,1.999577510064014,-0.5560729770384071,-0.8593631716042227,1.150718329390752,-1.0195308461078751,-0.0038107020918540842,-0.1815026381461129,-1.2412677024034715,-0.8296799220469054,-1.3553333022439937,No
-2.5237975399013957,2.5139676467950918,1.3265891943548394,-1.3034661572118236,0.7303511767094029,0.061204581343755476,-1.9992223911889289,-2.2155197599492387,-0.7169552836339196,-0.8295869103276606,0.9401905330446223,-0.7803820662368252,-0.19455429472394076,-1.169681138241783,Yes
3.3897815391229025,-1.359617620787756,0.286429822880211,-1.8189118937960027,1.6882596085983292,0.16565865619774212,0.19195139927049615,0.285866652249592,0.4617496949752456,-0.6763243847832991,-1.0734690810098904,-0.5461475823718734,-2.336121342550725,-0.2341159707433451,No
-1.5341554000395838,-0.5934792467403587,-1.066903380026196,0.2578288163417599,0.5112275137035692,-2.545589885057831,0.6378338064314367,-0.38650180773575477,0.261132759653318,-0.540533345626989,-0.2104905180587296,-0.2957149776543861,-1.1030818204535915,-0.38839944163539913,No
6.772722063495892,2.2440798241095194,2.4182016792914935,0.4632570327867828,1.7573820563417866,0.0852604479032284,0.3647272844749605,0.27779990018286066,-0.89659285311102,-1.1271357256544452,1.7390768426579784,-0.3814239017347439,-0.27816382329123507,-0.6920800087237703,No
2.7698043301514814,-2.163120271238055,0.5048423293460534,-0.21533277810499377,-0.7518977505100937,0.6315485605012865,-0.017924940691490292,0.7955030506400121,-0.8703819966729985,1.3223830722555685,2.329340560798431,-1.9930230639202715,1.1854050077909544,0.7201048801490266,No
1.4557077140997712,0.5533920635586201,-1.36177521815053,0.7662032899302513,1.6229731937247975,-0.7827846181561791,-1.2057171011695327,1.1162518951103866,0.6765054776389668,1.5996713039150645,-0.5563055634466884,0.3306048485189249,-0.22947836901882085,-0.5002049447419201,No
-2.0787396387123387,-0.29202098303814533,-1.4173362849130633,-0.4796125837357105,-0.5807300515426875,0.15850082060992682,-0.3153658004720375,-0.066028518712176,2.0825255404371195,-0.7336777343118689,0.9013212752346476,-0.5770863223950514,-0.47709196855402053,0.16614763817972591,No
6.420889594234461,0.5433572744347089,-1.3406292534241,1.3035286446135366,-1.0614038797525842,-0.7033229437585954,0.6662965599865784,1.4559095231687638,-2.3232581718674536,-0.9548185590511319,1.1655893418135197,-0.4263503735756554,-0.8723187753493711,-1.1607207337009369,No
0.8644617275115184,-0.05746231919229318,-1.4777633380665465,0.09793659952695753,1.5001578712013302,-0.6926380361371975,1.0159441066303643,1.318500609383843,-0.4987014129112845,1.6758402998604611,-0.35524984273759824,-1.0638976310278614,0.9966233914582311,-0.31443035595197055,No
-1.9186771135269542,0.3228949533140566,-1.1147089393833753,-0.9002051926527163,-0.5611377259716179,-0.8108756678021889,0.5005853603929347,0.24901597466374806,-0.3621134961593888,-0.028425776261580358,-0.3758611776165819,-0.3542313050363488,-1.588717303139216,-0.27006418694161677,No
-1.0631889754725967,-2.053487665559292,1.2500920255279366,1.1252593845205288,-0.9377069747519654,-2.0750702909215692,0.10862654832493537,-0.5185409792767309,1.1374114451966455,0.29863265046326887,0.33215809933408996,0.22909731145971643,-0.9509929675396267,0.014072017697688528,No
5.0582219837307285,1.1651448525440178,-1.798295670039333,-1.3264371172049525,1.0028641114714631,-1.0414988227296555,-0.19868099187790866,0.828645669093526,1.4995101515865252,1.2099749995821558,-0.006897655190802715,-0.35863794434203927,1.6568583675977746,-0.669476841229108,No
2.9204055543584673,-0.046998142908707304,-1.5314541895466607,0.5917658195404615,-0.6543422426879199,-2.0491317526961303,0.10062685130517257,0.08363045201526763,2.8599131615744477,-0.44107326652641665,-0.15096355235320738,-0.9903282290603884,0.03815482921997413,-0.2997563842057783,No
0.9252323638827699,-0.6156720689214917,-0.8209461679367962,0.42875753087292034,-0.4622679295778399,-0.032422989824482835,-0.47258216814744175,-1.2174315509642895,-0.47393226848338127,1.6805220897301365,-0.610831813955088,0.5286819284990716,-0.6175214409677809,-0.6166937684268995,Yes
-2.07838071777011,0.04981775045476791,-1.3157446035401825,-0.9788442865773954,1.504294007883387,0.873145924693861,-0.1874635694039696,0.031615814661600565,1.581337316680579,-0.028660700876707915,-0.5649510313263372,0.17014637881614708,0.00614423833202763,-1.0554288590256944,No
-0.273595111665427,0.7090357351780562,-1.136323515608102,-0.8501576026996206,0.009682054987045692,0.8334270509687715,1.748485773359387,-1.4764506228795389,-0.161442313666888,-0.5019745623249882,1.1811117762878593,-2.087031295211053,-0.25329922380768133,0.8557155229903423,No
-0.2602863658878352,0.06308860778136516,0.1667868188331648,-0.17292551804277992,-0.2339564524102283,-0.5755846536685839,0.08083592260382885,0.5083883658235028,-0.03504959255839867,-0.2522638850472471,0.07118911719353542,0.03124773499049423,-0.30095571714811564,0.07413865475997534,No
0.07826347063778032,0.9796432612216138,-1.5222060383204736,0.7949460597762735,0.4896413162648349,1.3072346237780539,-0.08797035868097464,0.08531981161484126,1.1484729201053225,0.030780905532285845,0.18652319436835146,0.8666464110323763,0.19840639975341878,-0.2746359852026732,Yes
-2.1121311809926415,-0.4630399607032887,-1.2628986301246787,0.8402251232828974,-0.042068082146346004,-0.9320530353624225,-0.015056844185562914,0.11750654924308628,0.9603285496932542,-2.4974979940285564,0.20464503259816888,-0.23288847084807515,-0.5303066933134225,0.1806334634507088,No
-2.4223285865728337,0.5205553269524543,-0.5379955932253817,-1.2428449294385389,0.5909587009783761,-1.1962081564853722,-0.7811672225632498,0.3772811625562084,0.9096119630721974,-0.4837388152294413,1.627767402297153,-1.062139568627347,-0.5885019372946194,-0.8695652558852133,No
0.3458410840429945,0.7707225312897866,-1.1880424210401535,0.6072072882071592,0.020385937084459828,0.2833468154521516,1.2973921369690447,1.04682430054707,0.6103055530582997,2.240161603859917,0.4667402162872107,0.9876614522672968,-1.0973773993195501,-0.629783432966484,No
1.281746961668774,-0.6400152898321073,4.278854100167212,0.02687106506939096,1.295674528992899,-1.04527589077043,-0.05613113666293358,-1.0378287440191698,-1.8828813728180303,1.0064970345489195,0.004427850396273987,-0.042365737249592444,-1.9052876820216487,1.2064811728987221,No
4.466877747761895,-0.7960886484984766,-0.41326432264767626,1.0364486403559057,1.2837224698837895,-0.902282126176483,0.2532457293087343,0.3978893695794263,-0.7884264724592491,0.7431677514104129,-0.8841372395631828,-1.4900322190223532,1.104551678773302,-1.1703204277516794,No
-1.1790784570207173,-1.1955592433888764,-0.06685347607186755,2.0073129088006842,0.03515408859825745,-0.21749072904507943,-0.9823097533990801,-0.46919390509271497,-1.3073797151316489,2.484281740897593,0.2077056807950976,-0.03712704800975706,1.2720674805275864,-0.6666253537662188,No
-0.7361667141390139,0.5070549661070206,-0.13224652500941786,-0.008914222779391226,0.8610376422919991,1.1866183333041622,0.09750653668245403,1.4010771905952986,-0.9111091831931852,-0.689210623442987,0.5545173813622128,1.3693521523026615,0.17898127047540355,0.09906681075174056,Yes
-1.4769044499794282,-0.15013355955368038,-0.7268153261202704,1.3649084094783819,1.7654732875128045,-0.923706195551098,-1.751101996354403,-0.238199390585785,-0.8282851880929223,-0.5463138999815919,0.18103497239727945,1.23612284371177,0.0548541352004519,1.1793076118885981,Yes
0.007623368415313785,0.8182175178056309,-1.6563235192456327,-0.6653624245220747,1.201660759202304,1.82293875820333,1.7008059958323798,-1.2322141725468008,-1.0894230240283407,0.8727610345857268,1.3033043510615023,0.2402827288637214,1.4113754838377892,0.6264782893926668,No
0.7788475800610477,-0.4051082468905814,-0.8062802553587805,0.4835624706535339,0.665058967157539,0.22298787436824757,-1.185875214823752,-0.21069224186378743,2.560589946924539,-0.8697860615764206,-0.6644087047465992,1.2936135649297642,-0.810867620334266,0.6430515567689867,No
0.3285319069531466,-0.5454010755328026,-0.9612002556607216,-0.8404872517969068,0.8314553721976263,-1.659579589511013,0.2337704343622048,2.3308318730003768,0.6132811510732534,-0.6060281740201805,0.7138415831835205,0.2399648488058496,0.48695283236364256,0.4453428911034994,No
0.6061451768413958,1.0631070174715194,-2.085913413601885,-0.08864998311024874,1.2041720990972065,3.3056609038451983,2.7656923673609795,0.6800244050405356,-0.626260145403453,0.2815781466783456,-0.2820162731830953,-0.9695443096326168,2.024902713207442,-0.10235655779023728,No
1.906361899786367,-2.9478486644421484,1.044896541952333,-0.3188298390929611,0.9666811289110977,0.4064389068946756,-1.7810997394837245,1.335941971714685,-0.9741944288988376,-0.15035138387843985,0.3372233293393438,0.16142145202688257,-1.0061954757174494,2.972442134923367,No
-0.02587928629695025,-1.3385649496509953,-0.1302329373753661,-0.33033648973969737,1.8369389716663478,-0.5277440038522513,-1.9124604346609988,-0.005310568283219283,0.3863509577401569,0.6866633377891415,-0.6012439385168279,-0.7617257112293956,-0.17719152083216347,1.273602505879011,Yes
1.9980043162647603,-0.8272821579765562,1.2211328950437164,0.2147257660487839,-0.4604104246760048,-0.7204695038316963,-0.8743584927889998,-0.11049237648395667,0.14116160779642747,-1.1891801886907785,1.1236136083043402,-0.2547622503435303,0.7222174909070722,-0.3501731706173879,Yes
0.48770335160805806,1.6342198438930915,2.5777516710987625,1.7381818820200297,0.8228682816627698,-1.4971993685954625,-0.9397021670392359,0.42220920853713123,-1.4569303031520622,0.7869592551173542,-0.1878953186859225,0.4383491584391667,0.2041461600550896,-0.6391634022031054,No
0.08842580948594812,0.7846717604686303,-1.8240010339108943,-0.4645948922725729,1.1508156789387285,0.6572558315897762,1.0026466407073795,-1.7257395888350688,-0.7692763885147703,1.1053719017919386,1.535067296790779,0.04333559084908874,-1.1364562039337058,1.7041937279549582,No
1.6626239314018256,1.4209128815406724,-0.710940617749653,0.3121455466554734,0.7346723259901988,1.0837265078403167,1.2109389702056623,-0.026131213607114425,1.0371912538534265,-0.6640747349880185,1.7938693716653737,-0.6156946866593542,-0.07304778019201151,-0.01694225862446799,No
2.19063601641321,1.1611461397235354,-1.746134198177842,-1.6010834006165786,2.970787123163749,0.18860629662555312,-0.23745316753976528,-0.7242176001178071,-0.1936717627947715,-0.9050336497470719,0.01952248779948039,-0.8572761885075856,0.7380574332870655,0.5646368037461692,No
-2.007969455746894,-0.1571765437992854,-1.4090012571763364,-0.19372787355989185,0.6486657191524775,-0.13758354598013814,0.8638589136659484,1.1727750807300814,1.6845390577006896,-0.9645706942525053,-0.2080169571687407,1.4074142224448545,-0.26824085767382166,1.5318706458833848,Yes
-1.2828300030741253,-1.2734593763733641,-0.2510109094403343,0.8643989611104539,0.37028504716086524,-2.2691320472424112,1.6576267234276862,-0.3852478596548458,-0.6158736752210238,0.02903292081853498,0.1075674359398239,0.7618228041950412,0.6474791616558768,0.7027347649869664,Yes
3.7575425439212116,0.0464059149307959,-1.1724047914568612,-2.5078453489698735,0.48531621912502193,-0.041966467525050524,-0.7884744047286093,0.0399329954752857,-1.3856147025492047,-0.4500230960894251,1.476961230892322,-0.023321607175884034,-1.6797371183147012,-1.1132433026936976,No
5.624654090334046,-0.35259906382567474,-0.5260617458058757,-1.7472369240560377,1.5422735009571287,-0.08732521909264651,1.7070510293746173,0.20245310864522081,-0.21242448528668742,-0.061084315632474795,-1.1156245709806998,-2.448822237886096,-0.45647759118021664,-1.032679936787273,No
4.616379322019743,-2.5966434339112876,1.3262096896346927,0.816362478656748,1.523233399245079,-0.6134804042439522,1.1473451415808837,-0.45823175233706676,0.41905097719084333,-1.020801627715812,0.16382748325089383,0.24009989061624343,-0.8761922445478717,0.6359503528756686,No
-1.7024796602505452,-1.2781940496638786,0.9675803679632181,1.0053394307719323,0.1572438715264059,0.10905034644759944,-1.3623387982451687,0.27278188790090907,1.0876148462819175,-0.48177231877484916,-1.5872632665164095,0.5638509734688744,-1.0144852892563003,-0.49582886930845715,No
0.7521172636371052,-0.25975267016238457,-1.2805574016854704,0.553369798159267,-1.50577530179996,0.6761272128268154,-1.2626913149382426,0.4566476570129303,0.6566283878666734,-0.44688122460596513,-1.0776119421516204,-0.008482995906137856,-0.9386411988941243,-0.9778435793975189,No
1.1201650109467518,0.7330145813024598,-1.6817420219616268,-0.06766180275841097,0.47183723765407143,-0.7394681549741505,0.22580199399312825,-0.015343390116285062,-0.42621329623219256,0.42756981934177074,1.1370714564731579,0.7441884352393193,1.2449259895564098,-1.333794033731577,No
-0.00962508251891821,0.35513812158718117,-0.4312400890538854,0.722465289792622,-0.7379323780751567,-1.3043728641261874,0.819309648196719,0.7397391301540313,0.7177083581432284,-0.7520910590018404,-0.43938832722553606,-0.49746846042648063,-0.8395180662871574,0.08155693889960075,No
-0.465561293468591,-0.3900120429975918,-1.211679904667855,0.7748432233563118,0.2226770655964323,-0.4913983109994637,0.9083834631709691,-0.8249140617128243,1.2405588886589949,-0.28356602344707865,-0.024922102312617288,0.520684519560989,-0.2324350635973763,0.2885848168415902,No
5.258998303418743,-0.49822914532450446,-1.0074495085525201,0.7000221436198614,0.5935362428925217,0.0021489469838989333,0.07771259237696758,0.2533263879322327,-0.47219398388956,-0.8847657754126621,-0.02629029892888662,1.242511011227814,-0.2884275118276969,-0.1370717418750921,No
0.42605084951850775,0.01575621163119692,-0.5863539558837959,-0.5688629420275183,0.012672386896961403,-0.9774024699112408,0.4472340709284401,0.7892031966348945,-0.2441632722953158,-0.208522219666979,0.6601550511375343,-0.4111717802722183,-0.7077919035128629,0.002252406577294617,No
1.0685391369202402,0.8618133271073525,-2.1352739503750646,-0.44472455872782996,1.5651965898523985,-2.4810545140188633,0.5714073039680655,1.1267087726400244,-1.6842241178408852,1.2718853017701728,1.0374678564714015,-0.5978033003968646,0.0746857490221892,0.6613552337895245,No
-2.077765918457863,-0.06795440026310326,-1.3818165504361464,0.8250867247653567,-0.21231163629676306,2.2030542019052715,0.9718289665217438,1.296243214440754,-1.6810572732986795,1.0991167733279772,0.24724571615215632,-2.076626273769352,-1.2975411941850985,-1.0278669217361767,No
3.8140915984460895,-1.6828792219593984,0.6984169740089923,0.15150022231422913,0.0017728718586585395,-1.366350234840612,-1.7518135115681943,-0.332068844759945,1.7365644750937337,-1.633595850669911,-0.5475119198038929,-1.4780710257847245,0.278176297262122,-0.1306672822072283,Yes
-1.4770974851482028,1.4419811281373773,2.466899376338149,1.4227467855839377,0.31153010753260224,-1.6126703904069846,1.1619490702679158,-0.6717809890641532,1.0654454705463996,-0.08008549705498731,0.08098089397920054,-0.028000877068679795,-0.006625415159060725,-0.9794199702267775,No
2.0321767501208736,1.2504180179201339,-1.2513450927525736,2.393507082392329,-1.6896443222152961,-1.9764965360447222,0.006946183569878544,-1.0366800435502606,0.29047857295926216,-0.7924718677002108,0.3160912771249123,-0.4466374727503466,-1.2855850007794363,-0.7422885924690089,No
1.5340407658104511,-0.4702489799078522,-1.1417912022386156,-1.0530875890291016,0.07076087684900431,0.41930059087780636,-0.5339245089560646,0.7823620124391675,0.8337129340240491,0.24171562195340146,0.6923259240008546,0.7596601890235768,-0.11629326737888378,-0.19088345259249057,No
-2.611935488883562,-1.3430261928054839,0.33462656133865903,1.7578448435749041,-1.1663238207826032,0.6142908661047475,1.1931805531498687,0.7330225343074004,0.0008524773254992362,0.4529503405485596,0.4566089021977273,0.6199587002518997,-0.1019718164773662,0.20111322954935706,No
1.8136678492987541,-2.1267477165715234,1.615796670711396,-0.7339057531748117,0.5684989677106829,1.02267358578942,-1.4632175535371585,0.82499161984773,-1.6395079897341582,-2.226761665028237,-0.2425556734680138,0.33710448177441804,0.11205517339413555,0.7855586350542857,No
-3.4060190378553217,0.06544134157136097,-0.8626054348644036,-0.5661668464250783,0.4790163642559614,-0.4488711676388821,1.6417201011289813,1.3951811940568293,-0.6403100677184511,0.9318241387899973,0.7144222662777111,1.0764825561927254,1.0782999971853853,0.06193980118274383,No
-0.4609875665703223,-0.1915788826172643,-0.9873854523936708,-0.6306566554740388,0.4513402402042558,1.477249549051493,-0.4598891848450141,0.4738812195491776,1.622138246624186,-0.7592624840359042,-1.4506907565024694,0.8759838973986088,-0.05486675276631271,-0.506371725961519,No
-1.6419162459102359,1.7343232222550804,1.8582479731559087,-3.001308538064101,1.8615438693795776,1.2290897995816938,0.24992489764840467,0.6275276877515208,-0.2139605713129567,-0.8926724026210594,-0.6045044523867313,-0.33965788596006047,0.11635319248895899,-0.20546258054748817,No
4.011075784352709,-1.1531764505317967,1.0354082450235171,1.479784744736325,-0.706361108149848,-1.0055454392427368,-0.7818946904633027,-2.1352736737960996,0.3792804680211132,0.16427771514700515,0.9228068207824967,0.4907501328921097,-1.1366396228702762,-0.5266458024833314,Yes
6.478362060870969,0.04131026269319457,-0.8295436783145178,1.4100919541208017,0.1231369033067789,1.0424781678522317,-2.177907206598306,1.7439592406553066,0.28593730812616514,-0.9703041333108064,-0.6579247935289815,0.8918282461537413,0.3911521730886581,1.3642507560962063,No
-2.030648909353646,2.2781018910822644,1.8395045804959012,1.7069107364971876,0.21872896222871138,1.0821048453261315,-0.4715804425125181,0.037154504699693745,-2.4267212027737037,1.0371366462766072,-2.357856831366754,-0.20193248071827632,-0.2976706065182753,-0.7781906313342934,No
2.281809864413374,2.7195538159290544,1.2923880726940016,2.1531325213088985,-1.3236628859184363,0.6948802207757511,0.014453390261965151,1.6838860863958343,-0.15019236635905553,-0.997423306066174,-0.9752914904225225,1.8695950573486289,-0.6665823529732232,-2.2794718536626206,No
0.8264152436460104,0.5048365406437001,-0.9679350558483865,2.4699629505916674,1.1093760804910555,0.7631262524004385,-2.014028063098206,-0.4733856947183735,-0.13758801591735753,0.7574293089686027,-1.1453142529007112,1.048220096574246,-0.07862735353287446,-0.21816368790424961,No
-2.5583314769396845,-1.2907297978073293,0.20284272795710956,-0.4858576061627447,0.7602864333188747,-0.6504314109916985,1.0765924095040023,0.1246966052621523,0.6995420944225405,0.4155919587568715,-1.1638222718093607,0.41767518083117483,1.0378657233638409,-0.4026651972562971,Yes
-1.0316800013630643,0.09167027105533143,0.18037269107679416,0.6114132408898264,0.29033288610124613,0.5082759419408668,-2.94814791600156,0.557617692283521,0.5897660145425212,0.10387954200608171,0.2858283692767653,0.22777488432595852,0.10600141254805409,-0.4757055344328219,Yes
-1.6651783605932822,-0.6909968475737859,-1.107573031158797,1.2224924674368562,-0.4186087047607499,0.3769094803396201,-0.22836980754221337,2.0204847040090876,0.7472060963420146,1.2935478499635196,0.2495649203299825,0.07093085002529051,-1.038596096449921,-1.808094210668207,No
1.9883558464328883,0.7667303958168042,-2.219992047658017,0.5513123730658805,-0.2623957715443463,-1.6552057146366488,0.5381995762259919,-0.0983117293696931,1.534600030777661,0.9614875080910106,-0.8619151281940446,1.0120474428936233,0.4055127553698835,-0.8607332506409932,No
-1.1498639844573963,-0.30646202410288287,-1.0694938956873614,0.2966623549322325,1.3911255553267028,-0.2333182453189404,-2.8408078584382506,0.5651539077197568,-0.2238307780252007,0.0657413268989179,-1.299380010018188,-0.09430274883486295,-0.07768572525392348,1.1468573047059558,No
0.38117782565263064,0.3695181153671713,-0.888359824211637,1.7964642918845901,0.47753683650873374,-0.16151915951931603,-1.7599719367998388,0.5728186168234104,-0.7085431067622019,1.1577370444336057,0.3853599400030463,-1.1187745681590728,0.48058841323312534,-1.510986875438911,Yes
-0.2747523006644009,-0.7071630998618975,-0.31265879276176173,0.8543709251526264,-0.8767462737922229,1.1223913608950762,0.6213498390588054,-0.31933182306641017,0.8230390905273653,2.612301526404851,-2.2513878632209683,-0.6693136672436785,0.13670344053021907,1.2598773544783954,No
0.6737190692967284,-1.7207760079515708,-0.1550187059364919,-0.6585254696335878,1.268335120376392,-0.48139912100182347,1.4976712364153173,-0.9182178232340193,-0.29000655843909806,-0.054964702355763055,1.468226118738325,0.1483425369176927,-0.6916894378162789,0.5849137161785934,No
-0.2681522473857717,-0.5302437587939272,-0.05684653441400629,1.4690291301142118,0.06005902654458592,2.7353317545889433,-0.27143353626701333,0.7600251067716447,-0.6280233652574844,0.3585218069814481,0.6774577201168555,-0.5558868677408045,0.05613694912253721,0.3950843073326894,No
-1.1774481956484568,-0.5491897281049163,-0.07492557732201716,-0.6946616508528441,-1.6007283202825542,-0.3531633644745444,0.4560458171469774,1.162539953659238,0.41693717473581055,-0.6995051806621717,-0.5945306403955329,-0.5432025657994687,-0.9921521422871422,0.20824619941005834,No
-0.5874574756659359,-0.8735906538327871,-0.10471938147007089,-1.0980248206616303,0.6073711754611923,0.8889512728650373,0.5025191778749244,0.30859249499146635,-0.4453472458955994,-0.2324906391356561,-0.48419513774183853,2.4916042294168728,-0.5836786296304309,0.5475862832255985,No
-1.6781902068064993,0.18451306493060704,-1.0737362846537346,0.07975846781225937,1.35172096176851,2.0175459557279427,0.29928009406865214,0.6497945047550328,-0.6478074409543169,-1.0854789215649827,0.6539832161676322,0.1581385058477163,-1.640144608294988,-1.4223604585004803,No
0.5202077288605276,1.3749382257715503,2.6861301095827326,0.94073889127805,-0.7232700795248318,1.187397586751511,-0.126394644279753,0.8057449250962653,-0.6421980618152745,0.08729892090430785,-1.1224049632347806,0.11107294290735077,-1.584425257203346,1.7508472853715369,No
-1.6599778982339994,-0.37834474858131356,-0.9727067493045212,1.0065200223047528,-1.4197358881399709,0.5307689638292772,-0.2843471195190271,-0.9091213519346969,-2.45909483123838,-0.6268001112110678,0.6257436898641283,1.1309250604387202,-1.474449240322568,0.9222138659632453,No
1.604668846667625,-2.119124097108813,0.356681072055061,0.5641788539838387,0.46695311222678304,1.1677500388744164,-1.359996055119177,0.10860110121667257,-0.8274879700300699,0.5437428207044822,0.6956926533517122,-0.2609960924923051,-3.1709301038566533,0.5359305583634564,No
1.6518848916469422,0.6556758219734093,-0.9110162656872661,0.3335798748863108,0.1816970818060616,1.3230807774230469,-0.531420265246952,-2.459174919005449,-0.7575683528719023,-1.841853584133233,1.3087054849540378,-0.12810182311647,1.1255040215285366,0.017846708137213046,No
-0.798878525282195,-0.07460146555327023,-1.59109466832473,-0.36559563270607637,0.6834837497362635,-0.8169976898338063,-0.10583345025050835,-0.306528044455986,0.24592213324699191,0.49505900525858254,-1.150996421866241,-0.7777248458511457,-0.023659944227457663,-0.8690048571838431,No
-0.5016771543226403,0.6450306559773336,-1.7034642378024787,-0.4363682858597139,1.1777455200724858,-1.309536747945847,-2.428437028327806,0.5030217360967535,1.0738022376694403,1.357864273348351,0.9354588242038394,-0.2809706842334488,0.42083424552911936,-0.4486822268529172,Yes
-2.1197908435260002,0.4799622859416458,-1.5422144679023588,-1.9529080598499107,-0.38725999100624625,0.06364693350524078,0.6512902250858688,-1.535466647648875,0.32178355646769324,0.19696203342124158,-1.3557310356710688,-0.365307818831251,-1.6266913947739172,-0.3388814412944052,No
3.462476932956642,-0.15546023989370608,-0.6850414386444613,-0.4620858873712444,0.6991800907466259,0.027378785116650758,1.1664985199515843,0.8256208137573606,-0.8881922757862503,0.28974071090660636,1.315235325475399,-0.6869136086522974,-1.139745831389479,1.6032079435137605,No
-0.3170179437542328,-2.08540227165738,0.6458378075582287,0.8683846361846836,0.24924168966496082,-1.1850248894661737,-1.8320612184109142,-0.7599075289156485,1.4633160229936475,-1.6521874050088272,1.7562541934145508,-1.6720620616973698,0.21726892304371898,-0.6459796010680141,No
-1.6991630920242102,-0.2001845500330299,0.6039585389266149,1.014550293564498,0.19102537968563682,0.43338794134804354,1.7661244488854595,-0.8500337195131742,-1.7996669365008866,0.21728679607879528,1.589982239997752,0.8099728001743588,1.3408784420125723,1.4705664342121447,No
-0.37518661374694756,-1.1340419014217498,-0.5590529649555853,-1.099712661157033,1.1205490225829744,0.07966824396668877,-1.5452308146041427,-0.37419905643694557,-0.4828045004163165,1.0257441476271516,-0.10226522482496792,0.6996545579313892,-1.4500469307271446,-0.2739491325053529,No
-2.0778590003164354,-0.666397928729916,-0.7838752065537451,1.1055930211575884,-1.1205121758854788,1.0314888107089522,0.7119769185317572,-1.6997211513593196,0.5690063697264446,-0.7759813314042217,-0.22319196980370687,0.5580808555437546,-0.26496449262587624,-0.7668482029699986,No
-0.8000729041192582,0.40454223073051426,-1.8283752034705203,1.170699715201352,-0.07751749453779833,-2.5989376062387812,-1.022252070386756,0.9088352726274221,-0.7394695973950373,-0.3718748758407887,0.9966275183392059,1.249933009436341,0.06903268881692347,-0.43299266732757086,No
0.9679519272080979,0.8652187688403312,-1.4280953092939748,0.4093092780521957,1.5351156022888495,0.041709583159088764,-0.5809419892233968,-1.7924505228506151,0.05456473219827577,-1.37734300826548,0.08973544497323832,-0.6319567296486157,-0.780897183409307,1.61278418160067,No
-0.014075910627367573,0.9284586505062485,3.020653119132255,1.3408473915935204,0.8774873420754434,-0.07877606938093819,-1.1324423210180066,-0.5074794822949286,-2.5403350112347174,-0.9788523165213187,-0.7871379006891497,0.781371048249804,0.8647010597211493,2.3265848051935127,Yes
0.8662639154608851,1.0327891177694513,-1.8806331813151071,-0.49580581840298754,1.2796751516866969,0.6641172640371072,-1.7424024798535118,-0.1696107522998193,-0.9341311752651275,-0.5371572681192164,-0.3838453056793654,2.2880656705794364,-0.8232826859666275,-0.5071201173598364,Yes
5.251964109241422,-0.5576358800836513,0.8236145294235808,-1.031479959940024,-1.093148900239296,0.2109311567969555,0.323622202391476,0.4117918055774102,1.055157950845761,-0.5212718580163561,0.808820387924127,-1.45340413560306,-0.788070427713881,-0.7161953216982792,No
4.232966782988139,-0.45752930865785263,3.7040011545929588,-0.20636473373371259,0.9657803174921793,-0.6278175301034044,0.7065914589544425,1.8184544387783423,-1.039673956228887,-1.011852704028452,0.755640108949563,0.43454627481001806,-0.47991620556621506,-0.07216217596100294,No
2.6637976021504866,-2.585682640998492,1.0064483536035314,0.7827812491729068,-0.6438256460652817,0.2147089216176267,2.3615203678438554,0.6189677582271118,-0.383709208966103,2.2642810104846904,0.3403480386771722,1.2779278985010283,-0.6837019535977377,-0.7116122123873088,No
-0.2085781601441947,-1.2426249277571155,0.657389515546883,0.7152400526159358,-0.3495682822487479,-1.5968251469188555,0.5816340234515245,-0.6795987322561893,-1.082877213336633,0.09263092382493443,0.5519492475991955,0.7781869404529144,1.0530264886474365,0.08998447434201794,No
-2.8099132811922813,-0.4841693039637936,-0.7765621389325809,-1.0959927996388266,1.714936684086874,0.3560911286386741,0.5924974483236847,-1.5145672747752112,1.0392154577600812,-0.2888734728185574,-0.3529472164951882,-0.3492264116210364,1.454014510054975,0.5147683913998159,Yes
-1.210239958900919,-1.450100941811635,0.31071493456790794,1.7837545910498738,0.8343362452307271,-0.1532937401378055,0.616534197817231,1.5261853890710488,0.8413398919854164,-0.6579767038040384,0.014226366093750624,-0.30696206729871484,0.24500604079383065,0.14991674358505364,No
0.3834197634905407,-2.232486559931713,0.17726966325108504,0.8007503836286783,1.314767677432239,-2.0287133506343236,1.13556542228666,-1.856946977124987,0.23488572090594753,1.056482400462419,-0.681466255733716,1.3333233432268112,-0.5668911308239796,0.6920009194739967,No
-1.15008256584857,-1.0471995694858147,-0.12212228816536264,1.789767790308539,0.9274041906376719,-1.140561436320083,-0.0873677019294267,1.61082665844709,0.7143211253937605,-0.72988405689883,0.029046277535125342,0.1430229916613326,0.960868345100909,-1.3771073662945252,No
-2.835910520191155,-0.40047010516619136,-0.9271647796211412,-1.2527783283964844,2.2380761618744494,-1.3334457174653176,0.05840830547743563,-1.2655093900402814,0.33635322901701414,1.13868902815921,-0.1790866737852992,0.39399756329168883,0.037137661202875545,0.5023751965200384,Yes
-2.149250488565842,0.6435550026167345,-1.1872147333587235,0.7449459504315661,-0.022526341125952733,-1.1038492563103164,1.2327267545870997,0.5511468489337267,-1.5230281993673762,-0.9238054499433173,-1.0182595617962782,1.1901236507232673,-0.8544730128056978,1.8711579442311443,No
0.2829186103580221,0.4865977260171163,-0.5396568807380354,-1.1445161617853727,0.9762000067359419,0.2438102587804781,-1.1259669260300271,-2.5542820423049037,1.0510421284766496,0.4029254540217466,0.9320099254074213,-0.11025396692044069,0.49689666373160446,-0.9590909003084923,No
-0.8929871863329452,-1.1978753102152717,0.14142848742167868,2.45483736689743,1.8348673967486908,0.41686246034192326,-0.3048343273518035,-0.633725448905297,-0.31454095725185993,-1.1770561758352502,-0.5277358406104347,-0.7679770421037563,0.5816667312888689,-0.09012240656987033,No
-0.23337927365501338,-1.5801871708285413,0.18322311959821436,0.8359894437460925,-0.6731711779527595,0.2150137499340891,0.10606388947773411,-1.7012682972393802,0.8861453631283087,-0.20411885670469412,0.14334873446306703,-0.07609215673330377,-0.09389646968223939,-1.9016934260912226,No
-1.916598940673471,-0.05287920330256665,-0.9943573384116497,0.19704600734835215,1.795436450014493,-0.752589154497928,-0.1739329581540725,-1.611227269294625,-0.361998129307632,-1.545488291849651,-0.8429381364935665,0.7536726049755758,-0.2559572653138781,0.7754806076217765,Yes
-1.232177432290618,0.2291457103498456,-0.8272427824396144,0.6430895248609921,-0.9867398397393795,1.3697793140498598,-1.3501116206599408,0.1766053103961726,-1.1973773264624175,-2.175120265585868,2.528071848718604,1.437972749779331,0.08315225261128675,-0.15755720886066635,No
-1.5128796186503342,1.0462373577160453,2.862502587652711,1.0300206224366901,-0.45237307857232434,-2.1106005916343893,1.9689398553385125,0.5575135407571866,-0.9210615260644087,0.008134415993033732,-0.6749474926659327,0.39660980080187597,-0.13186662239233096,-0.16263353480533704,No
5.140227789396229,0.3425165234036521,0.3837612425805778,1.0446018188200166,1.6113522088618937,-0.13934740967906434,0.5302115060819308,-0.36521040096186524,-0.09799801238899981,1.0222819670784684,-0.20990909245733178,2.4921489833198356,0.7544158435113671,-1.3979975054413059,No
-1.5193959402914352,0.1970559187100434,-1.4584224235456709,-0.6363383924152932,-0.34944779744492865,1.5431965283145572,0.7791754031364234,2.3340750371479575,-0.6007590041390105,-0.14682022554165358,-0.0962746927244925,-0.057638922028456094,-1.1349610258995257,-0.15855161789271613,No
-0.621380506804868,-1.5419780005829617,-0.16848719992814704,0.91942408540544,0.4460387688521296,0.44635627036542597,-0.7825891937155164,0.18972506520721674,0.308284562456576,0.39248600687044993,1.2523810592044895,0.08076014072548708,1.3576037203168565,-1.339802742182525,No
-1.4803041859557844,-0.12591306915518824,0.144772056979765,1.0889928610236714,0.9365926413566604,0.4246342204597047,0.33902824452312985,-0.17237792793645595,1.393142035639613,-2.4581714869232423,-0.7253744036502336,-0.6172880482546124,0.04365484658362053,-0.6377436398566311,No
-1.4717034461376892,-0.8516620100261858,-0.5011608190805219,2.1873531350660653,-1.0843827140862912,0.44391223812195113,1.5852179986042967,-1.254209631184087,0.6337793201885805,-0.40385146678017514,2.486997668822254,0.4177532640191891,0.6241631526648945,1.2210758807642592,No
0.3957845146381583,-0.6545824609916778,-0.9498824638145039,1.346489867886819,0.9233053487589323,-0.23234192519617386,-0.17078647869189717,1.1525360765533874,0.4978409959313076,1.401800516708407,-0.4169552916678667,1.2265939296074992,0.9962983027389613,-0.8986530882638736,No
2.1414456718190396,2.007890200136648,-1.1501217646649922,-0.5321520230342096,1.0424251574155343,1.231507873460136,1.577411131857721,-1.6739970732629954,0.14880211616144784,0.8531124353445635,0.8248377675158941,0.285998153065754,-1.6237932806246673,0.09776512348138863,No
2.131554780772547,-1.3927715384147301,-0.019199220644186245,0.0851489009965773,1.2910551151530256,0.8518583689069362,-0.06702146310767351,-1.184818473725521,0.9518371716734695,0.8875144016110983,-0.8486364915911426,2.3763805358940355,-0.7773706166764524,-0.0815057642664997,Yes
-1.931953591479891,1.330996657328236,2.9692547161368923,-0.47170114250232187,1.8803503429683701,-1.5744696634847546,0.7541069290585434,-0.8421417182245063,0.4965224191752778,-0.5350910351684044,-0.5607227008694401,0.9795287582965139,0.12859906390272371,0.7745319474714829,Yes
1.2098223793965712,-0.1304088659593092,-1.405671674485767,2.1263755096634083,-0.8091218551355186,-0.30209082135183396,0.7490686344579272,0.3258487168677968,1.055514407865276,-1.3280821982011868,0.9864687656548674,2.1397059465703476,0.6830826330660217,1.4044964384138445,Yes
1.883170533765555,-0.29374446938333226,0.8651933396165088,1.075017341284365,1.6573677703958438,0.107332323369172,-0.5841655844046907,-0.39753496455403087,-1.7126955822805685,-0.8785075929226099,-1.7701259451979539,-0.18582432525325884,1.1794939426146476,1.232952311663674,No
-1.8949241308193652,-1.1551510378622047,0.8930604077551292,0.5948057795776467,-0.8027846232989233,-1.5591454804631895,-0.4751012182732161,2.5392416800583284,-1.0799840447845521,-0.45522543774339397,1.214548062704222,0.42516477372737693,0.4798988379980501,-0.21532922194561674,No
-1.6963462174608046,-1.1073692906693395,-0.10271141209143304,0.8599281908915803,-0.4726805049144245,0.523340891446432,-1.0810873859254515,-1.1884438208962311,-0.2385519851495535,-0.9364726293935971,0.9877218350798936,-0.13083011005416648,0.6402197817897544,-2.5495381017690497,Yes
-0.06769369011341007,-1.111010306966035,1.3410414263852453,0.6766480771714588,-0.25519628063937544,1.063757832151752,0.3869839060569257,0.9322168460475904,-1.2077332496464408,3.3973606344666822,-0.6688688482118293,-0.438282300351086,-0.569226335674023,1.1807931001232317,No
-0.2504997372061642,-1.9242356788538777,0.19579888764136763,2.479666362412573,1.0973814566934625,0.9201334637662223,0.654984844179328,1.6135965863018302,-1.2896295695530715,-0.8754732562153549,0.09692183209286527,0.9048843192936753,0.9856468610872128,-0.43597694078335003,No
-1.9125286606106977,-0.07616504924735239,-0.3409695085238686,0.5175545271011645,-1.4758850835039765,-0.7191732726532428,-0.5803919724586835,-1.2190588461503082,1.7999695756093848,0.45371485865537714,-0.8770283763435278,0.2854725660029126,-0.5887775991930224,0.7381285746628029,Yes
2.1185966777360803,-0.17384153528048898,-1.4433487278557446,-1.4683057395243793,2.488461118989928,-0.19504107537521684,0.3200696958084866,1.0226735498259287,-1.6529550254584657,-0.0872507841880512,0.3792201756418254,-0.9071296254903832,-0.617643547093208,-0.7814271733418364,No
-0.8283395866632728,0.2579416626697872,-0.3322598320789044,-0.22053908134649056,0.852474824883556,-1.8446175481318279,0.15277124773226128,1.4270302292429433,-1.1853426545567969,-0.3392692874283831,1.1648616013137938,-0.1074872009106021,0.24866865643977118,0.20885417183398733,No
-1.3040128558213848,-0.6943459489608016,-0.2877146759319702,-0.018126402068802266,0.004476192744071588,-0.8360012125474575,1.5784875774755573,-0.07845819714167526,-0.3560358710699318,0.2520291071733655,-0.03856328124988574,-1.4424899413927372,0.8351317190203125,0.0634211819046048,No
4.597765537333444,-1.6663939048018352,0.010672624832407562,-0.6231048072040413,0.6051286903319117,-0.11143918173084255,-1.018644565009571,0.5030117668337581,0.9121138046332761,-1.3764792030851913,2.180119954512929,0.5233886409127303,-1.5495779343913358,-0.27766056902654646,No
0.08621322867011434,-1.7395326576504975,0.939767649962154,1.6526662712038718,-0.9390219135353345,1.0054794647091276,-0.961786398273481,-0.9795211494901697,-0.4027648331122237,-1.0845805354272997,0.1258750127426386,1.655408027692344,1.1078772354286934,-0.3068185442170679,No
-1.629863682184861,-0.5609618709281333,-0.38042157582386144,0.311894780177884,0.17238563878020624,-0.4044956573599045,1.4528990471185648,0.7750605900881082,0.9193740026446128,0.6740273746093519,-0.4463723364835714,0.4904441917921457,-0.2734110512829456,-0.06091831650483922,No
-1.2495318820097217,-0.5290009647614552,-0.5294777495666662,0.059835812870373296,-0.2878535943382373,0.43088309748307674,-1.536521539014069,1.1404651297153574,-0.4915043324005893,-0.21648217685414942,1.564601371255781,-1.04630832731529,0.1927114828555572,1.577317300415881,No
-1.2582941700113381,0.02121437478528052,-0.7893292167654131,0.9354157478687878,1.8776230189374965,0.4373817046310296,-0.20119049591326155,1.1317026395664598,0.657249628362552,-0.8652696981632855,0.13540102120817188,0.7127259480632064,-0.8318233851511712,-0.008158975024680513,No
1.5877232188318766,1.17352663572841,-0.7454604489426898,-0.22369944164208955,0.41520790249731515,-1.2889273283473581,-0.10146497555299544,1.3632996283544943,0.09964952718416495,-1.7481099182859703,-1.1423236987200622,-1.326038774913115,1.9191346823863655,0.5227815472747857,No
-1.5926806647886695,-0.9907044855084383,0.38706148764186893,1.6132072787198182,-1.3754547158514754,1.2080334859704072,-0.15615817908505716,1.6332560337499429,-0.8799450769126538,-1.095821506537932,-1.4200675028730534,-1.0988537334389172,-1.1961768918241018,-0.5894684806722381,No
0.8541469890751968,1.1102901300063612,-1.6883741914926016,0.07960078730357786,-0.2945830996934882,-0.29315121580959697,-0.034229484482670165,-1.115326603903191,-0.5133705881607196,0.6679489512692635,0.38997051408499855,0.7123828844229357,0.11876962503157129,-0.4997160342201354,No
-1.1039481899463526,-2.622559204901128,0.8282485579155208,1.439130022532574,0.02834053137000269,-0.4185516462863415,1.1298561964994795,-2.1465755639469184,0.9700801041292837,0.2908547357486194,1.0480539978839825,-0.7345115386443558,0.4164794978473507,-1.101148046541938,No
-2.9148830098308025,-0.32666772372053227,-0.6543042885141569,1.2590185144126347,-0.4305861635425865,1.5391767232878055,0.1206324655131278,0.09084765530185296,0.661797256554425,-0.5973090004090946,-0.09188266603327966,-0.2605968247525388,-0.7133351958286761,-0.4446550465963927,No
1.4295316356240446,2.9171727249591757,2.0662336063830535,1.8283087930487172,-0.5899791692752157,0.17208574336221058,0.6635161725546485,-0.9567731898119225,0.501574062534923,-1.4906020100056225,0.750081374574103,1.2269694707380892,-1.704026382895688,-1.4025837938947308,No
2.4304766020192914,-1.3297705557250243,0.47201614563881417,0.6078789754373797,0.3555235592605426,1.4288009001602684,0.5544597048285277,1.302837357153077,0.3636314523049696,0.16385790260660002,1.0037851179417399,0.19831459747279992,0.25332782094151435,0.9228854475387046,No
3.3875948525452477,-0.742257553784963,-0.12507397983148602,1.6659202713066437,-0.28465477348833584,-0.5611913583583689,-0.16281717901322096,0.1285823325469136,-0.9320490171184224,-0.3086124742102337,-0.1903915777127682,-1.4793909396305525,-0.864209992793607,-0.3907908827378598,No
-2.000362840247666,-0.31357592883167457,-0.29768375914280315,0.8162887877066887,-0.8131753624377525,-0.8698782185416675,1.616818643377,0.33702381598004644,-0.7166744262620829,0.9034410153173528,-0.5314367150087705,1.0947610362934752,0.9282451269144305,-0.1892674021158104,Yes
-1.3676611095885625,-1.0670038839839593,-0.4840113881244483,0.40986594671101356,1.2072499568070971,0.34268829459724603,-0.7540138923778923,-2.72379229060978,-0.37984604708498054,-1.0787933878861926,1.998951685667425,-0.5409889626969029,-0.8652470488554764,0.21931761398759766,Yes
2.228609438061798,4.137608285569893,0.9647324259768143,0.46616281752229854,0.7108457837565815,-1.2777247307457298,-0.5531860533252555,-0.9852554777700449,1.1657531017523342,1.3702010901368562,-1.0697223198780688,-0.4630274953242483,0.1806363266949894,2.0905286949564394,Yes
-2.8426348055675605,-0.22148434356941582,-0.8034986533552774,-0.04973816666216736,1.2052713336935368,0.9812920583436822,0.25785370635614135,0.9974001448153091,-0.6502815457291178,-0.804389056339672,0.061559725634709045,0.9697201491345699,-0.9709220180407866,-0.35185982981633146,No
-2.8325956306080835,-0.9183196079798003,-0.8576551220071128,0.9363590421168018,0.5738051403220777,-1.5875217601658032,-1.032529657495899,-1.0641029934363968,-0.5719978888157328,-1.235075575848633,0.3981980563947335,0.06732483743199369,-0.35907289562028194,-0.23970227625217777,Yes
-3.0906150024262073,-0.13396467850857674,-0.9808073570561405,0.7224756101683666,0.10584442300567555,-0.2942839794211948,-0.22553389961177628,1.1796401060076314,-0.06782746219815346,-0.42457157434937326,-0.9205647960044524,-0.16799925725567633,-1.2493689556091145,0.2519647396409343,No
0.16863862516370726,-1.2768312406314253,1.3773227625997762,-0.4260890990387095,-0.2801990306441484,0.6242277794606148,-0.110880559646834,-0.2936029377602546,-1.6508353065151904,-1.8812610534209313,0.45709202467966753,1.0332310229753465,-0.6514941160612009,-0.4751066527978546,No
0.07760069493848976,0.24218460711884507,-0.7740730900742147,0.7346484634604727,0.7509069583698643,1.2278367208620542,-0.4658023828805141,1.0005125845568352,-1.4582992386175748,0.9119678586000415,-0.6623189326168519,-0.22587471894850636,0.973316667931807,0.2009030072658,No
-1.7296378731102608,2.646266782556563,1.315762400504064,-0.2874208248854653,1.907485513026922,0.05485702221399765,1.0457849138283324,0.39929285924562624,1.4428586183099463,0.39809706100728004,0.469082398190363,1.48789002104739,-0.5365003866173085,-0.1747100905804974,No
-0.7974767231302701,-0.7216849109379833,0.31326711970317495,-0.7683285718993317,0.2815440652142139,0.8245388823067825,-0.21385857696954702,0.8588201519645567,1.805476019449537,-0.061959684266327135,1.3016461052214592,0.42142027555188477,0.013790422000220291,1.1921883625556717,No
-1.247765877184448,-1.5601822829106022,-0.26376898498075046,0.7409346707048373,-0.1946111622257655,-1.5158351570288737,1.9044717069948276,-1.1233821248847193,0.0024534618279126496,0.14270501189952137,-0.016518924811237012,-1.479389321985837,1.4649503486509414,0.5979515342419084,No
-0.3528399521413144,-0.6684287514150238,0.5354469747418494,0.5948865613964741,0.7253542733797652,0.23322677057213154,-0.7178720085218224,0.018641726284347272,-1.0297131623317808,0.4907300730599818,1.4666228442829274,-0.6160175307731499,0.27671606406731053,-0.8727427306488417,No
-2.5132628476399095,-1.5021110508653588,-0.37860921923525703,-0.7768146692929488,0.8286499576937552,-0.9445654136992605,-0.20908385891014394,-0.6074961911346572,1.3214345035867787,-2.0990009754288224,-0.4800888766924287,-1.7806212486326871,-1.2986591755287171,-0.10608785921214976,Yes
-2.9756302900293456,-0.3740585856948995,-0.36876837551699115,0.35698110472997663,-1.4640092669253513,0.8434530735611654,-0.05685087417321476,-1.4706795118059994,-0.5835778302026572,-1.184492333527978,0.04342081842921741,-1.3174645278568582,0.5936047758194543,-0.8361393735799835,No
-1.3972665273412441,0.04987275847735127,-1.099261593735729,-0.343462320275684,0.9116564599783874,-1.9164673839879758,0.9401525076964794,0.07935684143243511,-0.25383257455251196,0.3032417898026448,1.091456357227279,-1.1056854930297753,-1.003354050736919,0.6302892764221891,No
-0.7029312361108524,1.3986487922838646,3.391646791129873,-0.6551176749712574,2.8435971403077356,-0.19628198282390805,0.24745721939225526,0.37622232524143,0.15863226223263838,-1.3044889937302835,0.4626353511792093,-0.016187170767012864,-0.292669203639977,-0.3093622712952732,No
-2.273478700132608,0.2653182806923771,-1.3568186565864273,1.4954108699722795,0.48769299921852916,0.051695611063209926,1.4123840782586856,1.5290691592888777,-0.6653444045651836,-0.626581585499656,-1.4114453640319906,-0.25211381356933593,-1.6871527152509254,-2.069605381995212,No
-0.2567400419249846,1.128737020314737,-1.1742148152439102,1.6962852095570753,0.4000801488719614,1.685408078270001,-0.7872809221798224,-0.043592021943738415,-1.9125030191396415,-1.2738677668252045,-2.9786827875050195,-1.7592480685246075,-0.5595423668805826,0.7983327465572171,No
-1.3592111298697194,-1.0071894139165853,0.6338652823171314,0.0020616614201289904,2.2231364635885695,0.27903964712023444,0.97222779123488,-0.023113765383512654,0.3076981638215902,0.693067549011875,2.5161645323305804,0.30816334839335585,0.8923370562297349,0.9817226320768693,No
-0.5123720569162519,1.5152126162423862,3.126702890211595,-1.2029188662975059,2.013579422750238,-0.0799544255006914,1.1347410861652925,0.21731978631847773,-0.5422082367438942,1.6303062697668196,1.0855816012202193,1.1777252308704458,-0.5296380702224115,0.4563919164750732,No
4.2536308476688625,0.9781968757518253,2.76716265572389,1.015982858637654,0.6740557912464693,1.2787178998821271,-0.279375073211249,-0.2978446456288456,-0.3840252410992419,0.25728398258415847,0.6428722339229928,2.0837003664982343,0.7848823972647605,-0.013977381642762386,No
-0.398934477430749,-0.20362449024890514,-0.7800901080863363,1.8399675378101226,0.0006026986727593145,-1.701279507993806,-0.4193148054000766,-2.6836713123067835,0.6768260389941205,-2.5193642049663056,0.015642771750966403,-1.3305659188327763,0.9010115861599941,-1.0671851189020516,Yes
5.722678336769912,0.6235108261695474,-1.4337520623089206,0.20138820272930097,2.164226960763817,-1.2837754574614542,-2.5595440532823317,1.4778612336264343,0.6812105340043081,1.0567857527199516,-0.5815637776877681,-0.034756044312558215,-1.2277543191695015,0.833137465429644,No
-0.4769666358474867,-1.07501654913009,0.9918313155943275,-0.8314067921778175,-0.2928222499393357,-0.7828827444614685,0.6709402687664648,-0.12797703424894488,0.5193729808119165,0.2671262648372263,0.46787214697455637,-0.7242552162253882,-1.3024602764266646,1.0392487968753998,No
3.6145557087825293,-2.03181851546755,0.2446013615923644,-0.344985179039744,1.0999143885432383,-1.4921967075149258,0.529153708528791,0.8363162382618119,1.1790143923848257,0.5554966651157804,-0.9225819030408453,0.11406558750568183,-1.2766140232125422,-0.7420568673463808,No
0.919065162792699,0.46133310405448624,0.06591680778386576,0.11793605559702777,0.07791359097729218,-0.11478924156209558,-1.7062506054604816,0.2690783612827714,-1.633955859589436,-1.234193864649012,0.7795430010889751,-1.9060712961218442,0.7262918769752571,-0.02507733548688339,No
-1.9387854394545023,0.6619100183370578,-1.0771303675083521,0.34093833619202707,1.040068393944054,-0.3133899874062212,-1.3920777289691015,-1.1283051937123258,-2.437894416800662,0.15177989367651099,-0.3519995256311538,1.8959231825226164,-0.6653545303468863,0.004134230691383437,No
-1.0380072229352786,-1.021997472226977,-0.009031058940922194,1.2509955620448376,0.6554030465876713,-0.45231549292819434,-1.4369927930634951,-0.0027277760502121997,-0.09141671587825434,-2.052415229915247,2.1645582777044643,-0.880337070570389,0.8650105361919364,-0.008056265919620617,Yes
1.5329925808191696,0.7022556822723557,-1.4683124540654002,-1.0405058241541008,0.2493464850623793,-0.4990064944682528,0.4124201281807026,0.8631997278551475,0.5604669122156569,-0.31212175136554837,-0.17506124941360937,-0.9035906891341551,0.5198607645213171,-0.13554172436791834,No
-0.5335637547130091,0.7588212922472541,-1.8174327955508527,-0.1958392885430048,-0.09322353749831837,1.3040915074437314,-0.820806280403056,-0.7489902024367178,2.247246766863034,-2.1872523845978336,1.4707879304491778,-0.9421785857733285,-1.1868900934914413,0.06872966159025823,Yes
6.127193149574808,0.07029633073633355,-0.9135883653253213,-0.2822426608233884,1.8132123150782065,-0.4215135407792139,-2.12431710850753,-1.1078377806374815,-0.12789146635919985,1.4128834890784392,-0.953678196491666,-0.9609713786744709,2.14201551769086,-0.3112997015243357,No
0.3647630201442459,4.289614995768882,1.229013996949153,0.6246642252110417,-0.7528676120160268,0.6661882615009729,1.6676869106979475,0.41286978564478954,0.08439159525371344,-0.11605519341732269,0.47020238152637517,-0.16076200483096714,-0.46324613117113284,0.7272267483953561,No
-2.05187869506581,-1.3877343189043982,0.38221030101810943,-0.003800336943625238,1.2197168581582514,0.4659399855334795,0.48769718506565396,0.7839194370812878,-0.3278508937416864,-0.8259807226356731,0.22833157378765356,0.11021502899785995,1.3342275850860346,0.12889936132810215,No
0.5393822717478571,1.4179568874210098,-0.7749742721173406,0.44140406901150786,-0.018347467711042356,0.9115800343611841,0.13036913579247553,-1.9375636521308086,1.3871146663137515,0.3109145383121695,-0.10568629638319868,0.9912492027716896,-1.0919870563387295,1.1060979355065244,No
0.0981517461476943,0.432002503770965,-1.2635507730341158,-1.0374081689204628,1.7964432149065377,-0.2519066314862177,0.6297998065415236,0.1135175769157224,-0.15394043725126688,-1.1973554524173047,-1.8385082433645252,-1.7929586107687245,-1.217807411640747,0.3383712598374281,No
-1.2509648598580898,-0.3723520997272878,-0.729722268805848,-0.8816273384722735,1.6118657311984248,-0.6329344378185452,-2.3651293816257537,0.7786468837123214,-0.22493772351984007,0.9086333463774421,-0.2202868976941177,-1.0616393110823155,-0.10956280402748303,1.0353257035168808,No
-1.0910443630905506,1.2863593887938454,2.2984235311006493,1.6790113226137098,-0.7128037649879022,-0.08609341873430362,-0.6271739434559981,1.1137630291304406,-0.044305245791955564,1.6482934579285589,-0.7639968643803435,-1.2372272702867906,-0.3321933267464194,0.11378243022864849,No
4.032634346207801,0.7755621818653562,-1.4486307306496755,-0.7044021276722338,0.25783394291178763,1.0931892301744355,-1.134999558779284,-0.13673049560413267,0.9537998836988911,-0.6260315520787464,2.0276672303984,-1.4261021832907639,-0.4510048393346464,-2.127575866316083,No
-0.02339971789491204,-0.04451767801729055,-1.2676371009767786,-0.588170429507207,0.35560760724146806,-1.6742920586092789,1.4305363429501283,0.31680190901025695,-1.650296590415001,0.9735027131682834,0.7778930721943516,-0.13537870593199464,-0.260285380926018,1.5743705234980596,No
1.951597250507568,1.203493902254419,-1.895633557787716,1.8951248450219826,1.0214938938330127,0.215439178632506,-1.5431282924271115,-0.45003063038943886,-0.535192655464941,1.547896424126597,0.4540461947112209,0.5514048938352917,0.8884984816928081,0.6572218968078646,No
3.804883130163697,2.158285937734546,1.6646463996291285,-1.9880929126064923,-0.02550780684964619,0.021698616692495797,-0.40957030813059364,0.5534990769074289,-0.007697490931907643,0.5012441454336385,0.4397190092518318,0.24596296786381577,-1.4526615642499816,-0.3733778255424366,No
-2.9066704088606654,0.4877198659891698,-0.986363967350547,1.4541527926162707,2.000067281819201,0.7178002200089441,0.013993596074765639,0.4968367293298508,-0.5860141197240474,0.20592869669081804,-1.6203095975527446,-1.14446308975805,-1.2767495515036364,0.10108568670312915,No
-1.1346995794953003,-0.295637214170723,0.4502275803487682,-0.47090413084912613,-0.5196284515248896,0.4389182063170347,-0.06863093712655581,1.0220410629792447,0.3768733352468017,-0.17101425451945673,-0.24297581625221623,0.21557560889678784,-0.7757305685979811,0.1261422837319766,No
1.8999726865929347,0.14509686413117473,-1.187318006342492,2.0255427227869647,1.5294390642172124,0.8346686082014282,1.4947257890839212,-0.6314258063024932,-0.0510444920617722,0.339157239979504,0.8412964900805633,0.8749264503760436,0.6370479257457121,-1.0900740334442762,No
-1.331844104279506,2.70684011408869,2.180584473521837,2.235119063142258,1.4217882563052417,1.5563966637887028,0.0844388073683736,0.17548200362664573,-2.092829328859156,1.3884312847832803,0.42981206002388933,-0.08654294955501962,2.3730944813004573,1.1457117555819687,No
-0.4781453132080881,-0.44471078901800604,-0.8147890432408538,-0.0665685251501782,1.6030562547054097,0.8353015956340243,0.0546412501630394,0.8994374627842527,0.11493052343262777,-1.698604420519039,-0.7635483960284088,0.36013330388572146,-0.1064202023101502,0.2344960824566325,No
-1.6675730193428784,1.19830534770721,2.357902170185285,-0.17591097790328747,-0.8753096700049535,-0.15534606860886593,-0.11167185075471382,0.09924483427729694,0.6754766134288062,0.1347646926655063,1.6244155191223817,-0.616468953976854,0.8310065580975022,-0.7503678136016577,No
1.8805320580889529,-1.0441420419652148,0.19448032706064702,1.9805457023729163,0.31192278895802517,-0.7344758900381623,-0.8974338628800153,0.22133158677267523,0.8144210823258234,0.5171249822991053,-0.36760825014207016,-0.17097589242258954,0.771912134280894,-0.7643671559348397,No
-2.5823197816504986,-0.743483928500378,0.8620268226718364,2.1359369806240687,0.45516139523599275,1.023206156948607,-0.8610809003643012,0.46390639707420245,-0.11206184714432936,-0.6312649593237771,1.157664237705395,1.286607920978292,-0.15092486025520152,-1.4630101640825566,No
-1.0159569133865367,-0.8586126436647419,-0.3726377414084258,0.9785108274664623,-0.842313766622888,-0.19679709681562352,1.2444971292169613,-1.343938126564826,-0.9153237870765376,-0.18823512261028752,2.367984896465442,-2.721774805567542,-0.2776499602979433,0.7211379051702508,No
1.12105547214994,0.5227916378162888,-1.9997861589434085,0.370391777137557,0.43650888194799914,-1.3518704581380088,1.6835172627986397,-0.32862670042893444,0.05215373134931575,-0.47836272200406804,-0.6328305558094529,-1.4819129244088867,-0.1667065299834899,0.015825216738993148,Yes
-0.47893773215753,-1.3291584476346328,-0.45658943050997153,0.34392747679242225,0.15757102192872421,-0.3495224545860721,-0.5277276022258391,0.004201246483569594,0.744272969439691,0.2765822636379858,0.27859305676430896,0.403098579608146,0.17494007407113776,0.4898577689344158,No
-2.189215711322969,0.24470074505685574,0.142749641053686,-0.4119199521256153,1.632559021348833,-0.6312947003274154,0.21683440079303973,1.0379680869904533,0.03281333855831482,-1.5661755056012698,0.5770669596782556,-0.05113937791993423,1.010590454186322,0.7117645141263068,No
-0.2770427005749636,-1.0756648620133555,-0.19867387584655083,0.7064150014982382,0.7647649085432207,1.093175049971017,-1.0499868575257407,0.6520169606941121,-0.10052316832206097,1.1558075691927316,0.5160379553651155,-0.3338213031778406,-0.555548548176465,2.6582303071403595,No
-2.637270623880069,-0.9359760413064587,-0.6766591438650867,0.4285304697873215,1.3910174543869187,-2.12403434333971,-0.5347514345778771,-0.8094556315000084,-0.45954086254993515,0.20661137606847507,0.4166104918245411,0.6003711898347087,-0.14408604951928305,-1.4996778790791143,Yes
4.608810451271882,0.25668265392022754,-0.3814149796456915,0.4288316342656128,1.2507160881043202,0.8788497669995771,1.181028652316133,-0.8362053283330089,0.8484402106498936,0.5249912046623489,0.5388240161038483,0.012329615472341505,1.3235576027063958,-0.43067535213023245,Yes
-0.7584880623830993,-1.045900557078987,-0.5638495942859316,1.8369091513180276,0.47374910156371497,0.7653027308951768,1.0288976635447205,0.5510572989687513,0.7487607399770065,-1.2268240751758186,-0.6213694540925145,0.800816735070795,-0.3661664523887334,-0.2519581996118386,Yes
-0.6786952952971412,-0.834904700784991,-0.2274894645161646,0.7596824911406999,0.6761509682885231,0.17755674163872495,-0.2410226799041256,1.3882339639457868,0.25900495943152846,-1.599599097575174,1.8642640644332804,-0.1817048479732783,1.0730981916769802,0.1754772732264646,No
0.2622537277233574,-1.3742699679411423,-0.16481720266281139,1.8107135702059813,-0.4856737741290135,-1.0752672054878645,-0.9714292485541974,0.7823607165429665,0.4542553492101365,-0.3025658251076697,1.015847411946284,-2.108949138798076,0.9902136095463768,0.07498456945417502,No
-2.6235739034764607,-0.6545827043045204,-0.46716520850600063,-0.6031112846247771,0.1685699518511133,0.7707334197226059,-0.7701361038050333,-2.5602828126351533,0.2503210499037787,0.597134566835703,2.8112335781066733,-0.8853601849463361,-0.029005111232536688,-0.6128034427265459,No
6.824689749991991,1.4873273275855403,2.497203514907642,0.08598713797354472,1.5301412323478598,0.9385460022278419,-1.2080158810186608,-0.40944710176825394,-0.2774372786840525,2.044475970971444,0.23488934718967625,-0.46276261461522533,0.5096468032307517,0.6225540746950315,No
-0.9888355535281425,-1.4720419808084986,1.2641069201895678,0.35537608562333106,-0.7017090505084195,1.6456822447085466,0.6913251665561195,-0.4039886574210991,1.3312999619755033,-0.30758705469164555,1.2424733677020905,-0.3117486183972601,0.49529613420191293,-0.0970989077311066,No
-3.089576408927837,2.1202520458137033,1.8120161040558438,0.38833137710798066,0.9979114274489161,0.02739284513863032,1.8997785326454693,-1.9352122424760536,-0.3096088650195223,0.29179407440978045,1.0910219241518324,1.1743863715481766,-0.09422313855769018,-0.13854286653784437,No
1.3894839217585926,0.29927860985542054,-1.7342716388727957,1.1150303192400142,-0.4850825456088387,-0.5954899163925196,0.02136053974227327,0.992547753341803,-0.6993102310356791,0.3828640383916958,-0.13583071238932484,-0.5470465294355462,-0.031634612493064596,0.4472907837616464,No
-1.1352444722783643,-0.7597719388968907,-0.6269916436006667,0.8260086332557597,1.8195459806650425,-1.3085010987028127,0.9580763812378771,-0.5186324343721219,-1.0685476638397318,1.0466441879257484,0.38260814833195883,0.7725890547864218,-0.0738869220021346,1.0886527748360195,No
-1.1063051409915718,-2.0985619676105602,0.667902382193508,0.1380138073171189,1.31975240899491,0.28442374327072584,1.4701641852360752,-0.7600471642915971,-0.1112041164981985,-0.12525469132557318,1.8552809078159895,0.967088693874995,0.9260628009550582,0.5894835181826613,No
-0.4093931775035598,1.3465974623976018,-0.921323514411416,0.24425701534868827,-0.6350302787740654,-1.6836309191543186,0.6531291983315275,0.8686941149856335,-1.7923175158101137,-1.2046901171501523,0.09268612773322829,0.22569518174565223,-0.25794288056806153,0.24011475308697003,No
-0.6691173565339371,-0.39979663465295157,0.10936475107010112,0.36488368124011483,0.018224706099192172,-0.5300854434483084,1.1235516418159315,-1.7811962470384965,0.8816646862948506,1.029120127643412,0.5761275243441909,-0.40033499653753246,-0.8173246988933405,0.9924238630771484,No
1.2744350220740623,-0.19539719159912577,-1.275643843786953,0.5623916114225493,-0.6019800075255802,1.5964844962592863,1.0098527529500636,1.4615501759821967,1.3903256293825612,-0.42581325169955947,1.070751952828517,0.6284777774097161,-1.3615789563871947,1.4039152356529767,No
-0.8048216488112102,0.5213766489098449,0.09339395162140977,-0.510338991822395,-0.12756637418957367,-0.3546510038556127,-0.34012447130709034,0.32873338091785037,-1.3628390115896896,0.6312223570871761,-1.5146199831810692,2.6410791020143956,-0.5559412222191649,-1.5971145646428284,No
1.940446417149851,-3.16817656783196,2.218402911355022,-0.7760416430475159,1.6365046550612068,0.26981508678258226,-0.3627763029144802,-0.12434622272694595,-0.3829091005494928,0.546577984270308,-0.05796958423427855,0.6779935047888548,-1.8903801091793961,-0.609447660507652,No
-2.238755358529978,0.23010987490720153,-0.6661333494079328,0.2470454559149094,-0.672478131920182,-0.23439973365409267,-0.6123945000415392,1.7277412012281959,1.0969940207340598,0.870755767928437,0.7426236694317845,-0.03796468523559141,-1.2318132534986312,-0.11714732881427989,No
-0.9915358227576629,-1.4844751496330992,0.06541690231053468,1.7881851309858579,-0.7131521809169175,-1.547980965940234,0.5406033502146532,0.13790137666409263,-0.7877638592467233,0.4234054872637487,1.1728864245628976,0.6713783519616058,0.10240645493875145,0.3013371930748117,No
1.6041177191967688,-1.541351422704679,4.841307735509996,-1.7708142309886605,1.0009908157247247,0.13949382983050906,-0.6284728174727753,1.2695022878171909,-1.7914343875057583,-0.1540907986994476,-0.7011337940620225,0.2889754186894577,-0.09548055260356665,-0.7093131270389518,No
0.9579562730279694,1.4266681860422499,-1.0102091495572043,1.5403163998336633,-0.3776989518786345,0.4239684093215127,-2.1683517485321895,0.37128042225882507,-0.8947825239781096,2.1135193377464923,1.6625514914420378,-0.7360221576601863,-0.6591888466377627,-0.5469538213621268,No
0.18853520396134232,0.41205881476625955,-1.058525331347335,1.0510476935485769,1.0252610174512957,0.6831204016393385,-0.5295719454206721,-0.06990033605481681,0.24061041707976075,-0.7455355754485562,0.20674762305813585,-0.8413702306030341,1.2037891374677463,-0.5237103690533481,No
-0.9337937824126347,-0.1096246869348036,-0.5264075615055446,0.995745819053926,1.3542192457821558,-1.3291900655867177,-0.7251048587685421,0.8589576982249695,-0.2182139971470325,-0.5321378590548607,-0.6960460381465393,-0.20239573819759415,-1.5267291922795023,-0.45559951797850756,No
-0.8761468487846966,-1.2787647374867552,-0.1036840003158322,2.5752101686274558,-0.8814360461259275,-0.4541559809014112,-1.9874355354168682,1.520188907835686,0.7027239032677401,0.13166116723951163,-0.9943538343371656,0.3049775163361528,-1.3286146381361006,0.82520676798409,No
-2.6831016525431273,0.2561671533695954,0.013477909444527094,-0.5252916846325958,-0.6713833822929729,1.2559470053589938,1.3301391571304426,0.115612722963298,-0.8634180057182229,0.3025070086623779,0.2888457671474928,-2.201551104518275,-0.14544079301890891,-0.2547675913613604,No
3.967354317425825,-0.7301509851525637,-0.19300931631792353,0.6237059450965474,-0.03473450387602088,-0.26883137322180534,1.0685401878909113,-0.6708673883896439,0.5303950061799251,-1.979144459433536,3.047267041464937,-1.2593354650970634,-2.2379045685269787,0.6804312889876429,No
-2.739046749531375,0.37815609054257365,-0.2476847568206519,1.894176176027335,1.0107037897601268,0.4935935956453272,-0.24137981871848863,0.5693373427170327,0.2900569125735069,1.599003322097313,-0.8235874454331046,-1.1982466890957735,-1.6917732868626874,-0.15303871901873836,Yes
-2.2450967284119527,0.7904926826888466,-1.0899516793359794,0.733208217577821,0.7771760962626675,0.4110675315454165,-1.6803029466577475,-1.705310938470777,-0.9349253875658201,-0.4442064346657054,-0.9917948633170739,-0.5205958295071946,-0.6386355955231499,0.6581662441444699,No
6.228982784270237,0.6473930870403002,-0.8036627184745049,0.9109102555036462,0.06413038594443775,0.4825856344628554,-0.8176049649590794,-0.07895056628044103,0.4872346545316227,1.6132957626476006,1.1431431418098292,-0.3940423422293986,0.8722971582144337,1.1345569734932384,No
-1.7858401466430813,-0.32212711172424785,0.10839754002580501,0.4872422106607124,-0.22359724641374995,0.2837872045247543,0.19133624202839067,0.24374472244540038,1.2337754267352186,2.249397869764489,1.450825033294565,0.21716843878162484,-0.6540874751995799,-1.3693392236073891,No
4.427219654980361,-0.24881892834931962,-0.49399207360209896,-0.7293566585028465,-1.2780138304528217,1.5809687920463202,1.282576554670325,-0.7729607956992598,-0.1880285641580367,0.7275688829138731,0.7723591071863728,-1.220182027053323,-2.045406970125576,0.4970332312347601,No
-1.7141231478802854,0.24083881034628657,-1.3235885532668434,0.44479822236337,1.1246486812720078,0.3253334890145194,0.2931648606149945,-1.6315416895678063,0.9326402688486789,-0.8523710065488863,-0.18813877565412715,-1.2760604366768071,-0.7833666035104355,-0.11599605047910323,No
0.5391461320167582,-0.226610203591275,-0.4216045198523749,-0.13943996782236373,2.476368699200787,0.21025703793042944,0.07335898511148918,-0.30914408847574815,0.9343598610302146,-1.1868601011994961,0.48020212488116665,-0.3000723945591622,2.3928259447175386,1.8368531269322406,No
0.6805580229000913,0.6594624159358319,-0.5918172217563189,1.1667179670780239,2.5058401930286576,0.03288658155250978,-1.6740432511030239,-1.303773334163634,-0.5982972969035832,0.17219251849880873,-0.33963713815016966,0.24868677911266762,0.20490938598012298,1.1783396707083587,No
-0.8026108955660983,-1.7550401777493259,0.03709144539852497,-0.23613137089209832,0.9320763888593179,-1.8908082020351988,-0.23574273610924928,1.3292060433416493,0.9598523047114469,-0.41515861333856907,1.215879271102918,-0.6390470417914106,0.39006627367050206,0.10685942138730416,No
-1.0507022344053958,-2.0485429441013223,0.4715984006087095,1.8952632043256046,0.7600234553491864,0.5431912310012249,-0.1719848585545352,0.3729105024765325,1.2292054344353078,0.37817329047120746,-0.523980965459056,0.11327660378426838,0.12379020991924167,-0.6715657626770264,No
0.3008972840584433,0.4579082618705621,-1.3176770570921024,0.5903573554289742,0.9372810669952262,1.0769005734393688,-0.2968499503701469,-0.05486523901656004,1.568311621771526,1.0998435642006854,1.7394785370246995,1.2557611648442368,-0.601143362515251,-0.04333942284666837,No
-0.08584644019190013,-0.32614869913390604,-0.4508239287114702,2.1256769272422287,0.38088150551639444,-1.0936727074668446,-1.8829257332179943,0.30849188256765037,-0.9022149468805172,0.537220736998454,1.0042589458774305,-1.4139643747227717,0.6128840239150236,0.2059976872269719,No
1.0536414790122755,0.008574433587734633,-0.9543123839603919,3.328717345174593,-0.9647807935374895,-0.41959780511262423,1.2731209479448833,0.782489405090013,0.7270418856644073,0.682018141371421,-0.5834226653452054,-1.3275362437654856,0.5926416549517902,0.1373994275607203,No
-0.7614081474838337,0.6665529388092776,-1.7911280762486648,1.739189750329822,1.3496980649569619,1.2375000561969718,-0.13755438916409257,1.624908039123011,-0.386713035884263,-0.7825663689044525,-0.593077426906629,-0.4417119864557409,0.7433295965591238,1.5903251835349643,No
2.253858201386016,0.5692205750906468,-1.9730859874527995,1.3751050601847938,0.03786957278823984,-1.9762991537679628,-1.9102728196458616,0.26668853334493026,0.6498706524250554,1.146133309416978,1.9494719556626667,0.5429415514065248,0.4647956102391363,1.144330299890249,No
-1.596808630838767,2.286730858167159,1.882172937548854,-0.06790286804405095,2.665764362539319,0.5952530597112102,-0.5476100527363134,-1.104709722033272,-1.5102780792953694,0.1666814899833724,0.3449018041947416,-2.427174024952064,0.11672332741214532,1.6296034884741069,No
-2.5050112629140595,0.911436161835294,-0.6186067694678145,-0.7093546390862441,0.775938874458324,-0.3763335241929241,-0.866445227823732,0.43740042382189515,-1.3810500175403306,-0.20205411133025736,0.1154922268425344,1.5716474426547014,-0.19125188901131668,-1.533405943146737,No
-3.4339018141929802,-0.05725990723765937,-1.3134181627452248,-0.8904569842832725,0.844137342550617,-0.578701346546665,0.18368016673114895,-0.2163208293489593,0.02648090693170984,0.8334530420383274,-0.44378678993970366,1.8619706793990871,-0.5745146837318241,-0.5388136106064404,Yes
2.4572708447294365,-3.253157748017445,1.2258960176176996,1.3916490758853437,0.002523373954909261,0.8228888550129065,-0.44300883284418474,0.640790328467488,-0.7618747564253896,0.7243137418479552,-1.2816215310725934,-0.04175868852106493,-1.3257742786749205,1.4998445980861455,No
0.2491625814534932,0.8845546640372405,-1.2789450560329354,-0.21528943838768239,0.9783636330908857,-0.6889922383481774,0.5283175962437069,-0.15637239932235975,0.05362219418997602,0.13880240974534364,-0.8706100693119475,-0.7744601353909293,-0.5515346568095806,-1.5684747279205433,No
4.6265216854180276,1.6958103700380718,-2.0702710497168493,1.1544580351360723,0.4483992105680396,-0.02195194475586653,-0.9810750577760485,-0.19712758680079445,-1.2038112287743004,1.0705501757071456,-0.878690849056993,-0.1864481022691891,1.5096839634560852,-1.2602397095432514,No
1.5058514640798355,0.8118957022808849,-2.038664954316876,0.41129060922033234,0.7921174633681253,-0.8174535534999098,0.7508296161189546,-0.09912545567719826,0.9352630814216922,1.6247540219950205,1.1977351859932714,-1.18122695899499,-0.1738514506470982,-0.6462055624152749,No
-0.891202196717606,-0.4419229185885202,0.5961459357396196,2.2212111291389,1.2842676318456625,2.17380812895908,-1.3940099734051445,0.5108438177793477,-1.0367150013788078,0.04574673658944213,0.2798099991327265,0.6220690627439035,0.1540857439833115,-1.153882145799595,No
0.12294290881470946,0.12980814674538957,-1.0649930509646908,0.8645022554653116,-1.5705085689710594,-0.4596535672043777,-0.3161043440188937,-2.424302085876248,0.07992002142792416,-1.0876895158301214,0.5343744074796718,-1.0178022874653598,-1.0001703155499024,-0.9258353026477221,No
0.9272825699289156,1.4180754890103728,-0.4103098155159972,0.2766552757841292,0.27530227163851984,2.6359473444373807,1.5911905964130213,1.2107078690360629,0.7507046796811131,-0.7600930985020395,-0.74845308097355,-0.16655592099617966,-0.07768253824974082,-0.09042120690810745,No
-0.22200331443890806,-0.22590999022053812,0.381977683063531,-1.5755174946163988,2.0485962253938816,-0.5375118702699057,2.273938199910983,1.2333520523194867,-0.4312135847370606,1.3090350857996975,-0.02431850430870321,-1.2217309773228353,-0.6481514519036875,-0.590797736071721,No
1.9704005394179014,-0.6646901259895905,0.4368563142810167,-0.4907381974600143,1.7384760736428213,-1.0912618124253701,-0.5823721732791836,1.351148443468742,0.2454543952066344,-0.9199053817806351,0.12694577254090603,-1.103244195507729,0.7084595828626284,0.6164413474113978,Yes
-0.05820104944943579,0.49211932580066015,-1.5775428088962802,2.0121847732348956,-1.0201923399608932,1.5220807216019934,-0.5960005538009855,-0.7650621181684129,-0.04901914685176898,-2.2089865132472246,0.9580269655434371,-0.43909921741553315,0.16313944288573642,0.6114564804953453,No
0.5054148239914918,-1.669230782746827,0.8018982092522792,0.018658057033115412,0.1643079003959408,-0.2650786533875726,-1.834366332162892,-0.4563711165622957,-0.41264118483210327,0.45347247237501037,0.4773080332899723,-0.42104887203090824,-0.3443031704311069,-1.0674359061234218,No
0.5029871717591434,-1.3006503940449556,-0.4043306638228518,-0.12583400013061638,0.0814485642030174,-0.07904793664979286,0.777088977668933,-1.8653880418094597,2.201849325451116,1.2063778958227953,1.0910022585243764,0.20700809471761927,0.11806052492745112,0.10031572906535273,No
1.6304980962698847,0.3239951214134871,4.233279538246212,0.4379441973332219,1.5002298398680987,0.5923141039290012,1.3212885121953934,-1.066246891577633,1.1033988117023719,0.3534931564502413,-0.5425898945091947,0.05479138086512326,-0.07606138654085946,-0.5016557246212376,No
-1.1010646702988418,-0.9736835656484788,0.32719923242615667,-0.25205204961987016,0.7062136667971471,1.4558285833048619,-1.046539905861094,-1.1413451775554924,-1.1507926532550747,0.6029638351623571,-1.4684125689410257,-1.636748160155532,0.6178561792243992,-1.5858645470699995,Yes
-1.8176886563882297,0.6306768606273315,-1.4642000366251917,-1.6564358668127201,0.28856902501848847,0.1903861134524932,-0.10523119930192415,-1.088021186329104,0.05182630400598344,0.28076657851628517,0.2741280332194874,0.9933878402205181,-1.5787251019352726,-0.644211867414231,No
-2.0375353274750485,-0.6367996721140935,0.5635401388121037,1.227729981286674,0.6064358608125169,-0.4445530683540042,-1.5990883678818886,-0.3552975403166192,0.7915971548406349,-0.7749090758146737,0.511909549583812,2.834705437028501,-0.21886070006673483,-0.4650601402568948,No
-1.9916628010617774,-0.2720279561197143,-0.8862087515726753,0.3061918246956021,-0.6265234709879071,0.11809496460898009,-1.1959776553682182,-0.1057098819832934,1.5949295999274984,-1.3000561822984786,-0.43552986618435613,0.36453248467353755,-0.6485142298002445,-1.2054277609051858,No
-1.4501503072486703,-0.5943978513039913,-0.08435462698292079,1.7364878805612403,-1.2384532803627457,-0.014739376526581905,0.3933479989899262,-1.7656954462247063,-0.21357745917298881,-2.34974967900062,1.1053907401317633,-1.0948720137208805,-0.4935468256684359,1.132509431141926,Yes
-0.7770810460947779,-1.6280324443797878,-0.2086933670047758,-1.0686676422380248,1.6180644540948101,-0.2569076059194856,-1.2133189021333974,0.03702054679804244,0.8954217279118031,0.05923657464063062,-0.06297254155926658,-0.4109729564646446,0.42169825184585036,-0.12695670994267583,No
-0.41926833289738774,-1.6984381216570985,-0.05249534571019556,0.6039733744060989,1.6789131478062436,-0.3241608438017173,1.7209327668872274,0.26606992981285243,-0.6074248562384357,0.9888455101845582,1.7906415495823493,-0.8857202622442998,-0.019714460309040036,0.1206817917654253,No
-0.5977318240430659,1.366987422593564,-1.3445604562334512,0.7830304572926924,-0.18177566170861803,0.278815888350799,2.5829612478859127,1.7777908684148136,-0.9240059407292314,0.33852159601214193,0.9585115918160472,-0.3528482039742395,-2.063230176260404,-1.034108562579238,No
-0.9203391326437843,1.1048203196331976,2.441158534915625,0.1991394822531935,0.8402290800713079,-1.1830211887461557,-0.004976617081740058,0.7359112736253418,0.8376529201791881,-0.1533283622986995,0.2743834293780114,-0.6973171605021657,-1.0831129057143556,0.415397885141343,No
2.036760218041376,-2.0434408036787524,1.683736090970254,2.167213045671785,1.0566606898384967,0.3656665860573518,0.14877437407061683,-1.696867183154477,-0.004469391798350573,0.8889550764902686,-1.2370603461627194,0.19272827649066357,-2.065010977697167,0.6045123707817202,No
3.5413642636038554,-0.6718524535311406,0.14159426707020292,1.835243179613136,1.752733548668041,0.5036322107493344,-0.42688469759910774,1.7259583086261063,0.6774296199395528,0.7324637730471616,-0.10737385797512826,-1.5282480497067996,1.1314375515347193,0.11005903431082144,No
-2.4806352267725744,1.1542538167486691,-0.45119553816773456,-0.7046105676289012,0.6199943597467099,0.9781120416956973,0.6657065820244221,0.23857465168231076,1.2865028111796863,-0.5958978839775436,1.2159247066970442,0.7671687672913376,-0.436090378163998,1.3223632715128026,No
1.294684092994884,0.7078804459726263,-1.9123511689596107,0.5077987905712514,0.20961850773439222,-0.2587006055610939,-0.3046368757220832,1.7767757442468413,0.4469706093871748,-0.687690965383183,0.44988966354714416,0.23604736851396674,0.46541475023673884,-0.24816074588251913,No
-1.0979422365582183,-0.5929133163147511,-1.0217899525511773,0.7653825186266183,0.7535686639967755,-1.5650068114541715,0.8141228201876587,-1.628679588272728,-0.17335587128849955,0.23430812133993706,0.5392118614705405,-0.022324966902167395,-0.4747489480020854,-0.01613096896427743,No
4.276475485382072,0.8102315327114646,0.043435877114688506,-1.14893058308076,1.5264010796048006,1.0460317864620123,0.6496150583508683,0.05100313115622333,-0.21270275791459367,-0.5853403792654814,-0.5597443070099435,-0.23741059783183988,-1.6933020608017972,-0.2608118903687109,No
-1.3645979489155204,-0.13985920171808924,-0.624590631127251,-1.5518755138539926,1.4725999477065568,0.28157293157614566,1.6735249486614576,0.3818016731610915,0.7697582416787263,0.6696715964149814,1.721932250773871,-1.5065128240157688,0.5573622124329304,0.9025164718017389,No
-0.33794447269811473,0.7436104999292417,2.503372648705419,0.9663579270532608,1.117768978936154,-0.36675354938609656,0.21559808468068117,2.350918830836345,-0.7181142976491502,-1.6223419827947287,1.7001678020970128,1.5551451894739234,-0.3507013445792924,-0.08631247242669789,No
4.406403774043062,0.8086025242619199,3.917686628062689,1.4971877874602817,1.33350334981992,-0.4135469228171204,0.8191956076330141,-0.6793382494925289,-1.277207330197449,2.185770524415625,1.5014457931184828,-0.6066039822864557,0.4010631002196199,0.4376555040143827,No
3.6716731909700018,3.162123888005098,2.0256634520565666,0.29638465499305033,0.5727426208963453,1.652728426963351,1.0103921238216098,0.3398369722251003,-0.4105427142566651,-0.7606680739905014,-1.0104678432375176,-0.13964119967185182,-1.0008308011461267,1.4175416555352147,No
1.2081785613894611,3.174858685680652,1.7916611489517633,-0.16886799534953292,0.9647115751803027,0.6266341672856024,-0.12422429063275695,1.0354904654752628,2.7006034584773717,0.7123346728819878,0.4088374213463924,0.9996500471303658,-0.03685976811833856,1.3788454478753605,Yes
1.8189283840141433,-0.04348752139726411,-0.576819398240717,1.1647939887619576,-0.46649564399974375,-0.004255031099565487,1.9588261302680088,2.3563571255579436,0.5941971359715273,1.117859005700444,-0.49793000889095557,-0.2050400461162798,0.7898939313475095,-1.274008428217776,No
-0.5103065815790734,0.41464971447651533,-1.1289769573544328,0.5487115166663806,0.06589174789016658,0.8660432011620741,1.0150196974218746,-1.8221575794012403,0.49415154884612955,-1.1350530686198907,-0.16625244749711574,-1.073458695164217,-0.7336748688323942,0.7802008898570841,No
-0.9505078890354858,-0.23836420050639767,-0.7811507043283231,1.3136022539401915,0.5906117572238624,0.4241522377970218,2.0836317477170456,0.3587082242700716,0.7214475478045286,1.0584156110423175,0.23278948065184352,-0.6016122852894471,-0.3233341733506011,-1.407807121346679,No
-0.0774097779697553,0.1927183686315602,-1.327548216198471,0.13549367541723495,0.7555024138378752,0.8805764784677589,0.10544311051185715,1.5151875492163398,-0.3789324706965053,-0.3359348723668576,1.9118118166640545,-0.8036931611465261,0.04948966138862982,-0.8415999068396605,No
-0.8960952803515133,-0.790600076977685,-0.6380576348552773,1.1733551123030217,0.6166290956186395,2.0209379257303492,0.34809332653694974,-0.8664635764053952,0.025680772906274307,0.5829704721774234,0.34971872265875487,1.9913404526679201,0.6123679985411061,-0.30853773784516203,No
-0.7231296126755277,-1.1262277911637817,0.6815992415732177,1.3484717901595284,1.500519851141839,-0.28938279547913803,-1.9396653191934323,0.851218301351123,-0.19183496936278321,-1.077659153567066,1.0461346245497456,-0.4425617599241764,0.09287740577955311,-0.3303947382458149,No
-1.426317843671295,2.3356988091123996,1.6963601431832778,-1.2542258062662395,2.7338769093089503,-0.7388757165915564,-0.40229431096624596,0.4756870699785605,1.1189377404898553,-0.6532745693276248,1.0685961012897895,-0.281098122839909,0.34354938369152327,-0.4041978633485458,No
2.0880216242684737,-3.215264987695256,1.8058924365100109,1.3139731004308257,0.008062144799536325,0.8926921801066412,0.7210114078062078,1.1265324553458098,0.0918642141267273,0.5590970821542572,0.7481454408563538,0.9057272856516929,-1.0074995531836095,-0.6803939655521426,No
2.102672439883238,-2.077247856960657,0.9803155431872098,-1.306450226555327,1.5491430735605372,1.1251707803285214,-0.012233320188431939,0.06684982008601242,0.5962552031355556,-0.7347900394408527,1.0924109301344374,1.5936666728354452,-0.8750241906606215,0.6366970388793611,No
-0.17981459163115332,-1.4848568760833358,0.9430094099726616,0.020937127398334872,-0.2939798880196336,-0.10539961091659796,-1.0929249665448981,1.2109846605215824,-1.0353279709061216,0.45565074188906174,-0.6434906244592251,-0.4030857066720113,-1.3374178890996091,1.0472217607278127,No
-2.7662897596251597,0.25900259573536394,-1.7783085995431163,-0.4981666663998881,1.8522045754717038,-0.14340668478269158,-0.38643037708584826,1.2410066906261052,-0.7251626663341247,-1.6188391968158609,0.7471176685656542,0.7872612298490025,-1.123393496668243,1.0782616264542115,No
-0.7984188734224954,2.562350758797588,2.4470510998327684,-0.4075385335403308,0.795586032092614,0.6161951720641121,-0.9341468222326103,0.32708121996639017,0.9021017851262434,1.4490047241642257,0.36012014640350426,0.03331943940278405,-1.1874495620800263,-0.24035762954362674,No
-0.9382901577375582,-1.344291978880368,0.753740503314722,3.036702499381915,-0.8687680197552481,1.6419366279050402,-0.6149870804936147,-1.0350831090817327,-0.2628407362254133,0.49197825479608365,-0.5360968456037034,-0.4591601696568944,-0.12615485192297296,0.9102104163022763,No
-1.2974775412507533,-0.18646006146372465,0.5546755464660861,1.223224824218979,0.6365478575245002,2.206198918372813,1.1752906299643058,0.3247317546575736,2.2654123075897754,0.18524562378627288,-0.49548027431646824,0.2637227538837582,-1.1016732675210936,-1.3972489463216804,No
-1.9825244149467611,0.33042110121630147,-1.6361131194462673,-0.3641800928055304,1.04208010330187,1.1196788276036709,-0.3663828638292064,1.1661345731641426,-1.3074013302773542,-1.8188731568283363,-0.7130062851833407,1.1928366558196186,0.5473648004477016,0.6342987915629145,Yes
-2.269117953883518,-1.2796650777847056,1.2843337950532923,0.10558793009895409,-0.32614610054117765,0.30003060869628156,0.48970616027580155,1.9986327027589774,-1.7877715922546267,-0.3213666476287723,1.7976739063682,-1.223799831291581,0.9677320871540471,-1.0729357238742812,No
0.29328972111898044,-1.439313329064063,0.8750675932647345,0.9875058149810486,-1.4383736204783084,0.7272930876769329,-0.533692806385573,-0.4287564386999453,0.977089841227854,1.7320310206008163,0.5077097998625785,0.2351938927500791,-1.5111052366046331,2.0568596073279406,No
1.0959539668864395,0.10031994549498707,-1.547744140092744,1.5529658779401359,0.214180273968506,0.1329840404782745,0.38428177745470854,1.4980279473561382,-0.15043084504277826,-0.06906047476243517,-0.38383543783955937,-0.35877519977055883,-0.0234206764542913,-1.619128842745195,Yes
-2.7977773722737713,-0.917168438077544,-0.6141242036989817,0.8952607482031887,1.0251054443807774,0.041790273829886544,-0.30555676298331097,1.0953824066672984,0.17205692331396769,-1.4221176014955235,1.0600670178291534,1.7517903554201162,1.534820982240734,0.7292399191974951,Yes
-0.5499361296079676,3.2536487301274244,0.45538610139663255,-0.06372110627290636,0.3380187133022155,-0.3577583678832293,0.8950717918845448,0.8256987616695958,0.3729338575701076,0.6413942225169421,1.3357285407926163,-0.5173903943911994,0.28594082276016647,-0.212937704065652,No
-0.8369316724676227,-1.8381230494267151,0.5485630416002617,1.6753103100373237,-0.10844807124375591,-0.4556823383715583,-1.499092518171063,-0.10267903722584863,-1.4751603844650512,0.4638313603442302,-1.2819658071918836,-0.2659923739785174,1.5368821685166236,0.3409525323145772,No
1.825189712820953,1.8164613164408532,-2.012045933483334,-0.2994935698100701,0.24229509941454702,0.5816075522555798,1.2066727134633901,0.32602465436054595,0.18321929538637374,0.7905953413185234,-1.037681475327379,0.29503389808494807,0.3542057987388568,0.011339380681558743,No
0.4934768342925138,-0.8556412197292161,3.933147832337958,-0.6711157567476304,2.553924038989546,-0.01993864537758752,0.6773262143538775,-0.19971718619544673,0.3959409333160457,0.7291012113288634,-1.5863785689145395,0.45812373265157025,1.2964400307953101,-1.3906877280166332,No
1.1718485529259643,2.303084268864618,-1.6127320734813237,3.1244436720097735,0.34370566580719936,-0.9184833432553735,0.8428901443692587,0.5388852783309962,-1.024290377794723,2.4645372574146607,1.1829156418299538,-1.1757300656871432,-0.7325402727195054,-1.1867002422011501,No
-0.38313556079722894,-0.40866500581697585,-0.27390648695211556,-0.5539783626123828,0.15142988030422616,2.6473973891753007,0.6104203647426387,-0.32011996961641204,1.5328605176337355,-0.28335591895273854,-0.9013273623758887,-1.8266160379963938,0.4700906848132439,-0.30515933055668576,No
0.6002780271709096,1.4577883310577902,-2.1043917755757326,-0.5544612550266202,1.2996159214206071,0.8714208320601928,-1.1310560603468165,-0.9062225765479243,0.5516744672155595,1.0727183133692983,0.41046914820169944,-0.294306749457188,0.7090585490005309,0.8200625056084702,No
-2.4897010272725075,2.2033900820264516,1.6503701475387473,0.6865932297432714,1.3384920329988446,0.13608967486428464,-0.6653910026165879,0.25882846423432826,-0.2673134140163579,0.27173325818124,0.3725129179452509,1.6613466649227002,0.5048436462321347,-1.5541274346844067,Yes
1.3902059312164712,0.6647110834729283,-0.058041225646633846,1.258862443010279,-0.3213047982620812,0.4620359966608388,0.31274729202032675,0.612754730613893,0.2019237702270099,-0.03553310304205005,0.7449925828987826,1.9163304807423567,-0.3432499078739789,-1.053747329069324,No
-1.0684261197508123,0.24538551523908628,-0.9077355793072689,-0.11623334714463089,1.487313085508149,-0.9769564605041761,0.5105380925970924,-1.9406942940623102,1.1195904370483325,1.1686195274742763,-0.9333468556651606,1.2298672918289801,0.6663271036399364,-0.7033718815215942,No
1.6451131903546599,1.306041452291877,-0.9420699827267249,0.78389504773452,-0.019724403492079837,1.554537382911146,1.1713162019532966,0.9425462367022903,1.1790427616960377,-0.613263574831847,0.33230988038684345,0.5903723135158789,0.048807331929638785,0.07731290554544809,No
-1.7018201965749484,0.38434712442448954,-0.752689151080356,0.6297860427802466,-0.18378681857767545,-0.7205885413558981,-1.1782613103585704,0.7963915208089749,0.682820017460747,0.8149733964808399,0.46217591548703946,0.9022437050442531,-1.213899197690129,-0.9515644561126684,No
1.913350610049704,0.3248452577984198,-1.5348707580063903,-0.8415253967214793,0.8308565125875845,0.5520604963616956,-0.07943324713012509,0.872674714298008,1.043246528913524,-0.18740255253984492,1.1951302644786364,0.1424368784606922,-0.4815683228022852,0.796643407969352,No
-1.3313088527230077,-1.0477754674870472,0.7278354101353138,0.19556089032007426,0.5901839153393732,0.3115029932321616,-1.0551956589114333,1.8199272537472737,1.4410793967558515,0.43655578750862206,0.9633391523794356,-0.16340986186983872,1.002638799138232,-0.11797993894013017,No
1.4000337929615791,0.47579279137481023,-0.9182046387255316,0.017212029217675593,-0.33380631073678196,0.16951832818408366,-0.4376023369091074,-0.8420748922505157,2.2232811197197573,-0.31717624806735806,0.9661283243730688,-0.57288718271145,-0.2929772559481821,-0.7191385224225318,No
4.52139411764457,3.3324563222661787,1.3768890237206763,-0.23514258333906815,-0.9173082475032707,0.2159373632933523,1.000031684717757,0.7353850188756107,-0.5316191535195102,-1.5059606390864213,-0.7221946088692307,-1.9996414480976372,-0.4978257156188575,-1.2576636157339682,No
-3.1798754654995833,0.07969126271240881,-1.441238900570647,-0.8322666472159924,2.16047227628785,0.675932193752345,-1.247522730417418,0.26736973798855357,-0.42158954369098617,0.13667546779667272,-2.347623129517496,-1.5031809237582239,-1.0290445032264213,-0.06885225878348832,Yes
4.98034638707091,-0.8322104471168827,-0.6719213089329765,-0.41053944274549736,0.6552299952619252,0.7804157866704934,-1.3219800091889793,-0.7060523230780034,-1.0960259508884969,-1.916742624865763,0.41430985261335684,-2.2125033258034144,2.071947072657031,-0.6733100269400729,Yes
-2.2106330197292836,0.42012785172444767,-0.7683377843177088,1.0907898565198402,2.248134097183326,0.9219928461449244,0.7071589783568489,0.8721464679899694,1.2559055556228702,1.721429634824122,-2.5883856503612144,-1.5843386901536862,0.403516432280695,-0.2332290674662473,No
3.9362808563664373,-0.3212090504329776,-1.0673155992580703,-0.7810730190758706,1.291932071716984,0.34687140747050016,-1.8226111496426525,0.8915247009358671,-1.0555582553127663,0.03837728851357934,-0.8290910676575465,-0.9432915154648334,-1.0507529865938754,1.90407958103978,No
-1.3395103408206266,-0.7003417644940834,-0.19772693162917065,1.0852872001760299,0.7806044201870912,1.030711443435332,-0.22695423539700826,-1.5944434997516181,0.22068015520804216,-0.4238137943977574,1.0649107499009194,0.247226308655434,-0.17251845830345855,-0.22556588890948745,No
-1.612484207823368,-0.28408916256687095,-0.6773361769240138,0.4715056946126769,0.5130947784448754,-1.0524672825541408,0.443747746762379,0.2218838821406283,0.831943751767731,1.352824663372249,-0.1901654093579239,1.0038356693264587,0.37179056748486516,-0.6410773957320505,No
-0.690870582248811,-0.7873599755992483,1.1548702168890954,-0.481034345951968,2.6834063214347443,0.27553105954317064,0.7976612817287247,-0.004742880860016639,-0.024098739719596186,-0.6434973027876543,-0.2911177898409446,-1.1288136788932308,1.1390084663161653,-0.17977835742186096,No
-1.0438905135805654,-1.0438603423269162,0.607063977634074,1.4342969224677298,1.1294144984800703,-0.8999109865276707,1.0789201705304334,-0.660200258925979,-0.7422423513262671,-0.9922615110634498,-0.6835969867705796,0.26292790286173057,-1.7865008944619538,0.018894446806214375,No
-1.9325820297860858,0.6473682488123935,-1.2441138424789517,3.009392145145394,1.1591054985119382,-0.08921557585131397,0.09469165143751196,0.6704212575073788,-1.4223659570215603,0.6776854689706796,-2.839404527519351,0.3698930676453998,-2.270693934149714,0.4524045996141795,No
1.4470885476600885,-0.8367095632795608,-0.11722339610808076,0.2585227099335643,0.15448038220414603,-1.1460577766584912,-0.2952189874934923,0.23103165671452847,1.694494058849771,0.6920850042406484,0.7895960948796459,-1.3509472789614692,-0.5311707402706098,0.9300539475142069,No
0.6244054233894938,0.28933059221974894,-0.25211393397400755,1.4159863106813477,-0.08436961789237639,1.4432336447980716,-0.38411633854781924,1.0411507744936122,0.8998439170332939,0.9716150154490244,0.06859520267757974,-0.7299295817055081,-0.633237453591704,2.402670677531957,No
-1.165912444808811,0.753450042327277,-1.5663169943655795,0.02692084891206803,-0.46651257221915915,1.8945421038520343,-0.5486825695416534,-0.9722065099742287,0.29478328337393567,-0.17244494158975415,-0.18360677083971227,-0.48583806327140167,-2.4863375393375606,0.1692645997039154,No
-1.4255423475754132,-2.742921507899305,0.5217588144858226,1.6884263616375053,-0.665843759270943,-0.6161203687063976,0.21724821970392064,-0.7601092526613034,0.8541827625850031,-1.2558679187206692,0.7405971777090898,-2.187743135752108,-0.48357403536310917,-1.4423196180855136,No
1.0123009030470587,-1.3149146688779052,-0.1379651762470681,0.5870210086950838,-0.5120141417063127,1.7885215452566672,1.982224200811924,-0.14999087144708206,-0.16513548506277306,-0.42517423145231076,1.1462781263295367,-0.664987919116511,-0.43757632395481305,-0.011926159010446307,No
-0.35043239676483334,-1.6373772622122895,0.5453116436057628,3.482705773654704,0.5034539602955456,0.745775637832875,1.3102662479028826,0.3290275660947437,-0.086993528501603,-0.23513016547886806,-1.3131569874852014,-0.7942756761561837,1.4456232528660902,0.7690260251745044,Yes
-1.6583236177851717,-1.2703932188463691,0.7125067784738595,-1.4331991921584897,1.4575885082607118,0.39390308431514504,0.7832506094735359,-1.358421989924838,0.34720230150041154,-1.4609598790066436,-1.263037037408166,-0.45612740990992,-0.20514278748161285,0.9507914367031852,Yes
-2.450283769188488,0.40361624223300796,-1.4845979444741129,-0.6955142470224845,0.5441836660713559,-0.30416167973055813,-0.8283788158254141,-0.8294047316577811,-0.38024373228300623,-1.8353378328525882,1.3244302019381637,-1.2437883428316325,-2.1018867407447956,-1.0904618004797781,No
-0.8737416366187011,2.266132673027418,1.3846074161004276,-1.296790743052128,0.37546969610503766,0.21773351898206977,-1.5602124260172852,0.10889637816521143,0.22096617164008206,0.8780010721850154,0.4049172433378089,-1.9432364276766112,-3.0926767767782906,-0.20121346995219236,No
0.9932928866987708,0.6916811686999872,-1.1994710734431142,0.3078337190219338,-0.4114663325238463,-0.05809899209317937,0.2388539462642071,1.0770377092595302,1.1076825748441745,0.28141979918575116,-0.20498961897863752,-0.09916999423235548,-0.2720442346429909,-1.385854825347783,No
-0.3558488842668185,-0.9644106514634583,-0.08455116744065279,0.4204121017406259,0.9743803728975499,1.3200178745393791,-1.3118099674403731,-1.0427833395967574,-0.017131507998521898,-1.2266509720013758,-1.5070600750836995,-2.7150492954584444,-0.6727445113816021,-0.3801001840147549,No
5.1741179003365465,0.1477957643829919,-0.8364736393474413,1.141924240283484,0.3074503093713105,-0.40688392768269127,0.47516097058738826,-1.6704093362638102,-0.03398304082659229,-1.2771655595312548,0.4771845978803258,-0.07731217045334762,-0.8970046898115062,0.48195608853580535,No
-0.06019643920746516,0.5759006090647407,3.036026856308091,-0.4477994539501236,2.4147348961290276,0.14200084243320166,1.2181695663133902,0.04899757676920471,1.3120850877694186,0.5328332912018943,-2.531637736523742,-0.781347022305757,-0.6323056121833419,-1.0355302542149913,No
-0.2729951580842656,0.6030839109042517,-0.9524358494959102,0.06647410041064726,0.7613949214429615,-1.3697498159197652,-0.6305769329652331,1.5939415856922128,-0.0062047752304175904,-1.0044304254920748,0.457279938780396,-0.21293492297490055,1.9520789079533158,0.4406987535606663,No
-2.4081706828065723,0.4569498269575357,-1.0483274950594734,0.6509746066978345,-0.9383398206882794,0.1567848070950843,0.4696624875467871,-1.1488047309622984,0.702859284518604,1.2815707240671517,-0.8303821829350295,-0.14542648188145293,-1.2154458296311657,-0.16938557187963846,No
-1.8137143699088445,-1.029323765739395,-0.5488446080255946,0.4040821890195866,0.049765889874011905,0.955151381906538,-1.4522054253210754,-0.5080353023626185,1.5682248145476942,-0.7503757676401905,-1.271236180482866,-0.6749460442832568,-0.031865704675207066,-1.2745110416493242,Yes
-1.1032715875256012,0.11670625517220379,0.4005536931746383,-0.07482055087173071,0.468147207926878,0.31870925048562215,0.537334821005035,-0.5884894667742278,-0.5296947070632936,0.7577979155539046,0.7627009142835357,0.7217543950054363,-0.41229099644814277,-0.05835190241928006,No
-1.6609610667030155,0.07563439727771966,-1.620427704211059,0.1253067019335311,-0.5708745408851028,0.6844643113867747,0.9495712070114587,-0.5422988624687921,0.02013552232470446,0.17670181924183914,1.3933527177802327,-1.1597507758325798,-0.4302561333243705,0.3710178377821824,No
-2.145681889601438,0.19622939963103686,-1.1042327907004852,-0.7484102715472629,2.0421087980972694,-0.6159963805829808,-0.017082817625477316,-1.237649442481301,0.28510351504370773,-0.20332032070908296,-0.8143826706620979,-1.2098088141587229,0.49905095733768334,0.4999785376526438,Yes
-1.0839300109180163,-1.9599916656440712,-0.16078670710892526,-0.5246034831727022,1.1431557490524595,-1.8363918332958133,1.0179956501196752,1.7223010897322337,0.17028864257639578,1.3113147718475524,1.783658143191377,0.561489400661299,-0.29668025602528253,-0.7449634192722983,No
0.524841211058875,0.08337081271456231,-1.3000424815173917,1.7234802559091094,1.0160382282458618,0.3510354944606637,0.42133588580845177,0.17507528373886583,-0.6083802389969661,-1.8857732241214507,-1.919335831536488,0.09984613715275537,-0.7600470049357501,1.4070135435793107,No
-1.826452811205467,-0.09255215246846973,-0.775434691877203,2.72169012348593,0.8277897226364502,1.3036420137312321,1.2753673591258141,0.5410173221617025,1.4602438759988137,0.5500555241745272,0.2998313601025442,1.2089274630604396,-0.9205235382805342,-1.9953101763429555,No
0.6061654951083889,-0.6647471540525381,-0.14476192393656315,0.2983545196302677,-1.0016439383851201,-0.6758645735199931,-0.36402913375885554,1.2955983813362353,1.0627189338393543,-1.569603638920706,0.7103771210730423,-1.2405037695537435,-0.025557573631320274,-0.04633258406303639,No
-0.5300402148856947,-1.5426926671679317,-0.0005006227272770736,0.5879763242251369,-0.3296993352874959,0.09042609523562173,-0.1716638328269749,1.1559590370895008,1.5416590605325606,0.7645378630951474,-0.8017053329163654,0.9609086745585863,0.18444808080372488,0.9616137334223835,No
-1.1129407776603875,0.534218997037292,2.8136282502906576,0.8835729799443109,0.8983186979579837,-1.5154613275852091,-0.8189903739099056,-1.9682569646514414,-0.6038625195498935,-0.6781346242025181,0.15149552188810275,-0.3202527191383253,-1.9539927649371966,0.325492101578264,Yes
-1.336548146714901,-0.3609352670221455,-0.45796457084207964,0.38089303361025056,1.3291442360743193,0.31251744454483077,0.6318029352146122,-0.1917069334672143,-0.5014562143211718,-1.570366078639251,0.49675350846761746,-1.0929588751803194,0.19979268220650545,-0.8530645759090364,No
-1.0590504120094453,-1.3938643523199026,0.4309673669802328,2.255720927248023,0.9596696196821732,2.1978173879551326,0.15857160902166648,-0.540430750252263,-0.5784620410356026,0.9295813550508617,-0.4462288671768689,1.382810733950697,-0.2085619851037479,0.21041524092342923,Yes
-2.857270772482443,-0.5025060088490556,-0.7752987495466602,0.9272719151221629,1.3440726825984386,-1.0023880810396233,0.22507742803774622,0.794318258400787,0.31761725840575417,-1.2849130624100227,-1.158233274601282,-0.5748523772034344,0.021232106286916134,-0.28812654137036403,No
-0.6160756406312873,0.015325191818719637,-0.37130080802249477,1.0317865253456804,0.4055411351310123,-0.392661834716576,-0.2874814652267134,0.12322537043126157,0.6904702340255954,1.153799378324136,0.6882848190323462,0.05006913756438397,-1.986805527734621,-0.17007811654570554,No
-0.4158082868438287,0.3573789236982599,-0.9987347019727137,0.9087415084102912,0.6120066652699275,-0.5658225965436279,0.25881339227640776,-0.3806246833159717,0.6761643517888716,-0.35706156496590624,1.1968559803661523,0.6982513851759702,0.7332544686889377,0.8521425557037254,No
-1.0956758535286653,-1.071516275702106,0.8679353577908301,-0.6509915454070201,1.7746733005973958,1.3171585105214054,-1.0799867654157902,-0.697237562251133,-0.6934352780702556,1.0233508240727047,-1.2184959613949056,-0.53770082365192,0.9578795714211925,-0.023137907293175795,No
-1.9915677213832799,-1.7051736562214899,1.1266888269503708,-0.2151502004130256,0.9506758712765945,0.10732422145598793,-0.07673662372909097,0.5549193963467934,0.5024157520455984,1.3444859037575216,-0.0023152069874429705,-2.248458135994875,0.19846767131666704,0.15904089694245208,Yes
-1.1262199322502913,1.190401592587824,2.8974429484743047,2.4036336705168186,0.458882394271816,0.9931013412743368,1.8561983407537288,0.21281127785298584,-0.1646218073244461,0.3016105278584478,1.2829140635441725,-2.158975529883965,-0.335283666292942,-0.6232091189998634,No
2.5587928861144644,-4.511921038992225,2.422543825608068,0.515873069544432,2.6121361539231964,0.9284734991499834,0.758717946540262,0.6913336683743388,-0.3734584560478281,-0.9668164967199488,-1.1507434448575193,-0.13619499592084416,-0.987676265418371,-1.0316523311712087,No
0.2681483880893679,-0.01813881884533458,-0.6231036554145823,2.0274671092368743,-0.6105462803956154,-0.36026795454165933,0.01893808447313758,1.2633532945611339,0.6805189688831105,-1.0247642951028144,-0.3762624624990994,-1.3196638141017898,-0.3853066854802615,-1.6190287148740368,No
-1.3118772695258611,1.6110199546643684,1.9138794439201443,2.5070597907192123,1.5108087673637796,-0.773711712079191,-0.2890260026035391,0.8104149441848933,0.17736414904211562,-0.3996603330243626,0.25318326566287774,0.6063964543577144,0.5803657700755921,-0.754540971163498,No
1.3262781434604236,1.0280655467693718,-1.5429627906986958,1.2966016212417772,-0.41583899373065003,0.425620309435841,0.32067433139185925,1.6579200931970772,-0.10662500188153291,-0.018518819753789037,0.13356226451226447,0.05197922649407187,0.41854793587346073,0.30543016357674513,No
1.7569261353836847,-0.9641177142876666,4.09342983966196,0.5729718381032386,0.8713603121067105,0.9905595133629858,0.29020814183597454,-0.889892271002509,-0.3594820468467999,0.4568263100619357,-0.15960025578467424,-0.8139933715726986,0.02206837614083167,-2.3905942023905515,No
0.027304290184930233,0.782011460626135,-1.6008710039929983,0.926965357817383,0.6574171856375994,-0.4094972897602184,1.8345464585068965,-1.584856692051395,0.29561931126606245,0.33023601164741007,0.8081464087243084,0.38022076635410107,-0.19717434539042777,-0.671426489618717,No
-1.20045448797554,-0.8618754689430748,-0.47655000676504317,-2.486867458003953,3.014683019458615,1.7202934993550443,-0.27306041313805557,0.16981684406618203,0.6398014301446392,-0.7371665944729952,0.028995245161191674,-0.16997462911082195,0.6342082198936346,-0.04405304812584124,No
-3.1407613317241334,0.41920904787330265,-1.3607944039661908,-0.795442103373891,1.085482911540065,-0.32944691232180556,0.6152439628000737,-0.8317441203958252,0.4378928758653619,-0.6086796268320516,-0.013858566310041103,-0.03020152422460747,-2.7572537944670437,0.7017362117681109,Yes
-1.3342995979494976,-0.05647159332153591,-1.3728437251852645,-0.7149532930086481,1.0923227418872863,1.488756739577871,0.3242806768551961,1.2311964384750058,0.3330577216795035,-0.44763783728857504,0.01568529452788869,-0.4549673885067541,-0.05347078650605068,0.45055750548374096,No
-3.269263441413828,0.4776194977801203,-0.6124054727289242,-0.057429103681939146,0.6328349979757435,-0.9791056651711181,1.6573846201588915,1.1391719377628642,-2.405047022961389,-0.657245133184374,1.1738780103110515,-0.6257633668012748,-0.6728838211024153,1.181955846660892,Yes
0.9411517124271709,1.190572308703618,-1.2113754405836619,2.5304020754999446,1.8902609200353895,1.3957325093280408,-0.6797750085647375,-2.05288237377385,-0.35452602953167967,1.6903172599069685,-1.1524190590881955,0.20892738046073897,0.5579843521934992,0.02173611752064901,No
0.7474810762485455,-2.290142919741266,0.32667137987842726,-0.8584758440078394,0.2899328822343068,-0.47767715576327097,-0.14649100213688496,-0.8611651931000803,-0.5167212462512155,0.5696863759776265,0.6714957836570776,0.7834636052962605,-0.5605070590779314,-0.20650462917442486,No
-1.2562804047194416,0.09591346294639488,-0.5675427063397039,0.6565531956591545,1.6755533866389083,1.3416749922910811,0.5494938905735258,-0.5072654982633333,0.3431151761581475,-0.6930030165165907,-1.225469461385321,0.04030835803089684,-1.2511035772669954,0.19805231235234722,No
2.29391214380474,-3.016144901572484,2.2993051031986673,-0.758431622726473,0.8733099887537478,0.9427156586023752,0.8906794347269844,0.044172361531842584,0.8420787820507216,0.7760599976185594,0.5590226189186159,0.13240878185595187,-1.1538277102740335,-0.38122233275917994,No
1.9685614390637214,-1.012896577801464,-0.30949902388895095,1.2809826692340358,0.08074441182555753,-1.1381447128660525,-1.3490616660064108,2.5690718876828145,-0.5972571467178341,-0.9370997954467085,-0.1618174648512874,0.10901095773431113,0.9457253458745463,-0.20230039008957273,No
-1.195868131270171,-0.3666342245825591,-0.9827564760660745,2.3032926059098378,0.27910538567317544,0.2627933284546009,0.3027028102695931,0.5195690228154585,-0.38254359873543814,-1.0754242880149103,-0.5367982087866623,-0.4566630236385112,-0.7597621947043709,-2.7514054608360055,Yes
0.2890370604170161,-0.3039494486132855,-0.8109381784933002,0.6553583678642315,-0.3345093021474329,-0.3321824346710064,0.3473779516655376,0.20919987594022532,-1.3748112452656644,-1.306799241247431,1.03335380723435,-0.8132083962232985,-0.3189854112012195,0.32747512030080594,No
0.9178610931839373,1.3607071538924211,-0.7891218825735731,0.7569525384404394,0.43726004784834044,-0.7819683957359116,-1.9913819180443342,-0.27208605029631316,-0.04675258304737521,1.7044196609424178,-0.34416760923541717,-0.3009979636333467,-0.5960556364179407,-0.171326189848531,Yes
0.6746837770560279,0.6489194397387277,-0.10519638034040389,2.98353594827403,-0.2468132433068982,-1.2407564216012101,-0.4109139991681619,1.5997963643898179,1.9223965667422107,-1.3191827609962503,0.15692655116546628,0.5099697402327751,-0.12742008904939892,0.13820112603255302,No
-1.918309808839838,0.01797092660490882,-1.6613262471608097,0.538618288939081,0.09531882930546087,0.20653530022092287,3.143374082763461,0.7559015796596705,-0.02578270189228455,1.3578099354632123,0.36150960538704274,-0.004866627660021773,0.11084499115597811,0.18908800102474668,No
0.1859297993279987,0.4584773690745205,3.099591586307812,-0.6122548666710443,-0.1616613888046639,0.028522230367921415,0.7277791663070868,0.9438169227043215,-0.7380606380973568,-0.5673101672811656,-0.22363930092377698,-0.22026178407217956,-1.7936060588160654,0.5741403086717859,No
-0.6219919525052443,-1.6790678545069533,1.0411352714965791,0.7687455459985375,1.470974203520024,-0.7873555656095335,-1.3190293307035863,-0.1053649073833502,-2.2032759806383506,0.17465999015945077,-0.6021542119710726,-0.455190415751751,0.7373807516855153,0.649230453572311,No
-1.5192193367481197,-0.5902248646592609,0.1799362802702823,0.9180070765199858,0.903054854405254,-1.5204537000331082,0.477014895574405,0.7882763377149037,-2.0224520120359166,-0.8736551484272321,1.6830327761586796,-1.1036324111859135,0.38701462069215464,-1.658474514884293,No
-1.3993407782366267,-1.5287140609689647,1.4949233268565658,3.1885810958413843,-1.0071814236393946,-0.29639987339510937,0.13284647988160883,0.27542887042892017,-0.5813618610195943,-0.8091559558646064,0.07143373076444835,-0.31831607733551853,-1.435918651735521,-0.18037079329994976,No
0.3375014682276645,0.18396426920192077,-0.926218734320884,0.18622786898933769,0.3820312555813857,0.5392485901826648,1.83437596227008,0.3504458602238021,-2.138623254579763,0.8066384258341945,1.552122183349737,0.39689682827197886,0.7523586485356885,-0.8835921046376037,No
0.7483977840576416,0.22045548759533268,-1.0617527680945384,3.2490963285563264,-1.2306926410835097,-0.3574350232913871,1.8173300014752842,0.5254844029123205,-0.3302979853092585,0.0890820767881352,-0.9059612261890876,-0.5166889579749345,0.6763022428201337,-1.4651369534926106,No
-0.3682465985161754,-0.4363412733944842,0.13132781756016135,2.098575615720934,0.8081861399450364,-1.2482627436450593,-0.10457968777895188,0.11239499302367598,0.7545004481831549,-1.1096310920087475,0.4011381224479572,-1.3128020174037163,-0.6462952238979564,-0.5548750085742247,Yes
-0.043168506467850545,0.2727309059270507,-0.836745712089143,1.1665763137741127,0.6816828420998456,-0.31577145903434983,-0.3183041954155335,-0.7611445109269571,1.0709050564342408,-1.743649764360385,2.0324653848834275,-1.994664549405837,-1.048316686144575,0.6986257904367663,Yes
-1.2447641086668748,-0.23289425775721226,0.33334509532922624,0.556180748079897,0.7591094349964697,0.0841146290541949,0.5254959373893425,0.4058509818845582,-1.567037668483104,2.4155121397213963,1.1744253616856433,-1.1020331081463484,0.051913558533384994,-0.24790680248833033,No
-1.4719157887032972,-1.028204508294203,-0.10133481826116565,0.015491340016712577,0.7844408171880233,-0.3784543401350635,-1.5047830530113468,-1.6715685201652264,0.14543819656012144,0.11224055472333186,1.4108888663641685,0.10578386982089265,-0.12049292707068267,-0.87769611189434,No
-0.7152602909543938,-1.357835228278212,-0.1418568719916307,1.4852773896478175,0.3368065477967538,0.10255969367385832,-0.501522209488725,-1.607052019528457,-0.37893821340077394,-1.9536749587472628,2.4053280392206187,0.5780685426484572,-1.0955676967686674,-0.4184351116111351,No
4.154630672051214,1.284833846590392,-2.120826029202699,-0.5012202427256824,0.9808162069618107,-0.8443059301060961,0.18646605757762183,1.7651496654218573,-1.636779837838234,0.6521212009394247,-0.13682354398987107,0.949303349614308,-0.06104670826055371,-1.4424600034707609,No
0.18855459312853334,-1.2524611923032378,0.4313917866772417,0.8161480127518536,-0.2533476913352282,0.17560940621510637,1.1309664928035108,-1.147343674574324,0.5284677484169138,-0.21923272304670477,-0.27603421205436907,0.24988969178176726,-0.9090574343952964,1.2878502839212762,No
-1.9859952950502349,0.2872323211867309,-1.7728669173252614,0.5276688782331339,0.33505225483732426,-0.473007230178992,-0.4666790001726641,0.8950011449049575,-0.2913758210894798,-0.09654100094081793,-0.1858288387764437,-0.6704739891731486,-1.3818102925985107,1.4155855644269641,Yes
1.2460054911249565,1.881190478366907,2.160450189706812,0.6131325157599996,1.2887347657730703,-1.6086126385944823,-0.7555059667801858,1.7263651846650059,0.36252875849079685,1.1014281850072987,-1.052196875669266,-0.5042695122017273,-1.6592640210529601,-0.2356773201935589,Yes
-0.4161924011361111,-0.7908369246755707,0.518119219468107,-0.22390089646566289,-0.5925977766452691,0.5484868573734991,1.0921114839785084,0.7280975796794851,0.8600528320206348,0.6856442829176602,0.2939240561807711,-0.4973548761078863,-0.6403196816437939,-0.4971713610075104,No
0.7726810814896189,2.8944500824704598,1.0885116643468569,1.5853027798785735,0.33472498564368947,-0.24856806944801627,1.1420069160558801,0.8947711784978918,-1.8551063190803685,1.0331064753240458,1.5609597671991275,0.6824853346160652,-0.45029074168273603,-1.4936502622888181,No
6.488968277520305,1.5695854099387356,2.4946350473662466,0.1350246428401349,0.44889966237582973,-1.073771346490773,-1.7603643760721879,-0.20612856558875156,0.6920654655719,-0.9858407396472745,0.6014832930304256,-0.21943973920460386,-0.6952132098140453,-2.174267342889425,No
-1.4239454646184606,0.678351701874805,-0.48856492029708143,1.4082253502921271,2.5425531079354724,-0.0653341731740992,-0.35600212809432635,-1.3545660186368564,0.47347592579936504,1.2344455741785894,-2.5144668507064796,-0.038550804209195114,0.8303208786788907,0.6316335288946109,No
5.130585677203846,-0.2475101085316488,-1.0086192600418828,1.0082778920675122,0.9505641817799998,-0.6642237458519568,0.7231890912360828,0.9065260948452101,-0.4862343505071469,-0.8170986413354139,-0.002748138886035584,-1.0497972814933447,1.8403895449929175,-0.7467165029658367,No
0.8021052825901177,0.059096066091885335,-1.1743857305233176,1.2247566773104486,0.9398503916422716,-0.4045323861983855,0.24143827100857468,-0.171318729528911,0.4617209085645922,-0.32751024802792034,0.37316764936435626,-0.373647046572986,-0.8172230495615699,0.9362979459436981,No
0.6017135481669256,-1.2682244724610485,0.5330205710516451,0.7923430313681433,0.7703180563054065,1.130283715243654,-0.8846172335457161,-0.05797338870811398,1.4647249916827678,-0.2025034308900128,1.0592578068900553,-0.15801718600823372,-0.09626141954311997,-1.1716007559103119,No
-0.29553356935385866,-1.060429690906325,0.04140134158626519,1.8227728274467825,-0.09971067929551486,-0.7026535806036694,1.3286138082647194,-0.28570292595214325,-0.3136704096873257,0.4357095485626255,-0.37481466040773087,-0.5413223875479252,-0.7433604298813533,0.3030270508173221,No
-2.1348120415333334,2.441479554212289,2.311834671526342,0.821385016077465,0.3225674294338831,-0.920306814911363,1.0848552514109648,1.2796256798561767,0.16376411985468875,-0.8812211251008886,0.6086204674603917,-0.19288883631887,-0.288755890656018,0.2629635640055226,No
-0.34517219355998935,1.231594421143628,2.5236487048973637,0.9523551496451075,1.3586850196313887,2.318483545556725,1.9364132541317405,-1.7514552790594204,0.6450798658512411,-0.6919659656919317,-0.613680110686978,-1.2616174429308917,0.7236804535300199,-0.7090145335283604,No
-1.4478938157920624,0.24300847220113347,-1.1539771784054467,-0.34613327125714416,1.2676326000145584,1.1586351701253725,0.6651423299302905,-0.6568295912048021,0.8955413108889715,0.41675743583776814,0.9507683147036973,0.459697687130995,-1.1201632735724312,0.9883266860684528,No
1.942626771266019,-2.572854755138184,1.5415529879618062,0.7786915962255767,0.73072711369501,0.4462166518639498,0.06551907905254367,-1.257814375835858,-1.442169596054976,0.591535404639655,0.7712423570984384,1.3250918311177724,0.14062046041522366,1.2937161255168803,No
-3.439229091165365,0.4101336356173953,-0.5493206484352796,0.01696726581670181,-1.0653169161318339,1.2714292405172083,-0.1889225399229121,-1.0505583492513917,-0.08433875414979411,-0.3664846618939901,1.8763579468712286,-1.8579534287688235,-1.0352650690894314,1.404775001436737,No
-2.5831594170354006,-0.3506025851847074,-0.06778196098965698,1.8091453723492017,1.536651165664604,-2.0639509948600674,-0.8584224854830333,0.6964375790743901,0.03691692131337309,0.876547612555126,2.151780060658586,0.17544896109360134,0.033070367300958865,0.822647311559989,Yes
-2.146331637922729,-0.2139528089280531,-0.2564078820900272,2.0152965879618145,0.990195396922088,-0.6094340023476889,0.9694011871630632,-0.672012917427522,0.3260229115283777,0.7561513624932938,-1.802128449656566,-2.0806988226871854,-0.9938242326821024,-0.7682945831036785,Yes
0.9954738320509896,1.9627326582931195,2.122546079510352,1.2119009063913924,1.632285323873881,-0.09969312781843963,0.9942144325152705,1.214887900917457,1.318551352787931,0.9133940094918894,0.45147696803293114,0.8967034905176265,0.7318827466472304,-1.0996217901047203,No
-1.0702931857046991,0.11594678075069989,3.284058694947324,0.3125587932648696,1.2734595631296228,-1.359595237958891,-0.2638615818709987,1.227455036005976,0.8681972076858504,0.022752318519383762,0.5205979798918249,-0.17756039582447702,-0.2525617195129712,-1.2661346817470578,No
0.8169428868737387,2.3002527625946816,1.4341412926422263,1.2441992636415595,-0.2999470746857517,0.15265134972759503,1.8310922217067118,-0.3659232416728237,-0.771459596546825,1.0931530369250035,1.5415284087821994,0.3650468866340582,1.6716040016210025,-0.5626807027865266,No
-1.9776104568440975,0.4380163280547754,-1.202659399034817,-0.9648662764971839,-0.2399228654220389,1.219658500721111,-0.5204440594623374,0.9605879729998127,-0.2586573909640856,-0.4711160156654141,1.5472409234573217,-0.21393923375554688,-0.31578150330772253,-0.07447776592612756,No
0.20985610058980098,1.8535387100331562,-2.3522059030417246,-0.604335863736432,1.008682657594516,0.511703186325954,-0.25273530758774193,1.0114871995712114,0.7295884341339511,0.9968891133515454,-0.43800684617973834,0.28351030022218493,-1.89040314432129,1.1068801841649607,No
-1.928500638710941,-2.278049581522757,0.684991228648763,4.533281216568795e-05,0.720513336647755,-0.012197151517020985,-0.6000071864390347,1.8203372908417275,0.5633628442638411,1.0189928004135633,0.2841182999078658,1.2573939307713713,1.3629124765208231,0.46623975554693975,No
-0.6988503081002196,1.8045742200928083,2.39406938281666,1.4331184221812723,0.5216515944394958,0.9965628703353827,-0.8080803127568357,-0.263353586374151,2.5756050248814795,-0.14741844840247914,0.26863656640442896,-0.8299049552118822,-1.1355173840745698,-0.9554170066821334,No
-1.4536517377156613,-1.3787761862900287,-0.13082823244597383,0.8645652989821876,0.6062314839780285,-0.9815977365936241,-0.1752855992257727,-1.3542482714615525,1.9010120748933674,0.5321884912576649,-0.0013598821106346635,-0.20381559136741167,-0.6746544068166886,-0.17304453497402114,No
1.6125277323722196,-0.23854799614845315,-0.6610648998099513,-0.02463738118839148,0.47322815151041336,0.8530318020890624,0.2151548860068795,0.8279932707274107,-0.7492919711597702,-0.36461905382321913,1.3464497882327868,-0.421102498884446,-0.18832442806834554,-1.8048478289608303,No
-2.155529233425659,0.5908456695317389,-1.0200353407896963,-0.49348279774402903,1.0585325059564088,0.8397821967336725,0.22706470641740673,-0.11769423511405025,1.3902309578544163,0.02123331901507644,0.052833476875262755,0.6134328772459958,-1.583896016115178,-1.0997616736298015,No
-0.6272592092534441,-0.48361953358001925,0.5134975852022535,0.5133768425956643,1.8000916604847426,0.5866240550515626,-1.2973614845089732,1.5318160275508077,-2.2118286128916416,0.6796261730415546,-2.343717723791313,-2.0901326060730394,0.33714606659238733,-0.7463915999679639,No
-1.9856178853555733,-1.7169219999528462,0.18914229538618071,0.198752496783826,-0.09062531016720936,-0.5907187593382295,0.0641016759323187,1.2086881272657655,0.09711216833188238,0.1770117588727095,0.4215478859586788,-0.5228312521292708,0.0084208133650639,0.10239959943374885,No
-0.7114972656434086,-1.982805010104321,0.1586368154248781,0.0128125444773222,1.841975624983281,-0.8374014619628399,-0.6680380863473273,-0.5017474603036154,-0.030091563875895032,-1.1482170668555158,0.9709969576928762,-0.6826794279592632,1.3025418084362532,-0.9045675501148829,Yes
4.492231647059944,-0.08283680634662571,-1.2063575365287078,1.0717364588119012,-0.8613045498754668,-0.9635326622508749,2.266039942231463,0.15223874451193534,-0.5351707425175087,0.4069397834622185,1.5637142422792696,-0.44154567678618273,-1.5129918573416394,0.9321557406209411,No
0.22474046735834116,3.856565295286069,0.536849186744483,-0.427812585978894,0.7154389522001631,0.062054487010091135,0.5489476701785881,-0.041158145081199846,-0.9819639890289134,1.4549416654981302,-0.4393618948505197,-2.348266761519838,-1.5432998060787135,0.5403157291860731,No
-2.958158531241918,-0.5067159840390876,-1.3431406857705794,-0.7744640312093006,1.5867463424516666,-1.3442783375821044,-0.11518814967492091,0.7136309497451516,-1.0530680259926082,-0.7735105863432716,-0.7754641736283764,-0.7929984264187488,-0.7726980807024607,-0.8203562521283815,No
5.387920816615157,-0.8002257651474025,-0.24925539855307827,-0.21466477702801248,0.6739690507865537,-0.837483890907332,-0.3078119941366242,-0.9318037882527705,-0.8513112947299137,-0.07973288643211489,-0.5208255062989734,0.28579650083208186,0.6491819676501999,-0.5734092105722692,No
6.203597667137085,-0.7929766524126592,-0.671263147407736,-0.003920732180804292,0.5265604323625315,-0.7690436312823381,0.10474120171678933,1.1432410669627056,-0.9149539777628857,-0.7633715497178231,-0.6204098508573311,-1.0707398923149332,0.3824955269280571,0.5411295850696867,No
-2.9241029640169143,2.533098722095487,2.290138167582047,-0.27426656437771973,1.5364664253827778,1.0088084638777164,-1.5330319219886703,-0.19888312957758028,-0.5268955544267867,-0.012028507627802184,0.1355487962103112,-1.073898873009724,-0.6441640176132551,0.16308098308988922,Yes
1.2634264064013256,1.0361865119333868,2.7428911201753143,1.956377768745,0.11950201913766262,0.7548050467155275,0.4387518751265946,1.875242754236776,0.14284471062861145,0.14051329027954323,-0.4192885744522458,-0.3427966477558403,-0.4796489514893431,-0.6321402277053275,Yes
-0.5111113136454394,1.3355610217142424,-0.664367631667319,0.8101772755668117,0.7288765910303413,-0.4940492843820361,-1.7280153418047426,1.4625084509510928,-0.918044027965195,-0.9360245209137348,0.12093398269058567,-1.5794742921523577,0.9840997673635229,-0.05547306934589998,No
-0.9053082033301886,-1.4427912424033646,0.5799651516381433,1.894027810591189,0.43393279572947563,2.2799553066050753,-0.19400306276965099,1.2963489341570984,2.237626998053729,1.361454279639621,-0.7208551245242608,-0.9405252425825188,-0.8036899687395498,-0.187688559918525,No
-0.13398480830533027,-0.05375317727602995,3.4673700003823704,1.4474933403465942,0.8183980620202069,-0.03196892654996039,1.4099354091658076,-0.3112646101396121,1.58040740028242,0.2408299194023555,-1.3411496404550076,0.6517071431440699,1.3520480420941183,-0.7287577235031348,No
-2.869655521819213,0.19008332991149307,0.1806645790724246,1.1516018415135187,-0.5865582444217508,-0.8095077081460276,1.4576500442309401,0.1096191772001092,0.06989175775104392,-0.03651653008001493,-0.3090059358566359,-0.5111899659004683,-0.7798706977649403,0.0771376135589914,No
-2.9822751230595563,-0.44721153657305895,-0.6473176416726342,0.5894875206984947,-0.22715410299077365,0.3702600269982536,-0.33917574117160654,-1.03705124388815,-0.621025610789592,0.054752582849446695,0.9485064280086342,0.10602970494503844,0.10973532365652046,-0.3978703447768742,Yes
-3.2708035626927057,2.429781473805679,1.8848111499866653,-0.5154268574135934,2.4049398884736606,-0.35603934742930765,-0.9337236233589042,1.1414306563245096,-0.759621844682872,-1.4964223468120337,0.7101768540756431,1.5458909500978801,-0.9775551734351496,-0.33071745828045884,Yes
0.6155988695451885,0.6731895605385645,-1.2355959123073255,1.299961874291813,0.695902466121969,1.5174656957983443,1.5272079189667576,-0.7324335705052732,0.6241404597307201,-0.050777304746622405,-0.062084234171015266,-0.242866246161657,0.6637393663276032,1.5600206850584382,No
-0.3410437655590854,0.11718720216293593,-1.3364513607325843,1.7668408598836998,1.7096198679123633,0.5589635283786453,-1.0464161912069871,-0.8537035806649607,-0.4718207049638034,0.36447864967751803,-0.2159990013857621,1.4619809323796191,-0.36327980335959936,0.0823040972660235,No
-0.31941509953011493,-1.3344558088434544,-0.01988595813749487,0.4495244960278357,0.010376929998322815,1.8218269255814725,0.7051138631507858,1.8179815895806355,-0.9959477297567186,1.388510313576555,0.20070995757309246,0.1543552365558237,0.07543708520947763,-1.3902660101627513,No
-1.7281474782186574,-0.44740180129899093,-0.5455283476752486,0.3057546039620406,1.6627190994594876,-0.9506883146818083,-0.7901194322477771,1.0045634591358077,0.7789880494297141,-1.194513357340914,0.7663579912348234,0.3416397266376261,-0.33897885648222037,0.59719789654799,No
-0.29274426621516575,0.8077508101697034,2.8983542001608367,1.4964739058871894,0.9075346124181944,-1.2576903164820838,-0.0936154507451318,1.4769959286494914,1.0082116353470612,-0.7628019841043416,0.2571234284107051,-0.3365075541636436,-0.060566781304597785,-0.039946414955706985,No
-1.5168071360653634,-0.5674385522014191,-1.1857265966194617,-1.4173439716183087,2.3435164628413854,-0.8228884233452486,-1.9306342806294086,0.6685122387031975,-0.3813581171780596,0.34322620421281336,-0.11319966045331925,-0.7799483609427497,-0.8485039838966836,-0.04364433843657106,No
0.9238087710888945,0.5718153341765823,-1.153134518344182,1.295972637259702,0.6545562344904237,1.021927089653275,-2.0537632237571297,-0.5052397661652415,-1.9918327955831276,1.162024826724949,-0.8265288426445269,-0.894893681219621,0.24316500627013737,-1.7284801963651162,No
-0.535191502917643,2.3300888811784484,1.6581309069693886,-0.28480872114818473,-1.0963507299789217,0.15240026031635978,0.5505167271737426,-0.7389968659200956,-0.9060408250313569,-1.31680146406775,-0.9324296429112809,-0.760735308440607,-0.797703157708328,-1.005031271757355,No
5.12413736712612,0.20553197331084322,-1.5214925023789678,2.2271174529835607,0.9064175711799254,-0.41448030872505975,1.117171385131158,-0.6987201433700506,-0.7869031295087467,-1.4719269389629888,0.6583910893886394,1.5182424192904873,0.9247906338310999,0.444971570433588,No
-2.9123387456112613,-0.16004580739605348,-0.9206818753597384,0.2836732022956461,0.953225327967847,0.18672067625885774,0.3782399074959997,-1.071929641762107,-0.9071379574812538,-0.9313383283787734,-0.2701317040009999,-0.5364842207093006,-0.12324383940445388,-1.635542810370163,No
-0.2544787663621532,0.7893352114528333,-1.4593803357735762,0.5387966994822267,0.731241064832088,-0.31717352271462307,0.5029836335799741,-1.3265937887688468,-2.086960392259276,-0.3259931790309292,2.9029274321592404,1.4465231749049239,-0.5059010855985824,-0.9764889946840305,No
5.1073736783508465,0.03007698438699044,-1.312845807457243,0.7649289153901963,1.2292691013055206,1.073043280476055,-0.31655583537920895,-0.003195125514548263,1.022175737545475,1.0398289451421368,-0.45522839578128754,-0.4323392492441723,-2.035078539676464,0.25249614780056395,No
-0.8492564009477637,-1.2187779830089345,0.11273539469348506,1.64143811534167,0.7846531255262678,-2.361819707344924,1.725291817356317,-0.44505493915411765,0.23552877922906332,0.6836164241160834,1.630878515621849,-0.560717891426461,-1.2157330527469776,-0.8245110492910563,No
-1.7380746199756363,2.1542928882360926,2.3261900192876834,1.2588982801953537,2.1335444289811045,-0.17056548869824992,-0.5073017401499248,0.8707100546670054,0.31585293712474344,-1.0334618324772313,-1.2527747881819766,-1.1896362128559863,1.4504574331543247,1.0059839842200504,Yes
-1.459372566208836,-0.5036551171761485,0.3929278311967231,1.1588711281954116,-0.7706525007262716,-0.20532031883606397,-0.3290390938054861,-0.972325436175356,-1.631717589675088,1.57647007609098,-0.3930602767535864,-0.18395028254932302,-0.5347429659904525,0.47647363392741754,Yes
-0.7569706524534848,-0.19946810782954327,0.059315982343961085,0.25846195199933253,1.1913310317506958,1.3938938581863272,-2.242827731256942,-0.39216892617358845,-0.009313421571855622,-0.9654655726183977,-0.213972996059038,-2.0359588082749,-1.6081333904044963,-1.0422828860113198,No
-0.14532108561364823,0.9659049948453224,2.575931537986324,0.18011147689303286,1.9331170554365769,-0.8695652815884711,-0.551624823102867,0.8113332193876731,0.16870903619959052,0.33655760162947235,1.2594743935413781,-0.07257537131994268,-0.17414318237852297,-0.9549071145905048,No
2.67609196715999,-1.4677849678265724,0.18813412349750883,1.5382327218730567,0.7973172463769361,-0.6748151940398981,1.2692726709783162,1.7808536057029072,-0.13552932378721622,-0.8306931446372497,-0.3265824111378,0.6612355535942291,0.37918003152012514,1.011892580716703,No
-0.882992855817985,-0.7499938324667432,-0.9536135258358611,0.22416891792841867,-0.0529390421466543,0.36524479007313637,-0.5272373763927738,0.9175846159317583,-1.0538826128525782,0.6410742092033161,-0.30505507307096547,0.5047579511880403,-0.36445530694529854,-0.9593451095655781,No
-1.1673010513330937,-0.991219939881235,-0.5368074450269141,-1.4060455973852797,0.8834345139064894,0.9569133637912761,-0.15976348495832976,0.2492521720662644,-0.9180674074954746,-1.1901322747797023,0.053543099197414006,-0.6930199367937755,-0.712034335806141,-1.041528412797028,No
-1.7553093603329322,-1.387842791022111,-0.04783094495284659,1.5863785356979048,-0.19613342004395734,0.11640354015680658,-1.3051907411989732,-1.1260267901996432,1.3304250136744018,-0.849928736150171,0.6532538711905566,1.277541741822363,-1.0094411364319067,-1.4388277977988733,No
-0.32559319159052297,2.145407575276529,-1.4039201990759553,1.3408822746889186,-0.2990949951762362,1.2945427051958627,0.793757377568454,0.5365331237469203,1.242301624644219,0.10696797927552323,1.1708770032364604,1.1638912573546192,-0.7729778385541045,0.29319948053047956,No
-0.43384712005101644,-1.7120022011388367,0.09772741189019458,-0.09900608336880637,-0.039534413631423265,0.10193358858420232,0.8089407803644033,-0.23676146588853134,1.0644345815278828,0.20938849428019168,1.2096674794740312,0.08445694569586482,0.1271817838408106,0.7699837261233364,No
0.153040267197703,0.4514071055141082,-1.0401067409891342,0.4973201500176226,0.8427848818832332,0.18853079272514006,-0.9106183373811723,-1.874116637964,1.6461784456957143,-0.2133813107879809,1.1154857561627487,-0.07835689538371438,-1.085109392174477,0.1894379952357243,No
-0.24547813236549665,0.4715220014131893,-1.6111112761102948,-1.1915540725178921,1.088074492183751,1.1606492012538765,-0.015817646992066448,0.39554601928101385,0.4137208884948463,0.024124195544605535,-0.3179066805219001,0.1613917946168647,-0.34054868595377275,-0.8749185455228211,No
-2.944208159063457,0.060071291318791874,-0.23188686878741946,0.9397215627072397,0.22421381913182306,-1.6317434296195332,-1.014196229452266,0.6656904346379323,0.15400311535021918,1.0303405188352237,1.058439063975961,-0.807351443437645,-2.0424010933224976,1.6682254878472116,Yes
-0.7030951104592271,-0.671088664708355,1.4484345668483862,0.5020026448365418,0.4195415763858995,1.1928644158660509,-0.42146478073968746,-1.3060826727900368,1.4251825104617215,0.6618700068927219,-2.133735325258189,-1.6461569467480337,0.12005189983643075,1.7019367883397183,No
-1.7836684491896515,-0.24201973578617134,-1.328580497676069,1.0130934974682835,-0.7081982817928131,0.5020752653967059,0.8589138162888158,-0.3914126596841662,1.1544782716360407,-0.6182828968020928,1.030868233299958,-1.0568876734660329,-0.40232211125473216,0.6883250903232435,No
2.1221920022213987,1.50079227030954,-1.4815124213176192,0.7322525759434442,1.710732371452148,0.5262581282635082,-1.5554279110014635,-0.27798694000046764,-0.3501078443738933,0.9256742820637743,0.4778106588269744,0.2834476053287898,1.8951236239598817,0.52046343809442,No
-1.257558952801648,-1.4325793749605737,-0.45908021648825975,-0.21754100863750875,-0.21213803012892002,-0.09156133731255912,-1.9363495958628107,1.874132663826615,-0.9042076085281442,-0.47270353602204107,-0.605146173995676,0.893796274027137,-0.3262458729486599,0.19042878205241834,Yes
1.099826726705638,-0.696790022275939,0.8458477871829992,1.867771990807473,0.17771558416264707,-0.6627874400913654,1.5636479418755143,1.1260081644058593,1.326734871234779,0.9496426546055431,-0.2415899493956672,-0.9053134256968357,-0.11088894189443858,1.4275937623986723,No
-1.0469409486855588,-2.2703480350717657,1.5045574222656664,1.6311127014664726,1.1571691969349567,-0.31311286030798596,0.08215330592521385,1.4564248933469912,0.0009193275475306644,-0.33420173283205595,0.23036219503923933,-0.9778765451376644,1.926489304575896,1.027103252145519,No
0.42580806900602947,2.891567783945053,2.0961615604759563,1.4462768401194517,0.15763254063070717,-1.941606711491681,0.6348504561673912,-0.16067968577867386,-1.290974195907519,-0.24047709089819552,-0.07263691236789004,-0.4467343305732628,-0.8178162380714389,-0.48552769199287515,No
1.61632830657381,1.0794776342595467,-1.0872921039604762,0.35939723356288505,0.7183742406126842,0.4749689363543244,0.14318681046110743,1.697120460700979,0.07216579244716569,-0.4716162437584714,0.1559448255324184,-0.8499339486904888,0.87801384630468,0.6752123911288352,No
1.7993500351904734,-3.501955065997522,1.9060934406950598,0.3239147856391527,0.6702934011737003,1.544299879126041,-1.2357523725024249,0.015092593707824974,-0.43121617412719937,0.492905233369601,-0.04255382413737863,-0.6609974362102032,-2.021010467904241,-0.21329036374649912,No
-1.902664800003733,-0.13611843082039207,-0.5660775853874372,0.2791135401932495,1.0522531989734907,-0.09625516504984716,-0.1511398472469173,-1.4124514395242294,0.7394497269483596,-0.24438600505171526,1.19557126426482,1.9609729107858171,-1.9395253674331845,-0.1386842488664131,Yes
-1.2239404668900824,0.08159397007987021,0.5220655653330444,0.7935879570601871,-0.4021205180900368,0.503705764329496,-0.22070947472827135,1.1076486788139561,0.1310585370636725,1.2385059587120069,-1.782961456666076,1.233378988821059,-0.7943650232677706,-1.0142544049532294,No
3.0188315821460017,-1.9218005484186926,1.0034791233030438,-2.1336291403640053,0.07698637033616512,0.5888934872839299,0.9273860969354523,-0.11080921305678143,-1.1395300565858468,0.29819031381395256,0.2306945852883439,0.21987768803919366,-2.503096993051844,-0.1625423926763015,No
-1.175585959182489,-1.767024229272523,0.22282195256227072,1.7521737368686994,0.5740254943972474,0.7034553167312269,1.3367124447442238,-0.980275723332871,0.6133989005248827,1.7482095885255633,-0.2779742968736166,-0.6541503380825507,-0.9996716420993704,-0.7247798995097212,No
-2.8939661142337316,-0.2781943907289388,-0.6623174840725204,0.6967554988646304,1.307528221549615,0.8782084689573166,-0.877578614777367,-1.106648632209685,-0.7832977320637633,-0.26615403982840796,-0.31940834368688276,0.6308365397291189,0.39729322392632205,2.5129070345056044,Yes
-0.8565119971588849,-0.12572532390806918,-0.16810232290538374,1.9328791398024763,-0.0009269134396470704,-0.5618490123614466,-1.790440513116209,-0.9919926963199653,-0.5250128145907388,-0.5065146519334504,1.0523599234716776,-1.569692830414495,-0.6541231409959127,-0.10976167659285167,No
-1.7374140505203182,0.5365881176884338,-1.1363834572862164,0.6040045748740404,-0.6349953849636083,0.5327708605379341,-0.28208053694276336,-0.34180404370291995,0.7953463986392687,-0.12930163529010563,0.6446246455511186,-1.382247647052762,-1.2440968077380958,1.2523621481566694,No
-1.7716131321919395,0.13206266417721654,-1.3180510122238445,0.3073727835530711,0.36148725122251424,-1.3961438447718428,1.5381865808729605,1.4121143471826065,0.6133294770654135,0.046534396067532485,-0.667382276171032,-0.5716945303181163,-1.6081514082599149,0.5627385133188841,No
-1.589437422610419,2.0187723586173343,2.1614307579632936,1.7584303087847368,-0.5268785530050198,-0.6514948590056185,0.8553664744627888,-0.5658469694568761,0.542243204459117,0.06866441818040173,1.5694220782955504,0.9916042115093636,-0.5193408050771288,1.5568674011349135,No
1.0073006926044956,2.214653040390919,1.885929323615644,-0.5213847355653558,0.1717277759333587,1.6342365523989515,1.039765496864229,-1.938357122108464,0.9635510041713908,-0.7030623427881285,1.4102726327237878,0.4838455586157738,-1.5027673732444424,0.5813291959192718,No
0.2521027004671718,-0.09985484023718867,0.2746719432063735,0.05523491096446798,0.40615070668963726,1.4170653847806651,-1.3958311688492306,1.1511447716501144,0.41888570676681053,0.20660329110129974,1.4416028932955345,-0.4488429447203208,-0.19396095542974456,0.46208667736989495,No
-0.36504560925175467,1.127459386653959,-2.2937112740400565,0.7945342646089282,1.356658710554238,-2.4462628161151887,0.6694399521858162,-0.22853766865507855,-1.1054543424381686,-0.6591005946250762,2.315297130292832,-1.4588309658463836,0.44010465253695996,-1.2459064784874332,No
-1.3719451083113392,-0.0486292669159817,-1.2212533793543805,1.932503190893882,1.587382016727909,-0.4462776290581927,1.9449691562228253,-2.233173170455359,-0.6464538206006362,-1.4161174844943496,1.0404707962002542,-0.0615459372465734,-1.17761800697831,-0.2648732552071816,No
-0.9321267735011971,-0.5008367367213324,0.6444326423505289,0.11097548809754584,1.0490148031788182,1.6330276917658697,1.19408573480529,0.38651462906937517,0.31768333491672296,1.8101742646037695,1.9787172468243197,-0.8843890178915117,-0.0019511550988809568,1.2316637557017138,No
0.8573424021400321,3.436612778605089,0.6411584645190547,-0.6098727357261379,1.9138329236146283,-0.35193413010966634,2.4381082510176446,0.773626156707064,0.5462827513453785,-1.5085132982317262,0.4619834742739744,-2.4678750048455442,0.8002254102243868,1.6309895326302697,No
-2.0052576469643006,-0.5581700048381507,-0.47259310404029764,0.09580385264492684,0.6792223905728408,2.998657483653562,-1.1893717123438414,0.059744602523734446,0.6702688561172839,-0.3835542495042096,0.376342789580255,-0.5841602651636779,0.4273437179881938,1.060032561699448,Yes
-1.5625499650380055,-1.3578837700671849,0.5606360557715049,0.6675192881427906,0.6140946656418507,0.5287697600894787,1.0246715753876916,-1.4303562064973032,-0.09277969736863963,-2.466178191364396,0.6074350776801642,-0.4205206770264939,0.33522505724100915,1.5128097199105985,No
0.6001066279414168,0.06308459096648232,-1.5897871708468545,0.061378541070903465,-0.5660743055240388,0.11459791578674937,-0.3356375518904052,0.3569897843812105,1.2289337088104448,0.8366905599513872,0.6191356722983774,0.07460055532914724,0.16125332458799188,0.35255453008843557,No
-0.5095339216452154,1.0255680298162078,-1.550920775945747,-0.1415071503704553,0.822548379397063,1.4898848725631217,1.372517840627294,0.32346148265166336,1.129122443946313,0.21845558233819143,1.342959342264422,-0.148375187767308,-0.9011327117095106,1.5230397370810236,No
-1.3316440835330057,0.21326584001797416,4.055357273604834,-0.46971430068071235,0.5187129715802192,1.1446837028434245,-0.04917394716623988,0.8503788997260698,2.031960958705788,-0.7639081767914322,-0.4921018883932077,-0.0047647040520408645,0.38117268653426317,0.7982272640495153,No
0.3051410286201392,0.30230086680516155,-1.529839716672011,0.8584730721448792,0.7547573683074681,0.1813814015815013,-0.8717372056238513,-1.477179591406339,-0.6545966742494664,2.3668759334553457,1.1372437231909232,0.18085839610825366,0.22673155107973156,1.1385176704942868,Yes
0.6958662146088774,-2.435690910076905,1.2785201588719657,2.1540253350455227,-0.06670276042969984,-0.09036956216644004,-0.7867005970134726,-1.5899760116907091,-0.021225699683234248,-0.7322483791132905,0.2181722841241275,-0.758342415330066,-0.9503166087566793,2.334843232798858,Yes
-0.40549840014819877,-1.1355053732489782,-0.5240799283259013,0.9575701874646781,1.4840654994831268,0.4016962169080418,0.8863976272739739,-1.2664061058249496,-1.725076211381295,1.08382946846018,1.8005729766375593,-1.1760476884673863,-0.5908245490843921,-1.9930491371512127,No
0.35668563062402353,2.6568894194603208,1.1068578230016604,0.5142695921217475,0.3060360795369842,1.682555868666052,0.10820486110240542,2.7002324861171876,0.3229439572981219,0.33152231835576457,0.06482865145281407,-0.25149335928728717,-0.9337005302149483,-0.9197033890916663,No
1.3888375218968505,0.7326689476541869,-0.33549857145802464,0.37418291345882154,0.9579500728947187,0.7532653694409347,-0.7539014919135977,-1.0471610715800095,0.9426507953078954,0.5290745954150277,0.22186130980683055,1.0589633216038101,-1.2715545179777252,0.17826951483712072,No
-1.3946551296153418,-0.6267263649476891,-1.0618171604437456,1.8532478130021077,-0.15773588667753563,0.33463450167890146,0.9897203018944497,1.2014428001993065,1.1291545957368876,-1.2177551183278736,-0.07859136184096098,0.34765919555243596,0.23643880671614642,0.6829725460245719,No
4.469996160456752,-1.996350520416038,2.0657097918338114,1.725898043446736,2.207823287255676,0.35853862161046746,-2.688269182704965,0.11848598796307859,-0.045925276137069745,0.36349073562674894,0.483875828029481,2.237242692896228,-1.7241269395059509,0.5657769746972464,No
-3.0108175354128974,-0.29270233115974137,-1.225244691910808,-0.603282922321043,1.376676821659932,2.667668838377119,1.509731190611003,1.8203834341345986,-1.0583527087670292,0.1265740316033847,-1.3289232822722004,-1.4755388703306127,0.4062639148116224,-1.416068703616245,No
4.33835655909835,0.6077484702479911,-1.6640951720380468,1.2081822536483815,2.7944937485233456,-1.0873786307508924,-0.9668755105021583,-1.0902864105366832,-0.48756603145939004,-0.41266033549497505,1.2269426749965766,1.1268235317611048,0.03937926863621107,0.7394601857474686,No
1.9685061088033462,0.7567797647635137,-1.7779345815489256,-0.8537413564823509,1.443092116367533,-0.24700717351618956,-1.9498968950698286,0.48727550100435113,0.47095700726350176,0.820686105455846,-0.5523616772149501,-1.5285439299824541,-1.0708444488758524,0.35315455723661754,No
1.6902063829418117,1.8591897402397048,1.6654094987960895,-0.45506160919836197,1.7619683676137572,-0.26681881034806804,-0.5769448232232087,1.4333171735069583,0.49759809930580806,1.179997041540401,0.40816144750271516,0.9941500198918012,-0.3674799185455711,-0.2232364905892064,No
-0.17079997237029365,-1.2314419177232123,1.2440972473663432,0.5376342861595395,1.852468375614306,-2.455261363975638,-0.9171608384519575,0.4346367882355816,-0.2513328006605118,0.05937147384163499,1.0852736389432496,-0.5246153805333401,-0.06726487195632407,-0.7593556098236252,No
-1.6839712750009157,0.09193554704833523,-1.2561298294512782,-0.9611300230452843,0.9584047137656443,0.9601064138893657,-0.13849120435712314,-1.2051875818561686,0.21369934320168008,-1.4939343538322147,0.1753436752831354,-0.12066003620970228,-0.7795803785583083,-0.014211199349090913,No
-2.012765745450535,0.6159688244728481,-1.7159374648230896,-0.3786156938704555,1.5148831534785827,-0.4008176718976701,1.382193663640316,0.9761532296272227,-0.6807794502706973,1.6243392425383716,0.7427294716252838,-0.08274353450583294,-0.579632567118309,0.286774646301342,No
1.2375253919537492,0.3826418810524597,-1.732858822179729,0.7040053517742512,2.260106445271779,0.5185472204211585,-0.7480935784080662,1.6172815442519681,0.3066740808067167,0.3228094056822789,0.2751258432859275,1.824233674456585,0.6527355862130386,-0.009664824695008997,No
1.5202021893538173,0.6910532383570209,-1.3349055940869368,1.5479257966336077,0.47340793547465193,-1.157859939032486,1.6536953700390753,-0.34591063386617465,-0.20705866828643438,-0.5700567762453986,-0.12747655383077183,-0.4068260924983802,-0.9229303083866868,-0.9772525554837179,No
-2.3463701172059275,-0.6155712134540029,-0.5331310770319195,0.3654325765489258,1.5499291730658866,-1.5449600613672216,-0.024836413915660993,0.08953877841806884,0.20930684264284352,-0.49449383373259737,0.8041728862787104,0.3062886007034284,-0.058445371592131375,-0.7499706059219622,No
-0.10302822620433179,1.0281445854019726,-2.042063647509819,0.4544888809479823,0.034270190816201994,-0.4663028172628106,1.8381100457830273,0.5536862507424647,-0.36178334962530295,-1.3041482147527386,1.6778112535258092,-1.7513612498338123,-0.7977761009350149,0.15710437495450277,No
-2.193731880534062,0.012562592923541062,0.35935315479543506,-0.037551550400991,-0.297628589320116,0.7800658986548946,0.07585851358498868,1.2620414440087657,0.4572189998206425,-1.5464317123499738,0.015145071527372609,-0.8765380255279229,-1.7222875426675206,-0.9533622703072991,No
4.508805556992039,3.5775871085477466,1.5230399826858394,1.804995047065437,0.07450791259901322,-0.1446860002318884,-0.5155741303107608,-0.7361799273055358,-0.815029656562404,0.5605639345911662,0.3849971152507007,0.27556573363268144,0.20425808013522034,1.3325583324995232,No
-2.7129389261783485,-0.5103848066625095,-0.7217432484244982,0.7414733919736624,0.2836956749108846,2.136036308754163,0.2977278299659385,0.45431491142791514,-0.7977254755193439,-0.5715887471602799,-0.4371682452996036,-0.6461270724625847,0.1836408887958622,-1.6477554449459817,No
2.0357954249621035,1.422433699913444,-1.5701807606972535,2.5744525097384083,0.36410021257934155,1.0223017957598919,1.459859290616725,1.5535353429564716,1.0504825916480778,-1.1532480174156354,0.32050434933491184,0.41080097892165174,0.692088574539343,0.2580945965678452,No
-2.2215062139443984,0.8469883348694616,-0.10053280353281109,0.4802887389057068,-0.5524981697840939,0.3758527951451311,0.6036783836184421,-0.5379297024316559,0.4909197095167219,-0.28473451186288706,-0.6671341220611231,0.6840787142521992,-1.452308000680498,-0.15114067299941047,No
0.6200134369736577,-0.2876031336301024,-1.1923341113354555,0.8880333203795888,0.6988023086391968,-0.7037376962659575,-0.5099038543544638,-1.3882680174606252,0.8816291747876782,0.5053006618164855,-1.0415367481126143,-0.2499112559542823,0.5535566805474144,-1.1072346539774625,No
-0.5307221204066458,-1.1131788790665302,0.8038338587247998,1.151313855097339,1.0696721675235967,-0.23123963234412187,-0.9838558182962056,0.6801006757200243,1.330469343285025,-0.1818055933389646,1.1385653492055692,-2.155148936554465,-1.061691384099193,0.7296845688502493,No
-1.295902202625289,1.3987110810836152,2.5549698546633928,0.34298162709472946,1.706681044372255,1.0330928201935996,0.3858715308245488,0.9919424427398469,0.7063839077846797,-0.28541814421557377,1.2121014568270465,1.065644302562084,0.3164012332055307,-1.1163757818915034,No
2.6521053094974283,1.2231716746976407,-0.5807543221292536,1.7366023571086895,0.15608779162640113,1.8226478118597687,0.36080500157319434,0.453452812037449,-2.0235917129830283,-2.9022073168811757,1.0708894798978135,0.0594648130881144,-0.7005048376412238,-1.3737204388279765,No
-1.607214202174933,-1.5976130488837388,-0.2789152616244253,0.5833647573881975,0.2556570195217065,0.7896693030407835,-0.30216836921186235,1.9025950933515312,1.1165935314093152,0.6130015666342518,1.1171487636521986,-0.7040692659018335,0.8421343244465092,0.7010376134657464,No
-2.3020374499412783,0.1192683451593417,-1.6840320391746075,-1.0149608523416969,1.1598039234222028,-1.187784413539542,-0.0011900386412868767,1.4638899369048635,0.47635249707447624,0.3854502690088455,-0.17359583088543815,0.8311661561416588,-0.926774855003855,-0.5693511271508388,No
0.3275713888417943,1.0648071672460724,-0.30946472195170444,0.3592913663739859,0.5557257105015305,0.5897082234840298,1.0616529361088711,-0.1687722736478853,0.02746230371520912,0.7101266752452673,2.184402819699986,0.12992680124350894,0.6046725327718119,1.6828784792442057,No
0.1081197653336398,0.9383964287267169,-1.6100227188206753,0.9885132885936915,1.9779914847542943,1.0152072642261396,0.950261760196596,-0.6145072506122418,-2.081106766848725,1.0111131159380053,1.2475506791563873,0.6579226541672722,0.10626650763055395,-0.38395229969006023,No
-1.4056476929934434,0.10621822400328253,-1.013664775335193,0.5061580518819471,2.251626194935262,-0.6647690949984658,-1.736074898098755,-0.6170581832472923,0.5016708431697418,1.251874347051305,-0.022383212714344417,-1.492907919721454,-0.0992478339994796,1.4625784015721717,No
-1.997561787857317,-1.3340520400850284,1.60092794055317,2.199147322091248,-0.33308431163897595,0.5996130050170113,1.2290371401598632,-1.580589954166763,1.2184699763339049,0.2866438054409737,0.1707365563162112,-0.815567695149184,-0.19639949735155626,-2.021864961539841,No
-1.989152025813657,0.10557312988690337,-0.8542210516104346,0.7678489670804783,2.2631656465845693,-0.3698592135932711,0.07204199510318392,-1.0156981552727145,1.0056916009095098,-0.44679611582643736,-0.11190489543596904,0.35606936841634423,0.5452675655608558,-0.6851843621405396,No
0.517705506484161,-0.1248337881509737,-0.43736789261767517,0.5954478509690257,1.1039213354073352,0.731722069707606,-0.8555987906666512,-1.8911002409909092,0.3760363255411016,0.3585494227719256,-0.7270870632228605,0.538436840462219,-2.38461245127476,0.5280946406073472,No
3.6385005116296725,0.835453120028255,-1.5396541313589287,1.4344594722509354,2.187736049297523,0.7079732127483184,1.039651537204743,-1.7258348742478056,0.18787335373547698,-0.9014783572767108,-2.0042961720730625,-0.22542235717944342,0.2597893331658054,-0.11356810430296901,No
2.187067948795071,1.108105305425711,-0.4942017047978925,0.21579896631070336,1.033929817615127,1.1401272292184057,0.32639037107917057,0.8480236414997567,0.7121665087189846,1.1415632528044588,1.1788446836511148,0.4358717928540056,0.29887894858811626,-1.3187382445130766,No
2.9779153693328007,3.3922178388051982,1.8076196294206996,0.37642724218122847,1.4568819749601662,0.8781425894241166,-0.5218261325073618,0.09098970785673681,1.387947688149178,0.5864513121729146,1.3697447255711581,1.5725934084400417,-1.9944559954563497,-0.6217989736349376,No
-1.4512053202496586,2.5921125442750506,1.799864939905233,1.2119704666442985,-0.3166458219335449,1.006594292666532,0.647709169500305,-0.7319907434715046,-1.559237114504701,-0.8349342673510276,0.6142515319428553,0.5019691589104741,-0.6677952919820958,0.009258702867450863,No
0.05429730375821567,-0.34922304500055196,0.2406510774240152,1.88788067243179,0.8850166953969215,2.117885037388949,-1.5168717302115042,-1.5006200580133262,0.09929674651051981,2.1503832412511463,1.1234868387870496,-0.6972128007242255,-0.3092889061285822,0.09146106473571254,No
-1.2996629025184274,-1.3149698520133624,-0.16863814046948536,-0.31881828290259684,-0.11905966170162188,0.3182928082962574,0.2007664307802363,-0.2626144590052185,1.556408535383091,0.21575325525553585,0.6608156283701478,0.22193360755531885,-0.18786955619015858,-0.18346334607804757,No
-2.6601198512154434,0.12722066902269358,-1.9791085323838025,-0.8989657397775092,1.8909809914487974,-1.8104450432008696,0.7968095084179843,0.8995255728687609,-1.995666825914996,0.014338008811191166,1.8385829592910348,-0.8940551150295963,-0.8891592541716552,-0.19092642127215945,No
1.8945727646069401,-2.2786650827545873,0.6156121515337486,-0.5885697678703983,1.5330051509878768,0.41070049289604377,-0.5514148847502701,-0.6635654962395664,-0.7083608587851764,-0.12052912469849471,0.7280190207561192,0.048528837870081505,-1.915980420616549,-0.9582535980243991,No
-3.0147242795378593,0.5702720709131418,-0.09537985759325011,0.23528725277497875,2.31022695960922,0.7266511648065038,-1.0578097190243998,0.9563888936913647,0.2680313628433736,-1.2175597694220284,2.1563981653482855,-0.2087254668252406,-0.4951424204653705,0.46721346384387774,Yes
0.7007473976475658,0.8325786412845922,-0.039282096290942,1.12407584439136,0.9097884731828125,0.7316667667762363,0.8199953910471597,-1.2276388526250266,-0.39565363923674757,0.508714927722683,-1.3410246727357962,0.5357557058485704,0.027752287876096602,-1.7836534820275527,No
-0.5777961325472633,-1.662399462464615,0.2851856542295604,2.297888272507131,1.1052610846442703,0.6886319264122489,1.2990481874839286,1.783983404775885,-0.2336785123671139,-0.9045164626706448,-0.8892075787246136,-0.18817151437964494,-0.9066400482997938,-1.5290255738824938,No
2.0682177268623723,2.264250532366109,1.7886885832936048,0.8938662987115993,1.3486463240304936,1.0500963607794072,-0.7282463621730603,0.07474273395810625,1.1410250152133983,-0.9178071961804296,2.2112480933560152,0.8241223655286216,0.7432420746416284,-0.993089730256496,No
-1.6138742401562869,-1.276341493855931,0.36788687938192005,1.0740026941872431,1.2071409054578948,1.5751242403710166,1.268018789964945,0.6162826999539921,1.1456867957697225,1.8522772933293277,0.4348200594562296,1.1206515185574084,1.0529820720485807,-1.0643703871663568,Yes
5.031584568848099,-0.8517698449575231,-0.6560644773761952,0.05420426858700373,1.3443810421441127,0.6087852972497614,-0.26360938370476433,-2.2845512404407504,0.25418490645880404,-1.383240525101981,1.1018033270823266,1.1614550019113967,-1.2677610843572873,-0.37864623391624147,No
1.6533037298758397,-0.483168335717464,-1.1571801855615689,1.3148139408897903,-0.4546619015844376,-0.23654417518907153,-0.24973931359651017,0.23411949924897063,0.8998822325559126,-0.9947657506404187,1.1239751797719957,-3.2409364680128436,-0.7388778524647239,-2.2425007508217556,Yes
3.2939545125508807,2.507850518120131,2.2520104697633845,1.4580687658782967,1.3152467113270576,-0.1744953191001213,-0.11442229988714189,-1.6446111600855795,-0.3213837832767077,1.2613065346892498,-0.8934395568327664,-1.1133745785761269,-1.231329398715602,1.5586184886302237,No
0.1936018321514787,2.535978476070088,1.5525876036395723,1.9395664591440762,0.846825068191091,0.1606833852553027,-1.0776585101508098,1.2039154894486974,-0.4230143967686567,1.1525892885139841,-1.8091645395462976,-1.446515104797908,-0.37581946561692575,-0.32053851116315074,No
2.679150975464841,4.493031630216098,0.8651944474693781,1.1955815915472205,2.229839146396729,1.357815849110668,-0.2005101774342945,-0.6215287514980987,0.8687830067812558,-0.5042201322142195,-0.027626178506970193,-1.7742192789503646,1.5958509018541736,-0.6108343457903458,No
0.06959509137080855,-1.0644459536940478,-0.7122250150561289,0.019733447774849935,1.4316510092303132,0.17278271281515645,1.7969253661668132,0.3000714687443639,-0.24416451647114606,-0.09413274351510859,0.4025791008214301,-1.319927744267964,-0.12601800127334464,0.37209934337258727,No
-1.953948286585922,-0.1632807146129826,-1.023277918078945,0.4621891948091488,1.0591812777036855,-2.0997646498014677,0.7553058110968878,0.9317813601839647,0.2469922843811542,-0.5421587960766242,0.8609609795106238,-0.9655254169482994,-0.5764150038260214,-0.11096880241212224,No
0.27232900800174303,-0.16763022737340996,-0.01950382809365428,-0.18045413488629042,0.4688255483934785,1.1047467629011127,-1.6246489890646145,0.039801107724851625,0.65650878643447,1.7803117975552967,0.6882190427286228,-0.11630895515062668,-0.918728240103239,1.9153386866461117,No
0.5388016921078589,0.40933040139014915,-1.621091921694144,1.6486071905300794,0.017371184932247274,-0.11625477526333232,-0.17266993375804635,-1.4726594818883785,-0.091469000552148,0.28680484847182836,-1.40442154274651,1.0654526544421432,-1.2925230585877872,-1.4049878806876628,No
-0.05387529800902812,-2.526103315887222,0.6913304686101207,1.9493419155446907,0.11681811885413093,-0.30646687999232614,1.150179757702907,0.21747455218610806,0.21607953539218805,0.6647221563207987,-0.025511603629387654,-0.2730585896247978,0.5214582406357661,-1.672365122550565,Yes
-0.9255205919555809,-1.1943436989566054,0.2508823333117685,1.738259242764636,0.6796207920440169,2.024432910981276,-0.21005435864043534,-1.2549822015204437,-0.13100571895508623,-0.7774241420699938,-0.3279929897956984,0.3661276302147521,1.115339210903238,0.006155266578011768,No
-0.6986017015019576,-1.6939167332661977,0.7808255103600719,-0.11137149333105316,1.8316874292010126,-0.32254764357657434,-1.5550449211513322,0.8634333192387316,0.4967606761369791,0.969363156465834,1.059657854410459,-0.6025822701868844,-0.4416599093462854,0.17722177159994507,No
-1.4158072115136084,-0.659889764419984,-0.2798265905881245,-0.04548251818171377,-0.3361114692807485,-0.134690813298988,0.7046384220047485,0.07482880874408895,1.8934910396774025,-0.16269937799185352,-0.5020152081697257,-1.2679896767898335,0.19583872373128133,0.7377975326445585,No
-0.5153934227423596,-0.6996987862825728,-0.23655536979772526,1.5135640001304171,0.8146355673924404,0.10340763501887276,-0.5883426509341796,1.6466737194457848,-0.5444240337353091,2.125684848646293,-0.44607685486435006,0.6586814940405314,0.5348772708644779,-0.008400398081944607,No
-0.7469179569385797,-0.8887591896124605,0.04220785467854662,2.87852676503796,0.2503943522227194,1.3638150714566635,1.0263934561048995,1.0480998722039605,0.5123998792125785,-0.1357743866946086,-0.41491155259541,0.6571474313856641,0.6405470376342464,-1.1841079695709256,No
-1.7414822294010455,-0.28476597361438033,-1.1562880212862154,-0.4937467905199617,1.892120532043679,0.16788108330258014,1.6500806757198656,-0.85674770038601,1.021081898664937,1.152406110513289,-0.36711994944241527,-2.2098202469911934,0.8467551684546853,-1.0968904246548985,No
-1.1733459523758478,-0.526964757550427,-0.4212988906418921,-0.06590150656930929,1.8262421667175959,1.6867491691916132,-0.6990786093655714,1.7115186679166219,-0.30482893054935967,-1.1791463165741496,-0.1326820855816138,0.1703132639292947,0.14328861697322,1.3036971223258762,No
-1.5081059027816472,0.3707615457837899,-0.938001907059909,1.8114038176287026,1.3983203230493622,0.10495145537618233,-2.0235705834814466,-0.8366667270313236,0.19668780463537464,-1.3194542413913213,0.6138768946981726,-2.519233894183461,-0.2871516618972455,1.551626721207736,No
0.7276771099740126,-2.038828871476155,0.7813933101459254,0.3687358555644758,2.9685346006790327,0.3985593399870783,-1.2169829666865637,0.6200278123641408,-0.1300020387998735,0.28868313695532793,-0.3229794643565003,-1.5111720281356542,-1.2537954261501487,1.6404135666318693,Yes
3.527610204270503,0.9248100926934905,-1.7294667740479777,0.2996127348523554,1.0558507053006363,2.5909917548663266,-1.0625753637505775,-1.3268500815976174,-1.1806493435767884,-0.520531290708121,-1.0862550924819965,-0.3488810156771081,-1.7769738448640722,0.4696788787613755,No
0.18057112926965438,0.9674143021836696,-0.340413295481555,1.1233637799621314,1.2054189913249145,-1.3522314546247127,0.5395601787291738,-1.0609455312170104,0.6995119952913966,-1.256048671989151,-0.17403658452252355,0.5647340676049126,-1.737912220052368,0.6210080959880895,No
-2.326705497613125,0.42353741714029297,-0.2944243824483941,-1.6183904371085154,0.9858909157493719,0.2481250506069268,-0.6909160167536701,1.2410325120860748,0.7877802045668945,0.15539910192883874,0.43013526210877484,-0.737238442494498,0.09509099792302035,0.47138455618505914,No
-0.7576963342605103,-0.35890554523100104,0.35475810420128584,0.5568456034124493,0.0243817268244282,0.9852085467398375,-0.6832522157956075,0.8032660884475193,0.04818332494838501,1.7010896462999878,0.8179449584544402,-0.1282425500157874,-2.2309220398897276,0.4777135998259871,No
0.8260705883831959,0.04477351543050995,-0.547483711239072,-0.6586290892552727,3.1000029651597,0.6447199215401392,1.0261535492605036,1.3299087803286318,-0.9853759516394648,-1.364340349023296,0.7671802307385331,-0.6837018857981602,-0.8665246919595534,0.5452634480742704,No
-1.2529616180505614,1.7705139932823795,1.7193074850571368,1.9932770683811096,0.6295380439188392,-1.0948679075196732,-0.22727681292894286,-0.5653787659358404,1.2137591382342685,-0.8775764887818976,-0.4475218809434508,1.8555864261843238,-2.3359495348638064,-0.9683895199490528,No
0.9783142811007365,-0.504802115695403,-0.46717445184484435,-0.18704226273214045,0.38611232321196154,-0.3563097118379329,-0.016907857314370296,0.5847084710458843,0.37007070576676565,-1.281546893867409,0.7136207060877099,-1.850576017538559,0.1804237249106069,-0.11422860978201756,No
-1.2069685250744437,-0.5187711387651159,-0.8234157062640565,1.2852442262757762,1.0814584089790595,-0.38601312147117156,0.9923110451879716,-0.3697615655793951,0.4439724223010846,0.40439655976120004,0.5725562692581883,2.2901974801121248,-1.1812164900224282,0.8414843477550067,No
